timestamp_slot,protocol,sender_id,receiver_id,packet_id,status,retry_count
68,Unknown,31,-1,1,success,0
295,Unknown,15,-1,2,success,0
492,Unknown,23,-1,3,success,0
688,Unknown,24,-1,4,success,0
891,Unknown,16,-1,5,success,1
1090,Unknown,45,-1,6,success,0
1290,Unknown,43,-1,7,success,0
1489,Unknown,13,-1,8,success,0
1687,Unknown,46,-1,9,success,0
1904,Unknown,23,-1,10,success,0
2102,Unknown,27,-1,11,success,0
2301,Unknown,15,-1,12,success,0
2515,Unknown,36,-1,13,success,1
2773,Unknown,11,-1,14,success,1
2973,Unknown,5,-1,15,success,1
3212,Unknown,29,-1,16,success,1
3427,Unknown,35,-1,17,success,1
3624,Unknown,4,-1,18,success,1
3822,Unknown,9,-1,19,success,1
4078,Unknown,5,-1,20,success,1
4276,Unknown,3,-1,21,success,0
4475,Unknown,45,-1,22,success,0
4693,Unknown,9,-1,23,success,1
4892,Unknown,9,-1,24,success,0
5089,Unknown,37,-1,25,success,1
5324,Unknown,1,-1,26,success,0
5522,Unknown,0,-1,27,success,0
5718,Unknown,31,-1,28,success,0
5914,Unknown,46,-1,29,success,0
6111,Unknown,38,-1,30,success,0
6308,Unknown,38,-1,31,success,0
6506,Unknown,47,-1,32,success,0
6704,Unknown,15,-1,33,success,0
6973,Unknown,16,-1,34,success,0
7188,Unknown,2,-1,35,success,1
7385,Unknown,25,-1,36,success,0
7618,Unknown,9,-1,37,success,0
7815,Unknown,10,-1,38,success,0
8032,Unknown,11,-1,39,success,1
8231,Unknown,17,-1,40,success,0
8428,Unknown,40,-1,41,success,0
8643,Unknown,38,-1,42,success,0
8840,Unknown,45,-1,43,success,0
9037,Unknown,15,-1,44,success,0
9272,Unknown,32,-1,45,success,1
9543,Unknown,28,-1,46,success,1
9740,Unknown,21,-1,47,success,1
9938,Unknown,16,-1,48,success,1
10136,Unknown,32,-1,49,success,0
10333,Unknown,16,-1,50,success,0
10529,Unknown,42,-1,51,success,0
10726,Unknown,10,-1,52,success,0
10923,Unknown,15,-1,53,success,1
11120,Unknown,35,-1,54,success,1
11316,Unknown,3,-1,55,success,0
11513,Unknown,16,-1,56,success,0
11712,Unknown,11,-1,57,success,1
11927,Unknown,34,-1,58,success,0
12161,Unknown,6,-1,59,success,1
12378,Unknown,18,-1,60,success,0
12613,Unknown,20,-1,61,success,1
12810,Unknown,0,-1,62,success,1
13025,Unknown,34,-1,63,success,1
13260,Unknown,37,-1,64,success,0
13457,Unknown,8,-1,65,success,1
13654,Unknown,39,-1,66,success,1
13906,Unknown,49,-1,67,success,0
14103,Unknown,11,-1,68,success,0
14320,Unknown,42,-1,69,success,1
14517,Unknown,27,-1,70,success,0
14714,Unknown,24,-1,71,success,0
14911,Unknown,8,-1,72,success,0
15183,Unknown,30,-1,73,success,1
15416,Unknown,16,-1,74,success,0
15633,Unknown,45,-1,75,success,1
15831,Unknown,43,-1,76,success,1
16028,Unknown,23,-1,77,success,1
16226,Unknown,6,-1,78,success,0
16426,Unknown,23,-1,79,success,0
16625,Unknown,12,-1,80,success,1
16876,Unknown,32,-1,81,success,0
17073,Unknown,1,-1,82,success,0
17272,Unknown,9,-1,83,success,0
17469,Unknown,31,-1,84,success,0
17723,Unknown,7,-1,85,success,0
17920,Unknown,46,-1,86,success,1
18153,Unknown,23,-1,87,success,0
18368,Unknown,26,-1,88,success,0
18566,Unknown,23,-1,89,success,1
18763,Unknown,20,-1,90,success,0
18961,Unknown,19,-1,91,success,0
19176,Unknown,28,-1,92,success,1
19410,Unknown,47,-1,93,success,0
19607,Unknown,44,-1,94,success,0
19840,Unknown,36,-1,95,success,0
20037,Unknown,21,-1,96,success,1
20235,Unknown,30,-1,97,success,1
20450,Unknown,44,-1,98,success,1
20646,Unknown,18,-1,99,success,0
20842,Unknown,16,-1,100,success,0
21040,Unknown,35,-1,101,success,0
21237,Unknown,34,-1,102,success,0
21528,Unknown,13,-1,103,success,0
21724,Unknown,13,-1,104,success,0
21959,Unknown,39,-1,105,success,1
22173,Unknown,24,-1,106,success,0
22370,Unknown,29,-1,107,success,1
22567,Unknown,41,-1,108,success,1
22785,Unknown,32,-1,109,success,1
22982,Unknown,1,-1,110,success,0
23197,Unknown,8,-1,111,success,0
23394,Unknown,24,-1,112,success,0
23700,Unknown,34,-1,113,success,1
23897,Unknown,4,-1,114,success,1
24095,Unknown,41,-1,115,success,1
24312,Unknown,40,-1,116,success,0
24529,Unknown,46,-1,117,success,1
24744,Unknown,43,-1,118,success,0
24959,Unknown,27,-1,119,success,0
25158,Unknown,48,-1,120,success,0
25374,Unknown,4,-1,121,success,1
25571,Unknown,37,-1,122,success,0
25768,Unknown,29,-1,123,success,1
25983,Unknown,36,-1,124,success,0
26180,Unknown,48,-1,125,success,0
26395,Unknown,25,-1,126,success,0
26664,Unknown,44,-1,127,success,0
26898,Unknown,29,-1,128,success,1
27096,Unknown,42,-1,129,success,1
27348,Unknown,6,-1,130,success,0
27544,Unknown,0,-1,131,success,0
27742,Unknown,8,-1,132,success,1
27939,Unknown,26,-1,133,success,1
28173,Unknown,29,-1,134,success,1
28370,Unknown,3,-1,135,success,1
28567,Unknown,24,-1,136,success,0
28801,Unknown,17,-1,137,success,0
28998,Unknown,30,-1,138,success,1
29195,Unknown,19,-1,139,success,1
29411,Unknown,32,-1,140,success,0
29628,Unknown,1,-1,141,success,0
29953,Unknown,13,-1,142,success,1
30204,Unknown,38,-1,143,success,0
30401,Unknown,45,-1,144,success,1
30598,Unknown,26,-1,145,success,0
30795,Unknown,46,-1,146,success,1
31013,Unknown,18,-1,147,success,1
31209,Unknown,24,-1,148,success,0
31497,Unknown,26,-1,149,success,0
31750,Unknown,3,-1,150,success,1
32003,Unknown,14,-1,151,success,1
32199,Unknown,23,-1,152,success,0
32396,Unknown,25,-1,153,success,1
32615,Unknown,1,-1,154,success,1
32812,Unknown,14,-1,155,success,0
33008,Unknown,5,-1,156,success,0
33223,Unknown,46,-1,157,success,1
33421,Unknown,39,-1,158,success,1
33620,Unknown,10,-1,159,success,0
33818,Unknown,45,-1,160,success,1
34051,Unknown,10,-1,161,success,0
34248,Unknown,12,-1,162,success,0
34463,Unknown,4,-1,163,success,0
34660,Unknown,36,-1,164,success,1
34857,Unknown,1,-1,165,success,0
35054,Unknown,25,-1,166,success,0
35304,Unknown,24,-1,167,success,1
35520,Unknown,3,-1,168,success,1
35793,Unknown,29,-1,169,success,1
35989,Unknown,37,-1,170,success,0
36186,Unknown,21,-1,171,success,1
36383,Unknown,0,-1,172,success,0
36598,Unknown,19,-1,173,success,1
36831,Unknown,7,-1,174,success,0
37118,Unknown,33,-1,175,success,1
37333,Unknown,48,-1,176,success,0
37530,Unknown,17,-1,177,success,1
37781,Unknown,30,-1,178,success,0
37995,Unknown,12,-1,179,success,0
38212,Unknown,11,-1,180,success,1
38427,Unknown,14,-1,181,success,1
38624,Unknown,5,-1,182,success,0
38840,Unknown,45,-1,183,success,0
39054,Unknown,26,-1,184,success,0
39289,Unknown,47,-1,185,success,1
39485,Unknown,39,-1,186,success,0
39682,Unknown,7,-1,187,success,1
39879,Unknown,35,-1,188,success,0
40076,Unknown,17,-1,189,success,0
40274,Unknown,0,-1,190,success,0
40526,Unknown,39,-1,191,success,0
40724,Unknown,10,-1,192,success,1
40974,Unknown,35,-1,193,success,1
41171,Unknown,30,-1,194,success,0
41369,Unknown,47,-1,195,success,0
41584,Unknown,35,-1,196,success,0
41799,Unknown,2,-1,197,success,0
42034,Unknown,41,-1,198,success,0
42231,Unknown,10,-1,199,success,0
42428,Unknown,40,-1,200,success,1
42624,Unknown,36,-1,201,success,0
42858,Unknown,24,-1,202,success,1
43058,Unknown,9,-1,203,success,0
43255,Unknown,48,-1,204,success,0
43452,Unknown,17,-1,205,success,0
43649,Unknown,1,-1,206,success,1
43846,Unknown,42,-1,207,success,1
44042,Unknown,42,-1,208,success,0
44240,Unknown,1,-1,209,success,0
44437,Unknown,6,-1,210,success,1
44671,Unknown,24,-1,211,success,0
44940,Unknown,12,-1,212,success,1
45137,Unknown,27,-1,213,success,1
45334,Unknown,0,-1,214,success,0
45531,Unknown,11,-1,215,success,0
45728,Unknown,8,-1,216,success,0
45925,Unknown,0,-1,217,success,0
46123,Unknown,31,-1,218,success,1
46320,Unknown,41,-1,219,success,0
46519,Unknown,37,-1,220,success,0
46734,Unknown,43,-1,221,success,0
46932,Unknown,31,-1,222,success,0
47186,Unknown,41,-1,223,success,0
47401,Unknown,3,-1,224,success,1
47598,Unknown,39,-1,225,success,1
47813,Unknown,26,-1,226,success,1
48010,Unknown,23,-1,227,success,0
48207,Unknown,37,-1,228,success,1
48404,Unknown,35,-1,229,success,0
48601,Unknown,14,-1,230,success,1
48802,Unknown,36,-1,231,success,1
48999,Unknown,39,-1,232,success,0
49196,Unknown,40,-1,233,success,0
49411,Unknown,7,-1,234,success,0
49645,Unknown,12,-1,235,success,0
49842,Unknown,5,-1,236,success,0
50039,Unknown,42,-1,237,success,0
50236,Unknown,45,-1,238,success,1
50451,Unknown,47,-1,239,success,0
50649,Unknown,2,-1,240,success,0
50900,Unknown,23,-1,241,success,1
51116,Unknown,45,-1,242,success,0
51331,Unknown,42,-1,243,success,0
51546,Unknown,48,-1,244,success,0
51743,Unknown,10,-1,245,success,0
51975,Unknown,7,-1,246,success,0
52212,Unknown,10,-1,247,success,0
52463,Unknown,46,-1,248,success,1
52733,Unknown,27,-1,249,success,1
52930,Unknown,14,-1,250,success,1
53127,Unknown,33,-1,251,success,0
53325,Unknown,34,-1,252,success,1
53539,Unknown,22,-1,253,success,0
53736,Unknown,20,-1,254,success,0
53933,Unknown,42,-1,255,success,0
54130,Unknown,36,-1,256,success,1
54327,Unknown,10,-1,257,success,0
54524,Unknown,21,-1,258,success,0
54741,Unknown,23,-1,259,success,0
54938,Unknown,41,-1,260,success,0
55189,Unknown,4,-1,261,success,0
55385,Unknown,0,-1,262,success,0
55582,Unknown,3,-1,263,success,0
55779,Unknown,32,-1,264,success,0
55976,Unknown,20,-1,265,success,0
56209,Unknown,40,-1,266,success,0
56406,Unknown,2,-1,267,success,1
56603,Unknown,12,-1,268,success,1
56800,Unknown,34,-1,269,success,1
56997,Unknown,20,-1,270,success,0
57194,Unknown,24,-1,271,success,1
57390,Unknown,24,-1,272,success,0
57695,Unknown,35,-1,273,success,0
57910,Unknown,2,-1,274,success,1
58125,Unknown,48,-1,275,success,1
58322,Unknown,8,-1,276,success,0
58556,Unknown,29,-1,277,success,0
58753,Unknown,43,-1,278,success,0
58950,Unknown,11,-1,279,success,0
59237,Unknown,12,-1,280,success,0
59433,Unknown,40,-1,281,success,0
59667,Unknown,29,-1,282,success,0
59864,Unknown,7,-1,283,success,0
60097,Unknown,39,-1,284,success,0
60331,Unknown,49,-1,285,success,1
60528,Unknown,42,-1,286,success,1
60725,Unknown,0,-1,287,success,0
60923,Unknown,15,-1,288,success,0
61139,Unknown,41,-1,289,success,1
61337,Unknown,25,-1,290,success,1
61570,Unknown,4,-1,291,success,1
61769,Unknown,11,-1,292,success,0
61966,Unknown,44,-1,293,success,0
62181,Unknown,40,-1,294,success,0
62395,Unknown,32,-1,295,success,1
62592,Unknown,48,-1,296,success,1
62789,Unknown,25,-1,297,success,0
62987,Unknown,40,-1,298,success,0
63221,Unknown,42,-1,299,success,0
63418,Unknown,24,-1,300,success,1
63634,Unknown,46,-1,301,success,0
63867,Unknown,7,-1,302,success,1
64063,Unknown,5,-1,303,success,0
64281,Unknown,44,-1,304,success,0
64568,Unknown,19,-1,305,success,0
64784,Unknown,7,-1,306,success,0
64981,Unknown,6,-1,307,success,1
65178,Unknown,13,-1,308,success,1
65375,Unknown,0,-1,309,success,0
65737,Unknown,35,-1,310,success,1
65970,Unknown,18,-1,311,success,1
66168,Unknown,4,-1,312,success,0
66404,Unknown,39,-1,313,success,1
66601,Unknown,46,-1,314,success,0
66819,Unknown,47,-1,315,success,0
67107,Unknown,45,-1,316,success,0
67323,Unknown,47,-1,317,success,1
67542,Unknown,42,-1,318,success,1
67757,Unknown,24,-1,319,success,1
67954,Unknown,4,-1,320,success,1
68152,Unknown,44,-1,321,success,1
68370,Unknown,27,-1,322,success,0
68568,Unknown,24,-1,323,success,0
68801,Unknown,25,-1,324,success,1
69000,Unknown,27,-1,325,success,0
69196,Unknown,39,-1,326,success,0
69410,Unknown,39,-1,327,success,1
69626,Unknown,41,-1,328,success,0
69823,Unknown,30,-1,329,success,0
70041,Unknown,10,-1,330,success,1
70331,Unknown,19,-1,331,success,0
70527,Unknown,16,-1,332,success,0
70726,Unknown,20,-1,333,success,0
70922,Unknown,28,-1,334,success,0
71174,Unknown,38,-1,335,success,0
71373,Unknown,36,-1,336,success,0
71570,Unknown,44,-1,337,success,0
71767,Unknown,26,-1,338,success,1
71963,Unknown,41,-1,339,success,0
72179,Unknown,45,-1,340,success,0
72377,Unknown,39,-1,341,success,1
72574,Unknown,38,-1,342,success,0
72771,Unknown,40,-1,343,success,0
73022,Unknown,25,-1,344,success,0
73218,Unknown,11,-1,345,success,0
73415,Unknown,18,-1,346,success,1
73648,Unknown,49,-1,347,success,0
73845,Unknown,21,-1,348,success,0
74059,Unknown,13,-1,349,success,0
74256,Unknown,29,-1,350,success,0
74452,Unknown,15,-1,351,success,0
74649,Unknown,33,-1,352,success,0
74939,Unknown,31,-1,353,success,0
75171,Unknown,19,-1,354,success,1
75386,Unknown,6,-1,355,success,0
75583,Unknown,9,-1,356,success,0
75838,Unknown,38,-1,357,success,1
76073,Unknown,21,-1,358,success,1
76270,Unknown,43,-1,359,success,0
76484,Unknown,38,-1,360,success,1
76681,Unknown,44,-1,361,success,0
76896,Unknown,17,-1,362,success,1
77111,Unknown,49,-1,363,success,0
77346,Unknown,2,-1,364,success,0
77543,Unknown,40,-1,365,success,1
77759,Unknown,45,-1,366,success,0
77976,Unknown,40,-1,367,success,0
78191,Unknown,30,-1,368,success,1
78388,Unknown,49,-1,369,success,1
78603,Unknown,10,-1,370,success,0
78800,Unknown,15,-1,371,success,0
79034,Unknown,9,-1,372,success,1
79231,Unknown,46,-1,373,success,1
79427,Unknown,46,-1,374,success,0
79624,Unknown,40,-1,375,success,0
79821,Unknown,20,-1,376,success,1
80018,Unknown,37,-1,377,success,1
80324,Unknown,2,-1,378,success,0
80521,Unknown,21,-1,379,success,0
80739,Unknown,12,-1,380,success,1
80936,Unknown,9,-1,381,success,1
81132,Unknown,9,-1,382,success,0
81330,Unknown,47,-1,383,success,0
81544,Unknown,12,-1,384,success,1
81741,Unknown,21,-1,385,success,0
81938,Unknown,36,-1,386,success,0
82190,Unknown,49,-1,387,success,0
82389,Unknown,38,-1,388,success,0
82623,Unknown,22,-1,389,success,0
82819,Unknown,22,-1,390,success,0
83034,Unknown,4,-1,391,success,0
83231,Unknown,30,-1,392,success,1
83428,Unknown,43,-1,393,success,1
83625,Unknown,27,-1,394,success,1
83822,Unknown,20,-1,395,success,0
84056,Unknown,3,-1,396,success,1
84271,Unknown,32,-1,397,success,0
84468,Unknown,19,-1,398,success,0
84683,Unknown,48,-1,399,success,0
84880,Unknown,11,-1,400,success,0
85114,Unknown,25,-1,401,success,1
85311,Unknown,31,-1,402,success,0
85543,Unknown,16,-1,403,success,0
85830,Unknown,34,-1,404,success,1
86027,Unknown,19,-1,405,success,1
86259,Unknown,34,-1,406,success,0
86510,Unknown,4,-1,407,success,1
86710,Unknown,4,-1,408,success,0
86944,Unknown,18,-1,409,success,0
87141,Unknown,40,-1,410,success,1
87392,Unknown,45,-1,411,success,1
87589,Unknown,9,-1,412,success,0
87804,Unknown,9,-1,413,success,0
88020,Unknown,38,-1,414,success,1
88290,Unknown,16,-1,415,success,1
88487,Unknown,11,-1,416,success,1
88683,Unknown,24,-1,417,success,0
88881,Unknown,0,-1,418,success,0
89078,Unknown,21,-1,419,success,1
89329,Unknown,15,-1,420,success,1
89566,Unknown,23,-1,421,success,1
89763,Unknown,31,-1,422,success,0
89961,Unknown,14,-1,423,success,1
90176,Unknown,22,-1,424,success,0
90372,Unknown,3,-1,425,success,0
90605,Unknown,43,-1,426,success,0
90803,Unknown,48,-1,427,success,0
91017,Unknown,31,-1,428,success,1
91213,Unknown,31,-1,429,success,0
91410,Unknown,45,-1,430,success,0
91607,Unknown,18,-1,431,success,1
91859,Unknown,22,-1,432,success,1
92093,Unknown,4,-1,433,success,0
92326,Unknown,27,-1,434,success,0
92523,Unknown,12,-1,435,success,0
92720,Unknown,10,-1,436,success,0
92935,Unknown,9,-1,437,success,0
93132,Unknown,17,-1,438,success,1
93348,Unknown,18,-1,439,success,0
93546,Unknown,13,-1,440,success,0
93763,Unknown,12,-1,441,success,0
93981,Unknown,6,-1,442,success,1
94178,Unknown,45,-1,443,success,1
94375,Unknown,6,-1,444,success,0
94571,Unknown,40,-1,445,success,0
94770,Unknown,8,-1,446,success,0
94966,Unknown,26,-1,447,success,0
95257,Unknown,31,-1,448,success,0
95453,Unknown,43,-1,449,success,0
95650,Unknown,48,-1,450,success,0
95883,Unknown,0,-1,451,success,0
96080,Unknown,37,-1,452,success,0
96279,Unknown,41,-1,453,success,0
96495,Unknown,8,-1,454,success,0
96710,Unknown,45,-1,455,success,1
96925,Unknown,39,-1,456,success,1
97122,Unknown,0,-1,457,success,0
97374,Unknown,44,-1,458,success,1
97573,Unknown,32,-1,459,success,0
97773,Unknown,12,-1,460,success,0
97969,Unknown,12,-1,461,success,0
98166,Unknown,1,-1,462,success,0
98363,Unknown,32,-1,463,success,0
98580,Unknown,4,-1,464,success,0
98777,Unknown,15,-1,465,success,0
98974,Unknown,38,-1,466,success,0
99171,Unknown,36,-1,467,success,0
99368,Unknown,33,-1,468,success,1
99657,Unknown,8,-1,469,success,1
99873,Unknown,12,-1,470,success,1
100088,Unknown,16,-1,471,success,1
100285,Unknown,31,-1,472,success,0
100484,Unknown,5,-1,473,success,1
100682,Unknown,43,-1,474,success,0
100878,Unknown,27,-1,475,success,0
101075,Unknown,47,-1,476,success,0
101290,Unknown,20,-1,477,success,0
101505,Unknown,11,-1,478,success,1
101740,Unknown,34,-1,479,success,0
101938,Unknown,6,-1,480,success,1
102157,Unknown,9,-1,481,success,0
102354,Unknown,1,-1,482,success,0
102553,Unknown,23,-1,483,success,1
102750,Unknown,7,-1,484,success,1
102968,Unknown,22,-1,485,success,1
103165,Unknown,7,-1,486,success,1
103381,Unknown,26,-1,487,success,1
103578,Unknown,49,-1,488,success,0
103775,Unknown,10,-1,489,success,0
103972,Unknown,23,-1,490,success,0
104187,Unknown,49,-1,491,success,0
104384,Unknown,44,-1,492,success,0
104602,Unknown,2,-1,493,success,0
104818,Unknown,47,-1,494,success,1
105015,Unknown,7,-1,495,success,0
105211,Unknown,11,-1,496,success,0
105410,Unknown,48,-1,497,success,0
105607,Unknown,21,-1,498,success,0
105859,Unknown,42,-1,499,success,0
106077,Unknown,11,-1,500,success,0
106292,Unknown,2,-1,501,success,1
106566,Unknown,46,-1,502,success,1
106766,Unknown,5,-1,503,success,1
106964,Unknown,33,-1,504,success,1
107197,Unknown,34,-1,505,success,1
107412,Unknown,22,-1,506,success,0
107609,Unknown,8,-1,507,success,0
107806,Unknown,28,-1,508,success,0
108021,Unknown,34,-1,509,success,0
108218,Unknown,34,-1,510,success,0
108452,Unknown,49,-1,511,success,0
108649,Unknown,16,-1,512,success,1
108901,Unknown,8,-1,513,success,0
109153,Unknown,47,-1,514,success,0
109371,Unknown,20,-1,515,success,1
109571,Unknown,15,-1,516,success,0
109768,Unknown,48,-1,517,success,1
109965,Unknown,20,-1,518,success,0
110162,Unknown,41,-1,519,success,1
110377,Unknown,33,-1,520,success,1
110574,Unknown,36,-1,521,success,0
110792,Unknown,7,-1,522,success,1
111043,Unknown,10,-1,523,success,0
111275,Unknown,19,-1,524,success,1
111473,Unknown,9,-1,525,success,0
111670,Unknown,29,-1,526,success,0
111871,Unknown,46,-1,527,success,0
112086,Unknown,30,-1,528,success,1
112337,Unknown,12,-1,529,success,0
112534,Unknown,20,-1,530,success,0
112750,Unknown,31,-1,531,success,1
112946,Unknown,1,-1,532,success,0
113217,Unknown,2,-1,533,success,1
113450,Unknown,25,-1,534,success,1
113700,Unknown,26,-1,535,success,1
113915,Unknown,39,-1,536,success,1
114130,Unknown,41,-1,537,success,1
114327,Unknown,14,-1,538,success,0
114542,Unknown,25,-1,539,success,0
114739,Unknown,34,-1,540,success,0
114954,Unknown,28,-1,541,success,0
115151,Unknown,7,-1,542,success,1
115365,Unknown,24,-1,543,success,1
115580,Unknown,45,-1,544,success,0
115832,Unknown,1,-1,545,success,1
116029,Unknown,12,-1,546,success,0
116297,Unknown,37,-1,547,success,0
116494,Unknown,6,-1,548,success,1
116729,Unknown,2,-1,549,success,1
116944,Unknown,4,-1,550,success,1
117141,Unknown,46,-1,551,success,0
117337,Unknown,3,-1,552,success,0
117570,Unknown,8,-1,553,success,1
117821,Unknown,44,-1,554,success,1
118072,Unknown,3,-1,555,success,1
118269,Unknown,49,-1,556,success,0
118466,Unknown,34,-1,557,success,0
118663,Unknown,14,-1,558,success,0
118860,Unknown,31,-1,559,success,0
119075,Unknown,33,-1,560,success,0
119290,Unknown,13,-1,561,success,0
119487,Unknown,41,-1,562,success,1
119756,Unknown,46,-1,563,success,0
120008,Unknown,2,-1,564,success,1
120205,Unknown,22,-1,565,success,1
120421,Unknown,18,-1,566,success,0
120618,Unknown,23,-1,567,success,1
120852,Unknown,35,-1,568,success,1
121049,Unknown,19,-1,569,success,1
121246,Unknown,19,-1,570,success,0
121444,Unknown,10,-1,571,success,1
121678,Unknown,8,-1,572,success,1
121875,Unknown,12,-1,573,success,1
122072,Unknown,41,-1,574,success,1
122305,Unknown,43,-1,575,success,0
122522,Unknown,36,-1,576,success,1
122720,Unknown,10,-1,577,success,0
122917,Unknown,16,-1,578,success,1
123114,Unknown,44,-1,579,success,0
123311,Unknown,41,-1,580,success,0
123526,Unknown,26,-1,581,success,1
123723,Unknown,45,-1,582,success,1
123957,Unknown,36,-1,583,success,0
124154,Unknown,2,-1,584,success,0
124376,Unknown,34,-1,585,success,1
124573,Unknown,25,-1,586,success,0
124864,Unknown,16,-1,587,success,1
125080,Unknown,12,-1,588,success,1
125277,Unknown,19,-1,589,success,0
125492,Unknown,41,-1,590,success,1
125691,Unknown,29,-1,591,success,1
125888,Unknown,16,-1,592,success,0
126084,Unknown,37,-1,593,success,0
126300,Unknown,41,-1,594,success,0
126496,Unknown,13,-1,595,success,0
126729,Unknown,1,-1,596,success,1
126962,Unknown,6,-1,597,success,0
127159,Unknown,49,-1,598,success,1
127428,Unknown,38,-1,599,success,1
127661,Unknown,28,-1,600,success,1
127858,Unknown,38,-1,601,success,0
128055,Unknown,49,-1,602,success,0
128252,Unknown,23,-1,603,success,0
128449,Unknown,44,-1,604,success,1
128647,Unknown,1,-1,605,success,1
128844,Unknown,32,-1,606,success,1
129041,Unknown,31,-1,607,success,1
129238,Unknown,39,-1,608,success,0
129471,Unknown,0,-1,609,success,1
129707,Unknown,8,-1,610,success,1
129904,Unknown,44,-1,611,success,1
130175,Unknown,4,-1,612,success,1
130390,Unknown,44,-1,613,success,1
130623,Unknown,34,-1,614,success,0
130820,Unknown,20,-1,615,success,1
131017,Unknown,19,-1,616,success,0
131250,Unknown,45,-1,617,success,0
131447,Unknown,4,-1,618,success,0
131720,Unknown,43,-1,619,success,0
131935,Unknown,49,-1,620,success,0
132132,Unknown,12,-1,621,success,1
132328,Unknown,14,-1,622,success,0
132544,Unknown,33,-1,623,success,0
132759,Unknown,4,-1,624,success,1
132974,Unknown,43,-1,625,success,1
133265,Unknown,44,-1,626,success,1
133462,Unknown,37,-1,627,success,1
133659,Unknown,46,-1,628,success,1
133859,Unknown,34,-1,629,success,0
134075,Unknown,35,-1,630,success,1
134272,Unknown,33,-1,631,success,0
134469,Unknown,7,-1,632,success,1
134666,Unknown,10,-1,633,success,1
134862,Unknown,31,-1,634,success,0
135077,Unknown,13,-1,635,success,1
135274,Unknown,6,-1,636,success,0
135471,Unknown,29,-1,637,success,0
135668,Unknown,42,-1,638,success,1
135864,Unknown,13,-1,639,success,0
136079,Unknown,10,-1,640,success,0
136276,Unknown,0,-1,641,success,0
136565,Unknown,37,-1,642,success,1
136780,Unknown,21,-1,643,success,0
136977,Unknown,23,-1,644,success,0
137192,Unknown,8,-1,645,success,1
137478,Unknown,44,-1,646,success,1
137713,Unknown,2,-1,647,success,0
137910,Unknown,38,-1,648,success,1
138143,Unknown,16,-1,649,success,1
138376,Unknown,41,-1,650,success,1
138573,Unknown,44,-1,651,success,1
138770,Unknown,26,-1,652,success,1
138985,Unknown,32,-1,653,success,1
139183,Unknown,30,-1,654,success,0
139419,Unknown,16,-1,655,success,0
139634,Unknown,38,-1,656,success,1
139831,Unknown,25,-1,657,success,0
140045,Unknown,42,-1,658,success,1
140283,Unknown,29,-1,659,success,0
140483,Unknown,31,-1,660,success,0
140698,Unknown,20,-1,661,success,1
140916,Unknown,22,-1,662,success,1
141132,Unknown,41,-1,663,success,0
141330,Unknown,30,-1,664,success,1
141528,Unknown,33,-1,665,success,0
141724,Unknown,21,-1,666,success,0
141922,Unknown,20,-1,667,success,0
142173,Unknown,12,-1,668,success,1
142519,Unknown,13,-1,669,success,0
142716,Unknown,38,-1,670,success,0
142932,Unknown,9,-1,671,success,0
143130,Unknown,24,-1,672,success,0
143327,Unknown,33,-1,673,success,1
143524,Unknown,49,-1,674,success,1
143720,Unknown,49,-1,675,success,0
143917,Unknown,48,-1,676,success,1
144113,Unknown,49,-1,677,success,0
144310,Unknown,6,-1,678,success,0
144506,Unknown,25,-1,679,success,0
144720,Unknown,46,-1,680,success,1
144917,Unknown,28,-1,681,success,1
145114,Unknown,20,-1,682,success,0
145366,Unknown,31,-1,683,success,1
145562,Unknown,31,-1,684,success,0
145776,Unknown,30,-1,685,success,0
145973,Unknown,33,-1,686,success,0
146170,Unknown,9,-1,687,success,1
146367,Unknown,15,-1,688,success,0
146563,Unknown,8,-1,689,success,0
146795,Unknown,42,-1,690,success,1
147049,Unknown,40,-1,691,success,0
147284,Unknown,41,-1,692,success,1
147499,Unknown,41,-1,693,success,0
147717,Unknown,34,-1,694,success,0
147934,Unknown,14,-1,695,success,0
148130,Unknown,47,-1,696,success,0
148327,Unknown,2,-1,697,success,0
148523,Unknown,15,-1,698,success,0
148737,Unknown,17,-1,699,success,1
149007,Unknown,34,-1,700,success,1
149204,Unknown,10,-1,701,success,0
149400,Unknown,13,-1,702,success,0
149615,Unknown,29,-1,703,success,1
149848,Unknown,30,-1,704,success,0
150045,Unknown,41,-1,705,success,0
150263,Unknown,9,-1,706,success,0
150459,Unknown,34,-1,707,success,0
150674,Unknown,33,-1,708,success,0
150870,Unknown,33,-1,709,success,0
151107,Unknown,32,-1,710,success,0
151327,Unknown,27,-1,711,success,1
151524,Unknown,27,-1,712,success,0
151723,Unknown,31,-1,713,success,0
151994,Unknown,0,-1,714,success,0
152191,Unknown,13,-1,715,success,1
152390,Unknown,17,-1,716,success,0
152587,Unknown,1,-1,717,success,1
152802,Unknown,48,-1,718,success,0
152999,Unknown,39,-1,719,success,0
153215,Unknown,43,-1,720,success,1
153413,Unknown,30,-1,721,success,1
153631,Unknown,38,-1,722,success,1
153827,Unknown,11,-1,723,success,0
154042,Unknown,36,-1,724,success,1
154239,Unknown,7,-1,725,success,1
154436,Unknown,12,-1,726,success,0
154670,Unknown,35,-1,727,success,1
154958,Unknown,40,-1,728,success,1
155155,Unknown,24,-1,729,success,1
155352,Unknown,35,-1,730,success,0
155549,Unknown,10,-1,731,success,0
155747,Unknown,44,-1,732,success,1
155964,Unknown,3,-1,733,success,0
156161,Unknown,26,-1,734,success,0
156377,Unknown,2,-1,735,success,0
156574,Unknown,47,-1,736,success,1
156772,Unknown,27,-1,737,success,1
156970,Unknown,20,-1,738,success,0
157222,Unknown,43,-1,739,success,1
157437,Unknown,37,-1,740,success,0
157634,Unknown,34,-1,741,success,1
157867,Unknown,32,-1,742,success,0
158065,Unknown,27,-1,743,success,0
158262,Unknown,45,-1,744,success,0
158514,Unknown,38,-1,745,success,0
158730,Unknown,3,-1,746,success,1
158946,Unknown,18,-1,747,success,1
159161,Unknown,0,-1,748,success,1
159357,Unknown,16,-1,749,success,0
159589,Unknown,29,-1,750,success,0
159805,Unknown,24,-1,751,success,1
160002,Unknown,35,-1,752,success,1
160199,Unknown,47,-1,753,success,1
160396,Unknown,4,-1,754,success,0
160593,Unknown,5,-1,755,success,1
160808,Unknown,0,-1,756,success,0
161023,Unknown,17,-1,757,success,1
161239,Unknown,2,-1,758,success,0
161436,Unknown,43,-1,759,success,0
161634,Unknown,16,-1,760,success,0
161831,Unknown,32,-1,761,success,0
162029,Unknown,48,-1,762,success,0
162228,Unknown,35,-1,763,success,0
162425,Unknown,24,-1,764,success,1
162728,Unknown,41,-1,765,success,1
162925,Unknown,29,-1,766,success,0
163140,Unknown,27,-1,767,success,1
163355,Unknown,20,-1,768,success,1
163553,Unknown,10,-1,769,success,0
163771,Unknown,43,-1,770,success,0
163968,Unknown,29,-1,771,success,0
164165,Unknown,0,-1,772,success,1
164398,Unknown,13,-1,773,success,0
164651,Unknown,25,-1,774,success,1
164866,Unknown,21,-1,775,success,0
165063,Unknown,43,-1,776,success,0
165260,Unknown,21,-1,777,success,0
165457,Unknown,28,-1,778,success,0
165654,Unknown,31,-1,779,success,0
165889,Unknown,7,-1,780,success,0
166109,Unknown,14,-1,781,success,1
166306,Unknown,6,-1,782,success,0
166504,Unknown,27,-1,783,success,1
166701,Unknown,1,-1,784,success,1
166898,Unknown,18,-1,785,success,1
167095,Unknown,36,-1,786,success,0
167310,Unknown,12,-1,787,success,0
167583,Unknown,48,-1,788,success,1
167801,Unknown,24,-1,789,success,0
168016,Unknown,16,-1,790,success,0
168248,Unknown,40,-1,791,success,0
168445,Unknown,10,-1,792,success,0
168643,Unknown,31,-1,793,success,1
168839,Unknown,44,-1,794,success,0
169036,Unknown,19,-1,795,success,0
169234,Unknown,28,-1,796,success,1
169449,Unknown,10,-1,797,success,0
169664,Unknown,44,-1,798,success,0
169861,Unknown,24,-1,799,success,0
170076,Unknown,16,-1,800,success,0
170292,Unknown,45,-1,801,success,0
170489,Unknown,48,-1,802,success,0
170686,Unknown,24,-1,803,success,0
171012,Unknown,9,-1,804,success,1
171227,Unknown,4,-1,805,success,0
171442,Unknown,16,-1,806,success,1
171639,Unknown,30,-1,807,success,1
171838,Unknown,17,-1,808,success,1
172035,Unknown,16,-1,809,success,0
172232,Unknown,41,-1,810,success,0
172447,Unknown,21,-1,811,success,0
172644,Unknown,0,-1,812,success,1
172841,Unknown,30,-1,813,success,0
173038,Unknown,15,-1,814,success,0
173234,Unknown,24,-1,815,success,0
173466,Unknown,49,-1,816,success,1
173681,Unknown,48,-1,817,success,1
173896,Unknown,38,-1,818,success,1
174111,Unknown,0,-1,819,success,0
174326,Unknown,47,-1,820,success,0
174577,Unknown,18,-1,821,success,0
174793,Unknown,32,-1,822,success,1
174990,Unknown,27,-1,823,success,1
175205,Unknown,29,-1,824,success,1
175530,Unknown,4,-1,825,success,0
175727,Unknown,31,-1,826,success,1
175960,Unknown,30,-1,827,success,1
176158,Unknown,1,-1,828,success,1
176373,Unknown,38,-1,829,success,0
176607,Unknown,35,-1,830,success,1
176803,Unknown,40,-1,831,success,0
177054,Unknown,20,-1,832,success,0
177307,Unknown,31,-1,833,success,0
177542,Unknown,7,-1,834,success,0
177738,Unknown,17,-1,835,success,0
177992,Unknown,1,-1,836,success,1
178207,Unknown,41,-1,837,success,0
178422,Unknown,7,-1,838,success,1
178639,Unknown,33,-1,839,success,0
178854,Unknown,9,-1,840,success,0
179069,Unknown,48,-1,841,success,0
179287,Unknown,22,-1,842,success,1
179526,Unknown,6,-1,843,success,0
179741,Unknown,27,-1,844,success,1
179938,Unknown,20,-1,845,success,1
180136,Unknown,22,-1,846,success,0
180332,Unknown,8,-1,847,success,0
180529,Unknown,44,-1,848,success,1
180726,Unknown,19,-1,849,success,0
180923,Unknown,38,-1,850,success,0
181174,Unknown,25,-1,851,success,1
181389,Unknown,7,-1,852,success,1
181605,Unknown,28,-1,853,success,0
181858,Unknown,49,-1,854,success,0
182073,Unknown,27,-1,855,success,0
182270,Unknown,9,-1,856,success,1
182468,Unknown,19,-1,857,success,1
182683,Unknown,19,-1,858,success,1
182883,Unknown,3,-1,859,success,1
183080,Unknown,3,-1,860,success,0
183276,Unknown,3,-1,861,success,0
183527,Unknown,17,-1,862,success,1
183742,Unknown,36,-1,863,success,1
183939,Unknown,45,-1,864,success,0
184193,Unknown,29,-1,865,success,1
184390,Unknown,45,-1,866,success,0
184624,Unknown,8,-1,867,success,1
184839,Unknown,39,-1,868,success,1
185036,Unknown,2,-1,869,success,1
185270,Unknown,18,-1,870,success,0
185467,Unknown,26,-1,871,success,0
185663,Unknown,26,-1,872,success,0
185879,Unknown,35,-1,873,success,1
186114,Unknown,19,-1,874,success,0
186347,Unknown,30,-1,875,success,0
186544,Unknown,27,-1,876,success,1
186744,Unknown,43,-1,877,success,1
186943,Unknown,29,-1,878,success,0
187141,Unknown,41,-1,879,success,0
187374,Unknown,49,-1,880,success,0
187571,Unknown,8,-1,881,success,0
187788,Unknown,36,-1,882,success,1
188024,Unknown,9,-1,883,success,1
188240,Unknown,18,-1,884,success,1
188454,Unknown,29,-1,885,success,1
188651,Unknown,9,-1,886,success,1
188903,Unknown,7,-1,887,success,0
189118,Unknown,39,-1,888,success,1
189316,Unknown,35,-1,889,success,0
189532,Unknown,39,-1,890,success,0
189729,Unknown,43,-1,891,success,1
189926,Unknown,48,-1,892,success,1
190124,Unknown,1,-1,893,success,0
190377,Unknown,32,-1,894,success,0
190574,Unknown,32,-1,895,success,0
190789,Unknown,19,-1,896,success,0
191022,Unknown,33,-1,897,success,0
191239,Unknown,11,-1,898,success,1
191454,Unknown,28,-1,899,success,0
191669,Unknown,19,-1,900,success,0
191866,Unknown,26,-1,901,success,1
192063,Unknown,20,-1,902,success,0
192295,Unknown,26,-1,903,success,1
192492,Unknown,38,-1,904,success,1
192689,Unknown,13,-1,905,success,1
192905,Unknown,1,-1,906,success,1
193103,Unknown,10,-1,907,success,0
193300,Unknown,8,-1,908,success,1
193497,Unknown,16,-1,909,success,0
193694,Unknown,39,-1,910,success,1
193891,Unknown,47,-1,911,success,0
194089,Unknown,25,-1,912,success,0
194323,Unknown,19,-1,913,success,1
194573,Unknown,33,-1,914,success,0
194770,Unknown,30,-1,915,success,1
194984,Unknown,5,-1,916,success,1
195180,Unknown,48,-1,917,success,0
195432,Unknown,43,-1,918,success,0
195647,Unknown,27,-1,919,success,1
195845,Unknown,27,-1,920,success,0
196061,Unknown,37,-1,921,success,1
196278,Unknown,41,-1,922,success,1
196493,Unknown,27,-1,923,success,0
196691,Unknown,44,-1,924,success,1
196888,Unknown,34,-1,925,success,1
197102,Unknown,5,-1,926,success,1
197300,Unknown,19,-1,927,success,0
197533,Unknown,15,-1,928,success,1
197730,Unknown,23,-1,929,success,0
197927,Unknown,34,-1,930,success,0
198123,Unknown,14,-1,931,success,0
198338,Unknown,44,-1,932,success,0
198535,Unknown,38,-1,933,success,1
198805,Unknown,6,-1,934,success,1
199001,Unknown,30,-1,935,success,0
199216,Unknown,21,-1,936,success,1
199413,Unknown,14,-1,937,success,0
199609,Unknown,29,-1,938,success,0
199806,Unknown,10,-1,939,success,1
200003,Unknown,10,-1,940,success,0
200219,Unknown,31,-1,941,success,0
200417,Unknown,43,-1,942,success,1
200614,Unknown,35,-1,943,success,0
200810,Unknown,26,-1,944,success,0
201007,Unknown,27,-1,945,success,1
201203,Unknown,17,-1,946,success,0
201400,Unknown,22,-1,947,success,0
201669,Unknown,12,-1,948,success,0
201883,Unknown,33,-1,949,success,0
202115,Unknown,11,-1,950,success,0
202312,Unknown,29,-1,951,success,0
202545,Unknown,44,-1,952,success,0
202742,Unknown,38,-1,953,success,1
202958,Unknown,20,-1,954,success,1
203300,Unknown,45,-1,955,success,0
203515,Unknown,6,-1,956,success,1
203713,Unknown,1,-1,957,success,0
203984,Unknown,15,-1,958,success,0
204181,Unknown,35,-1,959,success,0
204377,Unknown,19,-1,960,success,0
204612,Unknown,32,-1,961,success,0
204809,Unknown,34,-1,962,success,1
205023,Unknown,16,-1,963,success,1
205239,Unknown,4,-1,964,success,1
205437,Unknown,11,-1,965,success,1
205633,Unknown,46,-1,966,success,0
205830,Unknown,18,-1,967,success,0
206063,Unknown,38,-1,968,success,0
206260,Unknown,24,-1,969,success,0
206457,Unknown,15,-1,970,success,0
206728,Unknown,23,-1,971,success,0
206925,Unknown,31,-1,972,success,0
207122,Unknown,45,-1,973,success,1
207319,Unknown,17,-1,974,success,0
207552,Unknown,44,-1,975,success,0
207750,Unknown,45,-1,976,success,0
207947,Unknown,48,-1,977,success,1
208163,Unknown,9,-1,978,success,0
208360,Unknown,30,-1,979,success,0
208574,Unknown,15,-1,980,success,0
208825,Unknown,7,-1,981,success,0
209022,Unknown,24,-1,982,success,0
209256,Unknown,22,-1,983,success,0
209453,Unknown,23,-1,984,success,0
209686,Unknown,44,-1,985,success,1
209939,Unknown,42,-1,986,success,0
210155,Unknown,24,-1,987,success,1
210352,Unknown,37,-1,988,success,1
210548,Unknown,20,-1,989,success,0
210745,Unknown,19,-1,990,success,1
210942,Unknown,10,-1,991,success,0
211161,Unknown,37,-1,992,success,0
211417,Unknown,28,-1,993,success,0
211615,Unknown,8,-1,994,success,1
211832,Unknown,43,-1,995,success,0
212028,Unknown,27,-1,996,success,0
212243,Unknown,40,-1,997,success,0
212480,Unknown,19,-1,998,success,0
212678,Unknown,17,-1,999,success,0
212875,Unknown,31,-1,1000,success,1
213090,Unknown,36,-1,1001,success,0
213289,Unknown,44,-1,1002,success,0
213486,Unknown,9,-1,1003,success,0
213700,Unknown,32,-1,1004,success,1
213897,Unknown,1,-1,1005,success,0
214095,Unknown,45,-1,1006,success,0
214292,Unknown,30,-1,1007,success,0
214561,Unknown,42,-1,1008,success,1
214758,Unknown,38,-1,1009,success,0
215029,Unknown,39,-1,1010,success,0
215244,Unknown,48,-1,1011,success,1
215442,Unknown,14,-1,1012,success,1
215639,Unknown,47,-1,1013,success,1
215857,Unknown,0,-1,1014,success,1
216055,Unknown,16,-1,1015,success,1
216252,Unknown,10,-1,1016,success,0
216486,Unknown,15,-1,1017,success,1
216683,Unknown,23,-1,1018,success,1
216880,Unknown,42,-1,1019,success,0
217076,Unknown,2,-1,1020,success,0
217273,Unknown,20,-1,1021,success,0
217469,Unknown,7,-1,1022,success,0
217668,Unknown,21,-1,1023,success,0
217866,Unknown,24,-1,1024,success,1
218062,Unknown,23,-1,1025,success,0
218259,Unknown,5,-1,1026,success,0
218475,Unknown,9,-1,1027,success,0
218672,Unknown,45,-1,1028,success,0
218868,Unknown,15,-1,1029,success,0
219086,Unknown,18,-1,1030,success,1
219283,Unknown,21,-1,1031,success,0
219479,Unknown,38,-1,1032,success,0
219694,Unknown,28,-1,1033,success,0
219910,Unknown,21,-1,1034,success,0
220106,Unknown,16,-1,1035,success,0
220322,Unknown,11,-1,1036,success,1
220518,Unknown,32,-1,1037,success,0
220732,Unknown,7,-1,1038,success,1
220948,Unknown,6,-1,1039,success,0
221253,Unknown,15,-1,1040,success,1
221450,Unknown,27,-1,1041,success,1
221646,Unknown,49,-1,1042,success,0
221844,Unknown,9,-1,1043,success,0
222096,Unknown,36,-1,1044,success,0
222292,Unknown,28,-1,1045,success,0
222528,Unknown,41,-1,1046,success,1
222760,Unknown,33,-1,1047,success,0
222976,Unknown,35,-1,1048,success,0
223208,Unknown,32,-1,1049,success,1
223459,Unknown,23,-1,1050,success,0
223657,Unknown,20,-1,1051,success,0
223854,Unknown,14,-1,1052,success,1
224051,Unknown,49,-1,1053,success,0
224248,Unknown,43,-1,1054,success,0
224462,Unknown,2,-1,1055,success,0
224678,Unknown,44,-1,1056,success,0
224876,Unknown,30,-1,1057,success,0
225072,Unknown,43,-1,1058,success,0
225287,Unknown,47,-1,1059,success,1
225484,Unknown,31,-1,1060,success,0
225700,Unknown,14,-1,1061,success,0
225969,Unknown,12,-1,1062,success,0
226167,Unknown,39,-1,1063,success,0
226364,Unknown,26,-1,1064,success,0
226561,Unknown,48,-1,1065,success,0
226757,Unknown,13,-1,1066,success,0
226973,Unknown,19,-1,1067,success,0
227171,Unknown,46,-1,1068,success,1
227368,Unknown,8,-1,1069,success,0
227565,Unknown,6,-1,1070,success,1
227764,Unknown,22,-1,1071,success,1
227981,Unknown,14,-1,1072,success,1
228215,Unknown,12,-1,1073,success,0
228466,Unknown,6,-1,1074,success,0
228663,Unknown,10,-1,1075,success,1
228878,Unknown,41,-1,1076,success,1
229075,Unknown,21,-1,1077,success,0
229309,Unknown,12,-1,1078,success,0
229561,Unknown,18,-1,1079,success,1
229759,Unknown,6,-1,1080,success,1
229955,Unknown,23,-1,1081,success,0
230170,Unknown,27,-1,1082,success,0
230367,Unknown,4,-1,1083,success,0
230564,Unknown,12,-1,1084,success,0
230817,Unknown,26,-1,1085,success,0
231049,Unknown,32,-1,1086,success,1
231283,Unknown,2,-1,1087,success,1
231498,Unknown,5,-1,1088,success,0
231695,Unknown,31,-1,1089,success,0
231910,Unknown,0,-1,1090,success,0
232125,Unknown,17,-1,1091,success,0
232322,Unknown,29,-1,1092,success,0
232520,Unknown,22,-1,1093,success,0
232717,Unknown,46,-1,1094,success,0
232951,Unknown,18,-1,1095,success,1
233202,Unknown,47,-1,1096,success,0
233398,Unknown,45,-1,1097,success,0
233595,Unknown,18,-1,1098,success,0
233792,Unknown,0,-1,1099,success,0
234007,Unknown,44,-1,1100,success,0
234224,Unknown,48,-1,1101,success,1
234439,Unknown,22,-1,1102,success,1
234671,Unknown,48,-1,1103,success,1
234886,Unknown,34,-1,1104,success,0
235084,Unknown,41,-1,1105,success,0
235300,Unknown,2,-1,1106,success,1
235552,Unknown,34,-1,1107,success,0
235804,Unknown,49,-1,1108,success,1
236000,Unknown,47,-1,1109,success,0
236215,Unknown,41,-1,1110,success,1
236448,Unknown,8,-1,1111,success,1
236681,Unknown,41,-1,1112,success,1
236878,Unknown,32,-1,1113,success,1
237077,Unknown,49,-1,1114,success,1
237274,Unknown,3,-1,1115,success,1
237471,Unknown,41,-1,1116,success,0
237669,Unknown,34,-1,1117,success,0
237978,Unknown,36,-1,1118,success,1
238174,Unknown,36,-1,1119,success,0
238371,Unknown,48,-1,1120,success,0
238645,Unknown,40,-1,1121,success,0
238842,Unknown,14,-1,1122,success,0
239039,Unknown,13,-1,1123,success,1
239273,Unknown,21,-1,1124,success,1
239490,Unknown,47,-1,1125,success,1
239777,Unknown,12,-1,1126,success,1
239974,Unknown,43,-1,1127,success,0
240211,Unknown,23,-1,1128,success,1
240410,Unknown,4,-1,1129,success,0
240608,Unknown,46,-1,1130,success,0
240804,Unknown,22,-1,1131,success,0
241002,Unknown,4,-1,1132,success,0
241218,Unknown,24,-1,1133,success,0
241434,Unknown,19,-1,1134,success,0
241631,Unknown,42,-1,1135,success,0
241867,Unknown,1,-1,1136,success,1
242156,Unknown,42,-1,1137,success,0
242374,Unknown,38,-1,1138,success,1
242572,Unknown,24,-1,1139,success,1
242789,Unknown,49,-1,1140,success,0
242986,Unknown,29,-1,1141,success,0
243183,Unknown,32,-1,1142,success,1
243380,Unknown,17,-1,1143,success,0
243576,Unknown,47,-1,1144,success,0
243811,Unknown,30,-1,1145,success,0
244007,Unknown,30,-1,1146,success,0
244224,Unknown,13,-1,1147,success,1
244421,Unknown,42,-1,1148,success,0
244664,Unknown,13,-1,1149,success,0
244880,Unknown,9,-1,1150,success,1
245079,Unknown,35,-1,1151,success,0
245279,Unknown,32,-1,1152,success,1
245496,Unknown,40,-1,1153,success,0
245694,Unknown,29,-1,1154,success,0
245930,Unknown,48,-1,1155,success,0
246128,Unknown,22,-1,1156,success,0
246325,Unknown,27,-1,1157,success,0
246522,Unknown,46,-1,1158,success,1
246719,Unknown,2,-1,1159,success,0
246916,Unknown,40,-1,1160,success,0
247113,Unknown,24,-1,1161,success,0
247312,Unknown,28,-1,1162,success,0
247509,Unknown,46,-1,1163,success,0
247706,Unknown,33,-1,1164,success,1
247922,Unknown,14,-1,1165,success,1
248137,Unknown,40,-1,1166,success,0
248355,Unknown,1,-1,1167,success,0
248552,Unknown,34,-1,1168,success,0
248748,Unknown,28,-1,1169,success,0
248946,Unknown,10,-1,1170,success,1
249144,Unknown,0,-1,1171,success,0
249342,Unknown,6,-1,1172,success,1
249575,Unknown,34,-1,1173,success,0
249790,Unknown,21,-1,1174,success,0
249990,Unknown,4,-1,1175,success,1
250207,Unknown,33,-1,1176,success,0
250404,Unknown,13,-1,1177,success,1
250601,Unknown,28,-1,1178,success,0
250819,Unknown,15,-1,1179,success,0
251035,Unknown,17,-1,1180,success,1
251233,Unknown,30,-1,1181,success,0
251430,Unknown,39,-1,1182,success,1
251645,Unknown,4,-1,1183,success,0
251899,Unknown,37,-1,1184,success,0
252120,Unknown,23,-1,1185,success,1
252318,Unknown,35,-1,1186,success,0
252515,Unknown,2,-1,1187,success,0
252752,Unknown,3,-1,1188,success,0
252949,Unknown,11,-1,1189,success,1
253164,Unknown,10,-1,1190,success,0
253400,Unknown,37,-1,1191,success,1
253617,Unknown,10,-1,1192,success,0
253835,Unknown,27,-1,1193,success,1
254033,Unknown,29,-1,1194,success,0
254252,Unknown,4,-1,1195,success,0
254449,Unknown,44,-1,1196,success,0
254647,Unknown,36,-1,1197,success,1
254844,Unknown,37,-1,1198,success,0
255061,Unknown,6,-1,1199,success,0
255297,Unknown,5,-1,1200,success,1
255494,Unknown,34,-1,1201,success,0
255690,Unknown,12,-1,1202,success,0
255887,Unknown,43,-1,1203,success,0
256119,Unknown,38,-1,1204,success,0
256316,Unknown,23,-1,1205,success,0
256512,Unknown,4,-1,1206,success,0
256709,Unknown,20,-1,1207,success,0
256944,Unknown,28,-1,1208,success,1
257141,Unknown,49,-1,1209,success,0
257413,Unknown,30,-1,1210,success,1
257610,Unknown,24,-1,1211,success,0
257807,Unknown,18,-1,1212,success,0
258005,Unknown,18,-1,1213,success,0
258201,Unknown,26,-1,1214,success,0
258399,Unknown,31,-1,1215,success,1
258596,Unknown,42,-1,1216,success,1
258794,Unknown,0,-1,1217,success,1
259100,Unknown,18,-1,1218,success,0
259298,Unknown,20,-1,1219,success,0
259513,Unknown,25,-1,1220,success,0
259710,Unknown,48,-1,1221,success,1
259907,Unknown,44,-1,1222,success,1
260104,Unknown,22,-1,1223,success,0
260320,Unknown,20,-1,1224,success,1
260517,Unknown,6,-1,1225,success,0
260715,Unknown,34,-1,1226,success,0
260970,Unknown,30,-1,1227,success,1
261167,Unknown,39,-1,1228,success,1
261365,Unknown,16,-1,1229,success,1
261562,Unknown,24,-1,1230,success,0
261758,Unknown,40,-1,1231,success,0
261955,Unknown,45,-1,1232,success,0
262153,Unknown,37,-1,1233,success,0
262388,Unknown,44,-1,1234,success,0
262622,Unknown,28,-1,1235,success,0
262819,Unknown,7,-1,1236,success,1
263016,Unknown,14,-1,1237,success,1
263215,Unknown,13,-1,1238,success,0
263412,Unknown,21,-1,1239,success,1
263645,Unknown,48,-1,1240,success,1
263917,Unknown,5,-1,1241,success,0
264114,Unknown,1,-1,1242,success,0
264310,Unknown,22,-1,1243,success,0
264543,Unknown,25,-1,1244,success,1
264776,Unknown,39,-1,1245,success,1
264992,Unknown,36,-1,1246,success,0
265190,Unknown,47,-1,1247,success,1
265405,Unknown,12,-1,1248,success,0
265602,Unknown,39,-1,1249,success,0
265818,Unknown,21,-1,1250,success,0
266033,Unknown,33,-1,1251,success,0
266230,Unknown,42,-1,1252,success,0
266426,Unknown,42,-1,1253,success,0
266623,Unknown,25,-1,1254,success,0
266820,Unknown,3,-1,1255,success,1
267035,Unknown,8,-1,1256,success,1
267268,Unknown,19,-1,1257,success,1
267465,Unknown,48,-1,1258,success,0
267681,Unknown,49,-1,1259,success,0
267971,Unknown,4,-1,1260,success,1
268167,Unknown,47,-1,1261,success,0
268364,Unknown,30,-1,1262,success,0
268561,Unknown,23,-1,1263,success,0
268848,Unknown,46,-1,1264,success,0
269045,Unknown,6,-1,1265,success,1
269260,Unknown,25,-1,1266,success,0
269477,Unknown,4,-1,1267,success,0
269674,Unknown,21,-1,1268,success,0
269906,Unknown,20,-1,1269,success,1
270103,Unknown,35,-1,1270,success,1
270335,Unknown,49,-1,1271,success,1
270568,Unknown,25,-1,1272,success,0
270838,Unknown,11,-1,1273,success,1
271034,Unknown,7,-1,1274,success,0
271249,Unknown,2,-1,1275,success,1
271464,Unknown,33,-1,1276,success,1
271660,Unknown,4,-1,1277,success,0
271858,Unknown,7,-1,1278,success,0
272109,Unknown,39,-1,1279,success,1
272305,Unknown,23,-1,1280,success,0
272502,Unknown,9,-1,1281,success,1
272699,Unknown,11,-1,1282,success,1
272967,Unknown,12,-1,1283,success,0
273240,Unknown,32,-1,1284,success,1
273476,Unknown,8,-1,1285,success,0
273691,Unknown,31,-1,1286,success,1
273905,Unknown,2,-1,1287,success,0
274120,Unknown,3,-1,1288,success,1
274319,Unknown,42,-1,1289,success,1
274517,Unknown,46,-1,1290,success,0
274714,Unknown,39,-1,1291,success,1
274929,Unknown,14,-1,1292,success,1
275199,Unknown,38,-1,1293,success,0
275415,Unknown,14,-1,1294,success,0
275612,Unknown,3,-1,1295,success,1
275849,Unknown,41,-1,1296,success,1
276064,Unknown,2,-1,1297,success,1
276297,Unknown,20,-1,1298,success,0
276493,Unknown,7,-1,1299,success,0
276690,Unknown,39,-1,1300,success,0
276886,Unknown,47,-1,1301,success,0
277083,Unknown,22,-1,1302,success,0
277318,Unknown,39,-1,1303,success,0
277533,Unknown,8,-1,1304,success,0
277783,Unknown,43,-1,1305,success,1
277998,Unknown,21,-1,1306,success,0
278249,Unknown,18,-1,1307,success,0
278448,Unknown,41,-1,1308,success,0
278645,Unknown,26,-1,1309,success,0
278878,Unknown,13,-1,1310,success,0
279074,Unknown,15,-1,1311,success,0
279289,Unknown,3,-1,1312,success,1
279560,Unknown,14,-1,1313,success,1
279756,Unknown,41,-1,1314,success,0
279971,Unknown,22,-1,1315,success,1
280169,Unknown,27,-1,1316,success,0
280384,Unknown,18,-1,1317,success,0
280599,Unknown,19,-1,1318,success,0
280905,Unknown,19,-1,1319,success,1
281102,Unknown,28,-1,1320,success,1
281299,Unknown,1,-1,1321,success,0
281495,Unknown,0,-1,1322,success,0
281712,Unknown,32,-1,1323,success,0
281963,Unknown,33,-1,1324,success,0
282161,Unknown,25,-1,1325,success,1
282358,Unknown,12,-1,1326,success,1
282573,Unknown,12,-1,1327,success,0
282805,Unknown,46,-1,1328,success,0
283002,Unknown,47,-1,1329,success,0
283236,Unknown,17,-1,1330,success,0
283433,Unknown,44,-1,1331,success,0
283647,Unknown,22,-1,1332,success,1
283845,Unknown,24,-1,1333,success,0
284042,Unknown,23,-1,1334,success,1
284257,Unknown,40,-1,1335,success,0
284547,Unknown,19,-1,1336,success,0
284780,Unknown,43,-1,1337,success,0
284978,Unknown,9,-1,1338,success,0
285179,Unknown,18,-1,1339,success,0
285378,Unknown,31,-1,1340,success,1
285594,Unknown,17,-1,1341,success,0
285791,Unknown,45,-1,1342,success,0
285989,Unknown,4,-1,1343,success,1
286206,Unknown,46,-1,1344,success,0
286440,Unknown,21,-1,1345,success,0
286655,Unknown,6,-1,1346,success,0
286852,Unknown,38,-1,1347,success,0
287068,Unknown,18,-1,1348,success,1
287264,Unknown,23,-1,1349,success,0
287535,Unknown,20,-1,1350,success,1
287768,Unknown,3,-1,1351,success,1
287984,Unknown,1,-1,1352,success,0
288183,Unknown,8,-1,1353,success,1
288380,Unknown,5,-1,1354,success,1
288577,Unknown,19,-1,1355,success,1
288775,Unknown,40,-1,1356,success,1
289046,Unknown,6,-1,1357,success,1
289242,Unknown,39,-1,1358,success,0
289500,Unknown,15,-1,1359,success,1
289697,Unknown,33,-1,1360,success,1
289895,Unknown,48,-1,1361,success,0
290093,Unknown,16,-1,1362,success,1
290290,Unknown,18,-1,1363,success,0
290523,Unknown,40,-1,1364,success,0
290740,Unknown,44,-1,1365,success,0
290993,Unknown,33,-1,1366,success,0
291227,Unknown,36,-1,1367,success,0
291443,Unknown,45,-1,1368,success,0
291715,Unknown,9,-1,1369,success,1
291912,Unknown,35,-1,1370,success,0
292109,Unknown,0,-1,1371,success,0
292307,Unknown,7,-1,1372,success,0
292504,Unknown,11,-1,1373,success,1
292703,Unknown,43,-1,1374,success,1
292932,Unknown,37,-1,1375,success,1
293134,Unknown,5,-1,1376,success,0
293331,Unknown,12,-1,1377,success,1
293528,Unknown,10,-1,1378,success,0
293727,Unknown,47,-1,1379,success,0
293929,Unknown,31,-1,1380,success,0
294186,Unknown,26,-1,1381,success,0
294383,Unknown,36,-1,1382,success,1
294580,Unknown,15,-1,1383,success,0
294777,Unknown,48,-1,1384,success,1
294975,Unknown,1,-1,1385,success,0
295192,Unknown,11,-1,1386,success,0
295412,Unknown,24,-1,1387,success,1
295609,Unknown,33,-1,1388,success,1
295807,Unknown,14,-1,1389,success,1
296005,Unknown,48,-1,1390,success,0
296203,Unknown,24,-1,1391,success,0
296436,Unknown,30,-1,1392,success,1
296652,Unknown,10,-1,1393,success,0
296868,Unknown,2,-1,1394,success,1
297065,Unknown,40,-1,1395,success,0
297280,Unknown,24,-1,1396,success,0
297477,Unknown,12,-1,1397,success,1
297692,Unknown,9,-1,1398,success,1
297889,Unknown,20,-1,1399,success,0
298107,Unknown,28,-1,1400,success,0
298322,Unknown,24,-1,1401,success,0
298537,Unknown,31,-1,1402,success,1
298737,Unknown,35,-1,1403,success,0
298954,Unknown,24,-1,1404,success,0
299151,Unknown,4,-1,1405,success,0
299348,Unknown,14,-1,1406,success,1
299654,Unknown,22,-1,1407,success,1
299851,Unknown,30,-1,1408,success,0
300048,Unknown,17,-1,1409,success,1
300245,Unknown,18,-1,1410,success,0
300442,Unknown,19,-1,1411,success,0
300657,Unknown,0,-1,1412,success,1
300854,Unknown,11,-1,1413,success,0
301069,Unknown,48,-1,1414,success,0
301266,Unknown,10,-1,1415,success,0
301480,Unknown,40,-1,1416,success,0
301733,Unknown,28,-1,1417,success,0
301930,Unknown,3,-1,1418,success,1
302127,Unknown,0,-1,1419,success,1
302324,Unknown,44,-1,1420,success,0
302521,Unknown,33,-1,1421,success,1
302719,Unknown,37,-1,1422,success,1
302951,Unknown,9,-1,1423,success,0
303149,Unknown,33,-1,1424,success,0
303364,Unknown,36,-1,1425,success,1
303560,Unknown,34,-1,1426,success,0
303758,Unknown,36,-1,1427,success,0
303955,Unknown,0,-1,1428,success,0
304152,Unknown,4,-1,1429,success,1
304349,Unknown,29,-1,1430,success,1
304546,Unknown,5,-1,1431,success,1
304743,Unknown,46,-1,1432,success,0
304941,Unknown,33,-1,1433,success,0
305138,Unknown,2,-1,1434,success,1
305336,Unknown,24,-1,1435,success,0
305533,Unknown,27,-1,1436,success,0
305788,Unknown,29,-1,1437,success,0
306003,Unknown,13,-1,1438,success,0
306200,Unknown,12,-1,1439,success,1
306398,Unknown,22,-1,1440,success,1
306596,Unknown,35,-1,1441,success,0
306812,Unknown,2,-1,1442,success,0
307010,Unknown,40,-1,1443,success,0
307281,Unknown,12,-1,1444,success,1
307496,Unknown,24,-1,1445,success,1
307694,Unknown,26,-1,1446,success,0
307891,Unknown,47,-1,1447,success,0
308126,Unknown,42,-1,1448,success,0
308343,Unknown,16,-1,1449,success,0
308540,Unknown,24,-1,1450,success,0
308736,Unknown,24,-1,1451,success,0
308933,Unknown,5,-1,1452,success,1
309129,Unknown,25,-1,1453,success,0
309364,Unknown,44,-1,1454,success,0
309560,Unknown,23,-1,1455,success,0
309793,Unknown,20,-1,1456,success,1
310045,Unknown,13,-1,1457,success,1
310242,Unknown,10,-1,1458,success,1
310438,Unknown,40,-1,1459,success,0
310635,Unknown,27,-1,1460,success,0
310833,Unknown,14,-1,1461,success,0
311048,Unknown,44,-1,1462,success,1
311245,Unknown,22,-1,1463,success,0
311460,Unknown,1,-1,1464,success,0
311659,Unknown,15,-1,1465,success,0
311857,Unknown,12,-1,1466,success,0
312053,Unknown,36,-1,1467,success,0
312268,Unknown,10,-1,1468,success,0
312483,Unknown,24,-1,1469,success,1
312679,Unknown,8,-1,1470,success,0
312877,Unknown,44,-1,1471,success,0
313093,Unknown,41,-1,1472,success,0
313328,Unknown,48,-1,1473,success,0
313578,Unknown,5,-1,1474,success,1
313775,Unknown,31,-1,1475,success,1
314029,Unknown,18,-1,1476,success,0
314280,Unknown,46,-1,1477,success,0
314515,Unknown,21,-1,1478,success,0
314749,Unknown,5,-1,1479,success,0
314946,Unknown,34,-1,1480,success,1
315142,Unknown,28,-1,1481,success,0
315377,Unknown,41,-1,1482,success,1
315574,Unknown,5,-1,1483,success,0
315771,Unknown,27,-1,1484,success,1
316023,Unknown,35,-1,1485,success,0
316220,Unknown,30,-1,1486,success,0
316434,Unknown,28,-1,1487,success,1
316631,Unknown,34,-1,1488,success,0
316846,Unknown,33,-1,1489,success,1
317061,Unknown,9,-1,1490,success,1
317258,Unknown,39,-1,1491,success,1
317455,Unknown,24,-1,1492,success,0
317692,Unknown,16,-1,1493,success,1
317889,Unknown,31,-1,1494,success,0
318229,Unknown,16,-1,1495,success,1
318428,Unknown,4,-1,1496,success,1
318644,Unknown,20,-1,1497,success,0
318841,Unknown,48,-1,1498,success,1
319039,Unknown,1,-1,1499,success,1
319256,Unknown,32,-1,1500,success,0
319561,Unknown,49,-1,1501,success,1
319758,Unknown,18,-1,1502,success,1
319956,Unknown,41,-1,1503,success,1
320210,Unknown,5,-1,1504,success,1
320407,Unknown,2,-1,1505,success,0
320604,Unknown,38,-1,1506,success,1
320821,Unknown,18,-1,1507,success,1
321038,Unknown,24,-1,1508,success,0
321235,Unknown,19,-1,1509,success,1
321488,Unknown,26,-1,1510,success,0
321684,Unknown,2,-1,1511,success,0
321918,Unknown,10,-1,1512,success,0
322133,Unknown,11,-1,1513,success,1
322402,Unknown,44,-1,1514,success,0
322599,Unknown,13,-1,1515,success,0
322796,Unknown,40,-1,1516,success,0
323029,Unknown,45,-1,1517,success,0
323297,Unknown,18,-1,1518,success,1
323494,Unknown,27,-1,1519,success,1
323708,Unknown,3,-1,1520,success,1
323905,Unknown,25,-1,1521,success,0
324103,Unknown,47,-1,1522,success,0
324317,Unknown,22,-1,1523,success,0
324623,Unknown,38,-1,1524,success,0
324856,Unknown,14,-1,1525,success,0
325053,Unknown,23,-1,1526,success,1
325268,Unknown,0,-1,1527,success,1
325485,Unknown,7,-1,1528,success,1
325737,Unknown,41,-1,1529,success,1
325954,Unknown,9,-1,1530,success,1
326150,Unknown,1,-1,1531,success,0
326347,Unknown,44,-1,1532,success,0
326562,Unknown,48,-1,1533,success,1
326759,Unknown,21,-1,1534,success,0
327011,Unknown,29,-1,1535,success,1
327208,Unknown,18,-1,1536,success,0
327404,Unknown,22,-1,1537,success,0
327621,Unknown,49,-1,1538,success,0
327873,Unknown,47,-1,1539,success,0
328070,Unknown,32,-1,1540,success,0
328285,Unknown,32,-1,1541,success,0
328482,Unknown,27,-1,1542,success,0
328719,Unknown,28,-1,1543,success,0
328916,Unknown,31,-1,1544,success,1
329113,Unknown,45,-1,1545,success,1
329310,Unknown,49,-1,1546,success,0
329526,Unknown,41,-1,1547,success,1
329722,Unknown,16,-1,1548,success,0
329919,Unknown,35,-1,1549,success,0
330116,Unknown,19,-1,1550,success,0
330368,Unknown,18,-1,1551,success,1
330565,Unknown,34,-1,1552,success,0
330781,Unknown,7,-1,1553,success,1
331033,Unknown,41,-1,1554,success,1
331230,Unknown,5,-1,1555,success,0
331615,Unknown,33,-1,1556,success,1
331831,Unknown,26,-1,1557,success,0
332028,Unknown,45,-1,1558,success,0
332226,Unknown,44,-1,1559,success,0
332424,Unknown,30,-1,1560,success,1
332639,Unknown,10,-1,1561,success,1
332836,Unknown,43,-1,1562,success,0
333033,Unknown,26,-1,1563,success,0
333248,Unknown,38,-1,1564,success,0
333518,Unknown,22,-1,1565,success,1
333716,Unknown,21,-1,1566,success,0
333913,Unknown,43,-1,1567,success,0
334110,Unknown,22,-1,1568,success,0
334329,Unknown,32,-1,1569,success,1
334525,Unknown,29,-1,1570,success,0
334722,Unknown,15,-1,1571,success,1
334920,Unknown,4,-1,1572,success,1
335136,Unknown,32,-1,1573,success,0
335370,Unknown,28,-1,1574,success,0
335567,Unknown,18,-1,1575,success,0
335763,Unknown,43,-1,1576,success,0
335959,Unknown,42,-1,1577,success,0
336157,Unknown,47,-1,1578,success,0
336372,Unknown,21,-1,1579,success,0
336568,Unknown,21,-1,1580,success,0
336782,Unknown,11,-1,1581,success,1
336978,Unknown,22,-1,1582,success,0
337212,Unknown,18,-1,1583,success,0
337428,Unknown,2,-1,1584,success,1
337624,Unknown,48,-1,1585,success,0
337877,Unknown,5,-1,1586,success,0
338092,Unknown,2,-1,1587,success,0
338307,Unknown,25,-1,1588,success,1
338504,Unknown,37,-1,1589,success,0
338792,Unknown,31,-1,1590,success,1
338989,Unknown,40,-1,1591,success,1
339186,Unknown,1,-1,1592,success,1
339401,Unknown,8,-1,1593,success,1
339616,Unknown,15,-1,1594,success,0
339813,Unknown,43,-1,1595,success,1
340081,Unknown,46,-1,1596,success,0
340298,Unknown,37,-1,1597,success,1
340531,Unknown,28,-1,1598,success,0
340729,Unknown,15,-1,1599,success,0
340944,Unknown,13,-1,1600,success,1
341141,Unknown,5,-1,1601,success,1
341339,Unknown,8,-1,1602,success,1
341572,Unknown,13,-1,1603,success,0
341806,Unknown,3,-1,1604,success,0
342003,Unknown,10,-1,1605,success,0
342254,Unknown,26,-1,1606,success,1
342470,Unknown,27,-1,1607,success,0
342686,Unknown,40,-1,1608,success,0
342884,Unknown,38,-1,1609,success,1
343081,Unknown,31,-1,1610,success,0
343299,Unknown,14,-1,1611,success,1
343550,Unknown,18,-1,1612,success,1
343747,Unknown,45,-1,1613,success,0
343945,Unknown,4,-1,1614,success,1
344215,Unknown,22,-1,1615,success,0
344468,Unknown,24,-1,1616,success,1
344682,Unknown,20,-1,1617,success,1
344933,Unknown,39,-1,1618,success,0
345131,Unknown,18,-1,1619,success,0
345348,Unknown,27,-1,1620,success,0
345545,Unknown,0,-1,1621,success,1
345742,Unknown,19,-1,1622,success,0
345939,Unknown,27,-1,1623,success,0
346136,Unknown,8,-1,1624,success,0
346334,Unknown,6,-1,1625,success,1
346531,Unknown,22,-1,1626,success,1
346729,Unknown,7,-1,1627,success,1
346925,Unknown,7,-1,1628,success,0
347230,Unknown,4,-1,1629,success,0
347427,Unknown,2,-1,1630,success,0
347642,Unknown,18,-1,1631,success,1
347876,Unknown,19,-1,1632,success,1
348073,Unknown,26,-1,1633,success,0
348288,Unknown,47,-1,1634,success,0
348503,Unknown,19,-1,1635,success,0
348700,Unknown,22,-1,1636,success,0
348970,Unknown,37,-1,1637,success,1
349166,Unknown,37,-1,1638,success,0
349381,Unknown,14,-1,1639,success,1
349595,Unknown,13,-1,1640,success,0
349791,Unknown,23,-1,1641,success,0
349988,Unknown,30,-1,1642,success,1
350184,Unknown,38,-1,1643,success,0
350381,Unknown,22,-1,1644,success,0
350596,Unknown,5,-1,1645,success,0
350793,Unknown,0,-1,1646,success,0
350990,Unknown,2,-1,1647,success,0
351205,Unknown,27,-1,1648,success,1
351402,Unknown,40,-1,1649,success,1
351653,Unknown,16,-1,1650,success,0
351868,Unknown,24,-1,1651,success,0
352084,Unknown,6,-1,1652,success,1
352281,Unknown,30,-1,1653,success,1
352571,Unknown,12,-1,1654,success,0
352768,Unknown,38,-1,1655,success,1
352966,Unknown,49,-1,1656,success,0
353163,Unknown,39,-1,1657,success,0
353378,Unknown,48,-1,1658,success,1
353575,Unknown,21,-1,1659,success,0
353790,Unknown,3,-1,1660,success,0
354023,Unknown,16,-1,1661,success,0
354255,Unknown,46,-1,1662,success,1
354490,Unknown,6,-1,1663,success,1
354760,Unknown,43,-1,1664,success,1
354975,Unknown,41,-1,1665,success,0
355172,Unknown,20,-1,1666,success,1
355387,Unknown,37,-1,1667,success,1
355657,Unknown,30,-1,1668,success,0
355890,Unknown,14,-1,1669,success,1
356087,Unknown,40,-1,1670,success,1
356322,Unknown,46,-1,1671,success,1
356521,Unknown,15,-1,1672,success,1
356775,Unknown,3,-1,1673,success,1
356991,Unknown,25,-1,1674,success,1
357188,Unknown,46,-1,1675,success,0
357385,Unknown,5,-1,1676,success,1
357584,Unknown,38,-1,1677,success,1
357781,Unknown,44,-1,1678,success,0
357996,Unknown,10,-1,1679,success,1
358193,Unknown,24,-1,1680,success,0
358408,Unknown,2,-1,1681,success,1
358679,Unknown,24,-1,1682,success,1
358894,Unknown,37,-1,1683,success,0
359091,Unknown,10,-1,1684,success,0
359305,Unknown,36,-1,1685,success,0
359520,Unknown,5,-1,1686,success,0
359771,Unknown,18,-1,1687,success,0
360006,Unknown,17,-1,1688,success,1
360223,Unknown,30,-1,1689,success,0
360420,Unknown,15,-1,1690,success,1
360673,Unknown,47,-1,1691,success,0
360870,Unknown,20,-1,1692,success,0
361067,Unknown,3,-1,1693,success,1
361265,Unknown,42,-1,1694,success,1
361462,Unknown,3,-1,1695,success,0
361658,Unknown,30,-1,1696,success,0
361893,Unknown,33,-1,1697,success,0
362090,Unknown,22,-1,1698,success,1
362286,Unknown,49,-1,1699,success,0
362501,Unknown,21,-1,1700,success,0
362716,Unknown,42,-1,1701,success,0
362913,Unknown,34,-1,1702,success,1
363110,Unknown,37,-1,1703,success,1
363307,Unknown,44,-1,1704,success,0
363613,Unknown,44,-1,1705,success,0
363810,Unknown,31,-1,1706,success,0
364006,Unknown,18,-1,1707,success,0
364221,Unknown,40,-1,1708,success,0
364417,Unknown,47,-1,1709,success,0
364668,Unknown,32,-1,1710,success,1
364865,Unknown,14,-1,1711,success,1
365061,Unknown,8,-1,1712,success,0
365293,Unknown,20,-1,1713,success,0
365526,Unknown,11,-1,1714,success,0
365741,Unknown,3,-1,1715,success,0
365937,Unknown,38,-1,1716,success,0
366135,Unknown,26,-1,1717,success,0
366332,Unknown,10,-1,1718,success,1
366528,Unknown,16,-1,1719,success,0
366761,Unknown,36,-1,1720,success,1
367030,Unknown,44,-1,1721,success,1
367227,Unknown,35,-1,1722,success,0
367462,Unknown,31,-1,1723,success,0
367677,Unknown,24,-1,1724,success,1
367928,Unknown,4,-1,1725,success,0
368201,Unknown,3,-1,1726,success,0
368398,Unknown,10,-1,1727,success,0
368594,Unknown,10,-1,1728,success,0
368792,Unknown,49,-1,1729,success,1
368989,Unknown,39,-1,1730,success,1
369205,Unknown,30,-1,1731,success,1
369420,Unknown,23,-1,1732,success,1
369652,Unknown,27,-1,1733,success,1
369903,Unknown,17,-1,1734,success,1
370138,Unknown,5,-1,1735,success,0
370353,Unknown,3,-1,1736,success,0
370549,Unknown,25,-1,1737,success,0
370746,Unknown,36,-1,1738,success,1
370943,Unknown,9,-1,1739,success,0
371231,Unknown,49,-1,1740,success,0
371429,Unknown,29,-1,1741,success,1
371626,Unknown,22,-1,1742,success,1
371842,Unknown,49,-1,1743,success,0
372039,Unknown,13,-1,1744,success,1
372235,Unknown,27,-1,1745,success,0
372451,Unknown,29,-1,1746,success,0
372704,Unknown,44,-1,1747,success,0
372901,Unknown,20,-1,1748,success,1
373098,Unknown,10,-1,1749,success,1
373331,Unknown,49,-1,1750,success,0
373565,Unknown,46,-1,1751,success,0
373763,Unknown,24,-1,1752,success,1
374014,Unknown,26,-1,1753,success,0
374213,Unknown,38,-1,1754,success,0
374412,Unknown,7,-1,1755,success,0
374609,Unknown,43,-1,1756,success,1
374824,Unknown,46,-1,1757,success,1
375022,Unknown,15,-1,1758,success,1
375237,Unknown,46,-1,1759,success,0
375434,Unknown,12,-1,1760,success,0
375648,Unknown,35,-1,1761,success,1
375864,Unknown,0,-1,1762,success,0
376096,Unknown,9,-1,1763,success,0
376331,Unknown,10,-1,1764,success,1
376528,Unknown,19,-1,1765,success,1
376725,Unknown,44,-1,1766,success,0
376922,Unknown,28,-1,1767,success,0
377119,Unknown,22,-1,1768,success,1
377319,Unknown,10,-1,1769,success,0
377516,Unknown,38,-1,1770,success,0
377751,Unknown,18,-1,1771,success,0
378023,Unknown,42,-1,1772,success,0
378220,Unknown,43,-1,1773,success,1
378416,Unknown,43,-1,1774,success,0
378613,Unknown,22,-1,1775,success,1
378828,Unknown,26,-1,1776,success,0
379024,Unknown,33,-1,1777,success,0
379239,Unknown,30,-1,1778,success,0
379492,Unknown,1,-1,1779,success,1
379689,Unknown,9,-1,1780,success,0
379885,Unknown,7,-1,1781,success,0
380177,Unknown,20,-1,1782,success,1
380375,Unknown,27,-1,1783,success,0
380590,Unknown,6,-1,1784,success,0
380790,Unknown,29,-1,1785,success,1
380987,Unknown,27,-1,1786,success,0
381203,Unknown,3,-1,1787,success,1
381417,Unknown,25,-1,1788,success,1
381615,Unknown,25,-1,1789,success,0
381850,Unknown,38,-1,1790,success,1
382047,Unknown,16,-1,1791,success,1
382284,Unknown,17,-1,1792,success,1
382481,Unknown,26,-1,1793,success,1
382678,Unknown,43,-1,1794,success,0
382874,Unknown,19,-1,1795,success,0
383108,Unknown,2,-1,1796,success,0
383307,Unknown,4,-1,1797,success,0
383524,Unknown,41,-1,1798,success,0
383794,Unknown,26,-1,1799,success,1
383993,Unknown,35,-1,1800,success,1
384215,Unknown,18,-1,1801,success,1
384414,Unknown,14,-1,1802,success,1
384630,Unknown,17,-1,1803,success,1
384828,Unknown,49,-1,1804,success,1
385025,Unknown,43,-1,1805,success,0
385241,Unknown,7,-1,1806,success,0
385456,Unknown,23,-1,1807,success,1
385653,Unknown,19,-1,1808,success,1
385851,Unknown,48,-1,1809,success,0
386048,Unknown,49,-1,1810,success,0
386245,Unknown,14,-1,1811,success,0
386459,Unknown,16,-1,1812,success,1
386674,Unknown,23,-1,1813,success,0
386889,Unknown,34,-1,1814,success,0
387085,Unknown,43,-1,1815,success,0
387285,Unknown,1,-1,1816,success,0
387500,Unknown,40,-1,1817,success,0
387732,Unknown,9,-1,1818,success,1
387929,Unknown,44,-1,1819,success,1
388126,Unknown,38,-1,1820,success,1
388341,Unknown,5,-1,1821,success,0
388556,Unknown,35,-1,1822,success,1
388773,Unknown,13,-1,1823,success,0
388970,Unknown,45,-1,1824,success,0
389186,Unknown,45,-1,1825,success,0
389419,Unknown,1,-1,1826,success,1
389618,Unknown,46,-1,1827,success,0
389892,Unknown,9,-1,1828,success,1
390126,Unknown,39,-1,1829,success,0
390323,Unknown,48,-1,1830,success,0
390521,Unknown,7,-1,1831,success,1
390718,Unknown,30,-1,1832,success,1
390914,Unknown,16,-1,1833,success,0
391111,Unknown,20,-1,1834,success,1
391345,Unknown,33,-1,1835,success,0
391544,Unknown,18,-1,1836,success,1
391741,Unknown,42,-1,1837,success,0
391938,Unknown,8,-1,1838,success,1
392171,Unknown,34,-1,1839,success,0
392368,Unknown,7,-1,1840,success,0
392585,Unknown,27,-1,1841,success,1
392799,Unknown,8,-1,1842,success,1
393013,Unknown,11,-1,1843,success,1
393228,Unknown,9,-1,1844,success,1
393461,Unknown,25,-1,1845,success,0
393695,Unknown,33,-1,1846,success,1
393915,Unknown,23,-1,1847,success,1
394167,Unknown,39,-1,1848,success,1
394364,Unknown,26,-1,1849,success,1
394560,Unknown,33,-1,1850,success,0
394756,Unknown,32,-1,1851,success,0
394954,Unknown,47,-1,1852,success,1
395150,Unknown,20,-1,1853,success,0
395348,Unknown,9,-1,1854,success,1
395545,Unknown,23,-1,1855,success,0
395777,Unknown,49,-1,1856,success,0
395974,Unknown,40,-1,1857,success,0
396171,Unknown,35,-1,1858,success,1
396367,Unknown,22,-1,1859,success,0
396582,Unknown,36,-1,1860,success,0
396816,Unknown,9,-1,1861,success,0
397014,Unknown,5,-1,1862,success,0
397231,Unknown,13,-1,1863,success,0
397445,Unknown,9,-1,1864,success,1
397677,Unknown,16,-1,1865,success,0
397875,Unknown,39,-1,1866,success,0
398090,Unknown,19,-1,1867,success,0
398288,Unknown,0,-1,1868,success,1
398503,Unknown,9,-1,1869,success,1
398700,Unknown,21,-1,1870,success,1
398897,Unknown,42,-1,1871,success,1
399093,Unknown,0,-1,1872,success,0
399309,Unknown,46,-1,1873,success,0
399506,Unknown,6,-1,1874,success,0
399703,Unknown,43,-1,1875,success,1
399919,Unknown,29,-1,1876,success,1
400135,Unknown,26,-1,1877,success,0
400350,Unknown,24,-1,1878,success,0
400567,Unknown,43,-1,1879,success,0
400840,Unknown,28,-1,1880,success,1
401037,Unknown,9,-1,1881,success,1
401257,Unknown,6,-1,1882,success,0
401472,Unknown,2,-1,1883,success,0
401669,Unknown,43,-1,1884,success,0
401884,Unknown,43,-1,1885,success,0
402080,Unknown,45,-1,1886,success,0
402277,Unknown,7,-1,1887,success,0
402478,Unknown,15,-1,1888,success,0
402675,Unknown,37,-1,1889,success,1
402892,Unknown,23,-1,1890,success,0
403089,Unknown,5,-1,1891,success,0
403286,Unknown,26,-1,1892,success,0
403484,Unknown,22,-1,1893,success,0
403698,Unknown,48,-1,1894,success,0
403894,Unknown,34,-1,1895,success,0
404109,Unknown,16,-1,1896,success,0
404306,Unknown,4,-1,1897,success,0
404523,Unknown,27,-1,1898,success,0
404720,Unknown,24,-1,1899,success,0
404935,Unknown,32,-1,1900,success,0
405132,Unknown,31,-1,1901,success,1
405368,Unknown,39,-1,1902,success,1
405583,Unknown,29,-1,1903,success,1
405779,Unknown,14,-1,1904,success,0
405997,Unknown,37,-1,1905,success,0
406194,Unknown,3,-1,1906,success,0
406409,Unknown,17,-1,1907,success,1
406606,Unknown,9,-1,1908,success,0
406840,Unknown,19,-1,1909,success,0
407095,Unknown,14,-1,1910,success,0
407365,Unknown,47,-1,1911,success,1
407562,Unknown,7,-1,1912,success,0
407777,Unknown,30,-1,1913,success,1
408011,Unknown,18,-1,1914,success,0
408208,Unknown,27,-1,1915,success,0
408405,Unknown,5,-1,1916,success,1
408621,Unknown,28,-1,1917,success,1
408837,Unknown,13,-1,1918,success,0
409034,Unknown,42,-1,1919,success,0
409249,Unknown,30,-1,1920,success,0
409446,Unknown,24,-1,1921,success,0
409643,Unknown,3,-1,1922,success,0
409840,Unknown,36,-1,1923,success,1
410091,Unknown,31,-1,1924,success,1
410343,Unknown,27,-1,1925,success,0
410540,Unknown,46,-1,1926,success,1
410791,Unknown,23,-1,1927,success,0
411024,Unknown,39,-1,1928,success,0
411239,Unknown,48,-1,1929,success,0
411454,Unknown,44,-1,1930,success,1
411669,Unknown,35,-1,1931,success,0
411866,Unknown,11,-1,1932,success,1
412063,Unknown,27,-1,1933,success,0
412261,Unknown,31,-1,1934,success,1
412458,Unknown,30,-1,1935,success,1
412655,Unknown,20,-1,1936,success,0
413019,Unknown,12,-1,1937,success,0
413234,Unknown,42,-1,1938,success,1
413431,Unknown,22,-1,1939,success,0
413628,Unknown,41,-1,1940,success,1
413879,Unknown,43,-1,1941,success,1
414077,Unknown,29,-1,1942,success,1
414276,Unknown,39,-1,1943,success,0
414511,Unknown,22,-1,1944,success,0
414744,Unknown,27,-1,1945,success,1
414960,Unknown,46,-1,1946,success,1
415157,Unknown,1,-1,1947,success,1
415354,Unknown,43,-1,1948,success,1
415553,Unknown,35,-1,1949,success,0
415768,Unknown,35,-1,1950,success,0
415965,Unknown,42,-1,1951,success,0
416162,Unknown,39,-1,1952,success,0
416413,Unknown,20,-1,1953,success,1
416610,Unknown,22,-1,1954,success,0
416825,Unknown,45,-1,1955,success,0
417022,Unknown,3,-1,1956,success,1
417219,Unknown,27,-1,1957,success,0
417416,Unknown,43,-1,1958,success,0
417614,Unknown,17,-1,1959,success,1
417812,Unknown,27,-1,1960,success,0
418009,Unknown,17,-1,1961,success,0
418206,Unknown,9,-1,1962,success,0
418421,Unknown,14,-1,1963,success,0
418655,Unknown,1,-1,1964,success,1
418871,Unknown,17,-1,1965,success,0
419125,Unknown,25,-1,1966,success,0
419322,Unknown,30,-1,1967,success,0
419518,Unknown,19,-1,1968,success,0
419753,Unknown,7,-1,1969,success,1
419950,Unknown,41,-1,1970,success,1
420147,Unknown,28,-1,1971,success,0
420344,Unknown,28,-1,1972,success,0
420540,Unknown,49,-1,1973,success,0
420755,Unknown,32,-1,1974,success,0
420988,Unknown,47,-1,1975,success,0
421185,Unknown,16,-1,1976,success,1
421472,Unknown,14,-1,1977,success,1
421669,Unknown,34,-1,1978,success,0
421866,Unknown,15,-1,1979,success,0
422064,Unknown,20,-1,1980,success,1
422279,Unknown,47,-1,1981,success,0
422475,Unknown,32,-1,1982,success,0
422691,Unknown,22,-1,1983,success,1
422997,Unknown,25,-1,1984,success,0
423248,Unknown,33,-1,1985,success,0
423535,Unknown,7,-1,1986,success,1
423731,Unknown,45,-1,1987,success,0
423927,Unknown,18,-1,1988,success,0
424124,Unknown,6,-1,1989,success,1
424321,Unknown,7,-1,1990,success,0
424518,Unknown,32,-1,1991,success,0
424751,Unknown,44,-1,1992,success,1
424966,Unknown,26,-1,1993,success,1
425163,Unknown,23,-1,1994,success,1
425397,Unknown,9,-1,1995,success,0
425630,Unknown,12,-1,1996,success,1
425827,Unknown,2,-1,1997,success,0
426025,Unknown,42,-1,1998,success,0
426260,Unknown,43,-1,1999,success,0
426497,Unknown,3,-1,2000,success,0
426695,Unknown,31,-1,2001,success,1
426892,Unknown,0,-1,2002,success,1
427089,Unknown,49,-1,2003,success,0
427286,Unknown,38,-1,2004,success,0
427537,Unknown,45,-1,2005,success,0
427733,Unknown,14,-1,2006,success,0
427931,Unknown,2,-1,2007,success,1
428146,Unknown,15,-1,2008,success,0
428342,Unknown,24,-1,2009,success,0
428594,Unknown,17,-1,2010,success,0
428827,Unknown,31,-1,2011,success,1
429024,Unknown,35,-1,2012,success,0
429224,Unknown,33,-1,2013,success,0
429421,Unknown,36,-1,2014,success,1
429619,Unknown,0,-1,2015,success,1
429815,Unknown,3,-1,2016,success,0
430049,Unknown,5,-1,2017,success,0
430247,Unknown,2,-1,2018,success,1
430444,Unknown,13,-1,2019,success,0
430696,Unknown,14,-1,2020,success,0
430911,Unknown,36,-1,2021,success,1
431165,Unknown,41,-1,2022,success,0
431400,Unknown,48,-1,2023,success,1
431616,Unknown,14,-1,2024,success,0
431813,Unknown,23,-1,2025,success,1
432010,Unknown,10,-1,2026,success,1
432207,Unknown,2,-1,2027,success,1
432404,Unknown,46,-1,2028,success,0
432601,Unknown,30,-1,2029,success,0
432852,Unknown,8,-1,2030,success,1
433048,Unknown,1,-1,2031,success,0
433316,Unknown,43,-1,2032,success,0
433586,Unknown,19,-1,2033,success,1
433800,Unknown,24,-1,2034,success,1
434015,Unknown,6,-1,2035,success,1
434212,Unknown,27,-1,2036,success,0
434483,Unknown,45,-1,2037,success,0
434680,Unknown,35,-1,2038,success,1
434895,Unknown,27,-1,2039,success,1
435092,Unknown,49,-1,2040,success,1
435289,Unknown,48,-1,2041,success,1
435522,Unknown,23,-1,2042,success,1
435719,Unknown,18,-1,2043,success,0
435916,Unknown,17,-1,2044,success,1
436131,Unknown,2,-1,2045,success,1
436365,Unknown,29,-1,2046,success,1
436581,Unknown,39,-1,2047,success,1
436778,Unknown,9,-1,2048,success,1
436994,Unknown,21,-1,2049,success,1
437209,Unknown,15,-1,2050,success,0
437407,Unknown,29,-1,2051,success,0
437603,Unknown,35,-1,2052,success,0
437910,Unknown,21,-1,2053,success,1
438107,Unknown,48,-1,2054,success,0
438360,Unknown,37,-1,2055,success,0
438557,Unknown,0,-1,2056,success,1
438754,Unknown,47,-1,2057,success,1
438971,Unknown,35,-1,2058,success,0
439169,Unknown,14,-1,2059,success,1
439384,Unknown,7,-1,2060,success,0
439582,Unknown,2,-1,2061,success,0
439796,Unknown,2,-1,2062,success,1
440029,Unknown,42,-1,2063,success,0
440226,Unknown,31,-1,2064,success,1
440460,Unknown,9,-1,2065,success,0
440657,Unknown,43,-1,2066,success,0
440889,Unknown,48,-1,2067,success,1
441085,Unknown,41,-1,2068,success,0
441282,Unknown,28,-1,2069,success,1
441534,Unknown,32,-1,2070,success,1
441750,Unknown,31,-1,2071,success,1
441947,Unknown,26,-1,2072,success,1
442163,Unknown,2,-1,2073,success,1
442360,Unknown,44,-1,2074,success,0
442557,Unknown,3,-1,2075,success,1
442789,Unknown,44,-1,2076,success,1
443022,Unknown,42,-1,2077,success,0
443219,Unknown,1,-1,2078,success,1
443435,Unknown,33,-1,2079,success,1
443650,Unknown,8,-1,2080,success,0
443865,Unknown,45,-1,2081,success,0
444097,Unknown,10,-1,2082,success,1
444294,Unknown,25,-1,2083,success,1
444490,Unknown,41,-1,2084,success,0
444813,Unknown,33,-1,2085,success,0
445009,Unknown,49,-1,2086,success,0
445225,Unknown,4,-1,2087,success,0
445421,Unknown,31,-1,2088,success,0
445713,Unknown,42,-1,2089,success,1
445913,Unknown,40,-1,2090,success,1
446110,Unknown,47,-1,2091,success,1
446308,Unknown,36,-1,2092,success,1
446505,Unknown,2,-1,2093,success,0
446702,Unknown,6,-1,2094,success,1
446899,Unknown,20,-1,2095,success,0
447114,Unknown,26,-1,2096,success,1
447333,Unknown,10,-1,2097,success,0
447551,Unknown,40,-1,2098,success,0
447750,Unknown,21,-1,2099,success,0
447946,Unknown,32,-1,2100,success,0
448143,Unknown,16,-1,2101,success,0
448357,Unknown,8,-1,2102,success,0
448574,Unknown,26,-1,2103,success,1
448770,Unknown,11,-1,2104,success,0
448967,Unknown,7,-1,2105,success,0
449183,Unknown,20,-1,2106,success,0
449380,Unknown,31,-1,2107,success,0
449577,Unknown,35,-1,2108,success,0
449792,Unknown,0,-1,2109,success,0
450006,Unknown,3,-1,2110,success,1
450203,Unknown,25,-1,2111,success,0
450400,Unknown,14,-1,2112,success,0
450634,Unknown,38,-1,2113,success,0
450832,Unknown,16,-1,2114,success,1
451066,Unknown,48,-1,2115,success,1
451281,Unknown,11,-1,2116,success,0
451479,Unknown,42,-1,2117,success,0
451676,Unknown,4,-1,2118,success,1
451873,Unknown,10,-1,2119,success,1
452088,Unknown,39,-1,2120,success,1
452285,Unknown,3,-1,2121,success,0
452482,Unknown,29,-1,2122,success,0
452699,Unknown,10,-1,2123,success,0
452895,Unknown,8,-1,2124,success,0
453092,Unknown,34,-1,2125,success,1
453306,Unknown,25,-1,2126,success,1
453503,Unknown,4,-1,2127,success,0
453809,Unknown,41,-1,2128,success,1
454078,Unknown,4,-1,2129,success,0
454275,Unknown,27,-1,2130,success,0
454472,Unknown,26,-1,2131,success,0
454743,Unknown,43,-1,2132,success,0
454978,Unknown,34,-1,2133,success,0
455177,Unknown,6,-1,2134,success,0
455392,Unknown,36,-1,2135,success,0
455609,Unknown,12,-1,2136,success,1
455860,Unknown,16,-1,2137,success,0
456057,Unknown,12,-1,2138,success,0
456382,Unknown,24,-1,2139,success,0
456597,Unknown,41,-1,2140,success,0
456835,Unknown,25,-1,2141,success,0
457032,Unknown,10,-1,2142,success,1
457228,Unknown,10,-1,2143,success,0
457426,Unknown,36,-1,2144,success,0
457678,Unknown,21,-1,2145,success,0
457892,Unknown,43,-1,2146,success,1
458088,Unknown,1,-1,2147,success,0
458286,Unknown,47,-1,2148,success,1
458501,Unknown,29,-1,2149,success,1
458752,Unknown,5,-1,2150,success,1
458985,Unknown,28,-1,2151,success,1
459182,Unknown,32,-1,2152,success,0
459379,Unknown,20,-1,2153,success,1
459576,Unknown,44,-1,2154,success,1
459774,Unknown,5,-1,2155,success,0
459989,Unknown,47,-1,2156,success,1
460258,Unknown,20,-1,2157,success,0
460492,Unknown,12,-1,2158,success,0
460691,Unknown,41,-1,2159,success,1
460889,Unknown,46,-1,2160,success,1
461106,Unknown,2,-1,2161,success,1
461303,Unknown,5,-1,2162,success,1
461538,Unknown,5,-1,2163,success,0
461734,Unknown,20,-1,2164,success,0
461986,Unknown,15,-1,2165,success,1
462183,Unknown,27,-1,2166,success,0
462380,Unknown,0,-1,2167,success,0
462632,Unknown,27,-1,2168,success,1
462829,Unknown,9,-1,2169,success,0
463048,Unknown,48,-1,2170,success,0
463245,Unknown,20,-1,2171,success,0
463442,Unknown,2,-1,2172,success,0
463641,Unknown,44,-1,2173,success,1
463840,Unknown,7,-1,2174,success,0
464037,Unknown,8,-1,2175,success,0
464235,Unknown,31,-1,2176,success,0
464432,Unknown,32,-1,2177,success,0
464647,Unknown,26,-1,2178,success,0
464844,Unknown,5,-1,2179,success,0
465041,Unknown,15,-1,2180,success,1
465240,Unknown,22,-1,2181,success,0
465456,Unknown,49,-1,2182,success,1
465691,Unknown,8,-1,2183,success,0
465906,Unknown,31,-1,2184,success,0
466121,Unknown,41,-1,2185,success,0
466318,Unknown,5,-1,2186,success,0
466515,Unknown,36,-1,2187,success,0
466711,Unknown,41,-1,2188,success,0
466927,Unknown,5,-1,2189,success,0
467143,Unknown,35,-1,2190,success,1
467340,Unknown,38,-1,2191,success,0
467573,Unknown,25,-1,2192,success,0
467791,Unknown,19,-1,2193,success,0
468042,Unknown,22,-1,2194,success,1
468242,Unknown,28,-1,2195,success,0
468528,Unknown,30,-1,2196,success,1
468725,Unknown,17,-1,2197,success,0
468939,Unknown,12,-1,2198,success,1
469136,Unknown,23,-1,2199,success,1
469333,Unknown,44,-1,2200,success,1
469530,Unknown,38,-1,2201,success,0
469746,Unknown,27,-1,2202,success,0
469961,Unknown,4,-1,2203,success,0
470213,Unknown,13,-1,2204,success,0
470410,Unknown,5,-1,2205,success,0
470607,Unknown,18,-1,2206,success,0
470804,Unknown,25,-1,2207,success,1
471000,Unknown,26,-1,2208,success,0
471197,Unknown,40,-1,2209,success,0
471394,Unknown,38,-1,2210,success,1
471591,Unknown,6,-1,2211,success,0
471789,Unknown,38,-1,2212,success,0
472005,Unknown,40,-1,2213,success,0
472202,Unknown,2,-1,2214,success,1
472417,Unknown,44,-1,2215,success,1
472687,Unknown,31,-1,2216,success,1
472884,Unknown,17,-1,2217,success,1
473081,Unknown,29,-1,2218,success,1
473279,Unknown,37,-1,2219,success,1
473531,Unknown,21,-1,2220,success,0
473728,Unknown,47,-1,2221,success,1
473961,Unknown,13,-1,2222,success,0
474158,Unknown,3,-1,2223,success,0
474355,Unknown,38,-1,2224,success,0
474624,Unknown,32,-1,2225,success,1
474822,Unknown,25,-1,2226,success,0
475055,Unknown,12,-1,2227,success,0
475252,Unknown,40,-1,2228,success,0
475449,Unknown,39,-1,2229,success,0
475645,Unknown,47,-1,2230,success,0
475859,Unknown,9,-1,2231,success,1
476057,Unknown,31,-1,2232,success,1
476309,Unknown,40,-1,2233,success,0
476506,Unknown,35,-1,2234,success,1
476739,Unknown,21,-1,2235,success,1
476955,Unknown,25,-1,2236,success,1
477171,Unknown,41,-1,2237,success,1
477368,Unknown,34,-1,2238,success,1
477583,Unknown,37,-1,2239,success,1
477779,Unknown,37,-1,2240,success,0
477975,Unknown,23,-1,2241,success,0
478172,Unknown,2,-1,2242,success,0
478388,Unknown,26,-1,2243,success,0
478605,Unknown,42,-1,2244,success,0
478820,Unknown,1,-1,2245,success,0
479035,Unknown,32,-1,2246,success,1
479269,Unknown,43,-1,2247,success,1
479502,Unknown,43,-1,2248,success,0
479700,Unknown,33,-1,2249,success,1
479896,Unknown,33,-1,2250,success,0
480131,Unknown,8,-1,2251,success,0
480346,Unknown,11,-1,2252,success,0
480544,Unknown,49,-1,2253,success,0
480741,Unknown,48,-1,2254,success,1
480938,Unknown,11,-1,2255,success,0
481152,Unknown,18,-1,2256,success,0
481405,Unknown,5,-1,2257,success,0
481602,Unknown,1,-1,2258,success,1
481799,Unknown,9,-1,2259,success,0
481996,Unknown,48,-1,2260,success,1
482211,Unknown,26,-1,2261,success,0
482445,Unknown,19,-1,2262,success,1
482660,Unknown,43,-1,2263,success,0
482857,Unknown,8,-1,2264,success,0
483090,Unknown,21,-1,2265,success,1
483323,Unknown,38,-1,2266,success,1
483520,Unknown,38,-1,2267,success,0
483735,Unknown,19,-1,2268,success,1
483969,Unknown,45,-1,2269,success,1
484183,Unknown,20,-1,2270,success,0
484380,Unknown,39,-1,2271,success,1
484616,Unknown,7,-1,2272,success,1
484831,Unknown,34,-1,2273,success,0
485028,Unknown,7,-1,2274,success,0
485225,Unknown,28,-1,2275,success,0
485476,Unknown,10,-1,2276,success,0
485692,Unknown,6,-1,2277,success,1
485907,Unknown,7,-1,2278,success,1
486106,Unknown,29,-1,2279,success,1
486303,Unknown,23,-1,2280,success,1
486536,Unknown,29,-1,2281,success,1
486733,Unknown,13,-1,2282,success,0
486930,Unknown,47,-1,2283,success,1
487164,Unknown,44,-1,2284,success,0
487362,Unknown,8,-1,2285,success,0
487559,Unknown,35,-1,2286,success,0
487756,Unknown,1,-1,2287,success,0
487954,Unknown,38,-1,2288,success,0
488169,Unknown,5,-1,2289,success,0
488420,Unknown,2,-1,2290,success,0
488634,Unknown,25,-1,2291,success,1
488849,Unknown,48,-1,2292,success,0
489065,Unknown,16,-1,2293,success,0
489298,Unknown,12,-1,2294,success,1
489495,Unknown,48,-1,2295,success,0
489691,Unknown,20,-1,2296,success,0
489906,Unknown,40,-1,2297,success,0
490175,Unknown,13,-1,2298,success,1
490483,Unknown,38,-1,2299,success,1
490698,Unknown,34,-1,2300,success,1
490894,Unknown,37,-1,2301,success,0
491091,Unknown,43,-1,2302,success,1
491288,Unknown,0,-1,2303,success,0
491485,Unknown,25,-1,2304,success,1
491686,Unknown,29,-1,2305,success,0
491884,Unknown,4,-1,2306,success,1
492081,Unknown,21,-1,2307,success,0
492315,Unknown,32,-1,2308,success,0
492549,Unknown,7,-1,2309,success,1
492745,Unknown,7,-1,2310,success,0
492942,Unknown,7,-1,2311,success,0
493157,Unknown,8,-1,2312,success,1
493354,Unknown,1,-1,2313,success,0
493570,Unknown,0,-1,2314,success,0
493767,Unknown,5,-1,2315,success,0
493963,Unknown,41,-1,2316,success,0
494195,Unknown,30,-1,2317,success,1
494467,Unknown,33,-1,2318,success,0
494664,Unknown,17,-1,2319,success,1
494861,Unknown,46,-1,2320,success,0
495058,Unknown,11,-1,2321,success,1
495255,Unknown,5,-1,2322,success,0
495490,Unknown,46,-1,2323,success,1
495724,Unknown,37,-1,2324,success,0
495921,Unknown,24,-1,2325,success,1
496136,Unknown,1,-1,2326,success,0
496370,Unknown,7,-1,2327,success,1
496584,Unknown,28,-1,2328,success,1
496781,Unknown,7,-1,2329,success,0
496979,Unknown,41,-1,2330,success,0
497176,Unknown,42,-1,2331,success,0
497427,Unknown,49,-1,2332,success,1
497644,Unknown,7,-1,2333,success,0
497876,Unknown,9,-1,2334,success,1
498110,Unknown,10,-1,2335,success,0
498343,Unknown,15,-1,2336,success,1
498563,Unknown,47,-1,2337,success,1
498760,Unknown,8,-1,2338,success,1
498995,Unknown,48,-1,2339,success,0
499192,Unknown,30,-1,2340,success,1
499389,Unknown,4,-1,2341,success,1
499586,Unknown,43,-1,2342,success,1
499801,Unknown,45,-1,2343,success,0
499998,Unknown,2,-1,2344,success,1
500269,Unknown,44,-1,2345,success,1
500466,Unknown,44,-1,2346,success,0
500663,Unknown,6,-1,2347,success,0
500860,Unknown,24,-1,2348,success,0
501094,Unknown,7,-1,2349,success,0
501291,Unknown,37,-1,2350,success,1
501488,Unknown,30,-1,2351,success,0
501685,Unknown,32,-1,2352,success,0
501882,Unknown,36,-1,2353,success,0
502115,Unknown,49,-1,2354,success,0
502332,Unknown,22,-1,2355,success,0
502529,Unknown,13,-1,2356,success,0
502744,Unknown,19,-1,2357,success,1
502941,Unknown,37,-1,2358,success,0
503156,Unknown,34,-1,2359,success,1
503353,Unknown,14,-1,2360,success,0
503568,Unknown,43,-1,2361,success,1
503766,Unknown,38,-1,2362,success,1
503964,Unknown,4,-1,2363,success,0
504161,Unknown,48,-1,2364,success,0
504378,Unknown,7,-1,2365,success,0
504575,Unknown,5,-1,2366,success,0
504773,Unknown,37,-1,2367,success,0
504971,Unknown,30,-1,2368,success,0
505169,Unknown,48,-1,2369,success,0
505384,Unknown,34,-1,2370,success,0
505599,Unknown,26,-1,2371,success,1
505888,Unknown,38,-1,2372,success,1
506085,Unknown,0,-1,2373,success,1
506305,Unknown,25,-1,2374,success,1
506502,Unknown,43,-1,2375,success,1
506699,Unknown,33,-1,2376,success,0
506915,Unknown,0,-1,2377,success,0
507112,Unknown,8,-1,2378,success,0
507310,Unknown,1,-1,2379,success,0
507507,Unknown,46,-1,2380,success,1
507705,Unknown,12,-1,2381,success,0
507903,Unknown,34,-1,2382,success,0
508172,Unknown,22,-1,2383,success,1
508405,Unknown,39,-1,2384,success,0
508603,Unknown,18,-1,2385,success,1
508801,Unknown,11,-1,2386,success,1
509017,Unknown,9,-1,2387,success,1
509213,Unknown,5,-1,2388,success,0
509410,Unknown,33,-1,2389,success,0
509607,Unknown,42,-1,2390,success,1
509803,Unknown,42,-1,2391,success,0
510000,Unknown,20,-1,2392,success,0
510197,Unknown,35,-1,2393,success,0
510430,Unknown,37,-1,2394,success,0
510627,Unknown,19,-1,2395,success,0
510824,Unknown,46,-1,2396,success,1
511039,Unknown,9,-1,2397,success,1
511254,Unknown,25,-1,2398,success,1
511469,Unknown,38,-1,2399,success,0
511666,Unknown,26,-1,2400,success,1
511880,Unknown,7,-1,2401,success,1
512077,Unknown,44,-1,2402,success,0
512291,Unknown,28,-1,2403,success,1
512506,Unknown,48,-1,2404,success,0
512703,Unknown,27,-1,2405,success,0
512900,Unknown,30,-1,2406,success,1
513114,Unknown,29,-1,2407,success,1
513329,Unknown,14,-1,2408,success,0
513652,Unknown,27,-1,2409,success,1
513849,Unknown,45,-1,2410,success,1
514046,Unknown,36,-1,2411,success,0
514262,Unknown,4,-1,2412,success,0
514476,Unknown,23,-1,2413,success,1
514674,Unknown,34,-1,2414,success,0
514888,Unknown,30,-1,2415,success,0
515121,Unknown,37,-1,2416,success,0
515318,Unknown,19,-1,2417,success,0
515569,Unknown,42,-1,2418,success,1
515785,Unknown,10,-1,2419,success,0
516037,Unknown,12,-1,2420,success,0
516234,Unknown,4,-1,2421,success,1
516451,Unknown,42,-1,2422,success,1
516648,Unknown,43,-1,2423,success,0
516845,Unknown,28,-1,2424,success,1
517044,Unknown,48,-1,2425,success,0
517312,Unknown,42,-1,2426,success,1
517509,Unknown,3,-1,2427,success,0
517724,Unknown,13,-1,2428,success,1
517922,Unknown,40,-1,2429,success,0
518119,Unknown,6,-1,2430,success,0
518317,Unknown,22,-1,2431,success,0
518514,Unknown,20,-1,2432,success,1
518747,Unknown,37,-1,2433,success,1
518944,Unknown,7,-1,2434,success,0
519141,Unknown,42,-1,2435,success,0
519338,Unknown,44,-1,2436,success,0
519627,Unknown,31,-1,2437,success,1
519842,Unknown,41,-1,2438,success,1
520058,Unknown,21,-1,2439,success,1
520255,Unknown,8,-1,2440,success,1
520452,Unknown,15,-1,2441,success,1
520650,Unknown,37,-1,2442,success,0
520883,Unknown,17,-1,2443,success,0
521080,Unknown,22,-1,2444,success,1
521333,Unknown,13,-1,2445,success,1
521531,Unknown,8,-1,2446,success,0
521728,Unknown,13,-1,2447,success,0
521943,Unknown,35,-1,2448,success,0
522140,Unknown,46,-1,2449,success,1
522373,Unknown,15,-1,2450,success,1
522570,Unknown,13,-1,2451,success,1
522803,Unknown,25,-1,2452,success,0
523018,Unknown,23,-1,2453,success,0
523215,Unknown,0,-1,2454,success,0
523412,Unknown,40,-1,2455,success,0
523626,Unknown,22,-1,2456,success,1
524007,Unknown,45,-1,2457,success,0
524204,Unknown,39,-1,2458,success,1
524401,Unknown,1,-1,2459,success,1
524600,Unknown,14,-1,2460,success,0
524817,Unknown,40,-1,2461,success,1
525015,Unknown,15,-1,2462,success,1
525247,Unknown,2,-1,2463,success,0
525444,Unknown,26,-1,2464,success,0
525676,Unknown,2,-1,2465,success,1
525874,Unknown,32,-1,2466,success,1
526125,Unknown,20,-1,2467,success,1
526321,Unknown,4,-1,2468,success,0
526554,Unknown,41,-1,2469,success,0
526752,Unknown,13,-1,2470,success,1
527005,Unknown,2,-1,2471,success,1
527220,Unknown,24,-1,2472,success,1
527417,Unknown,23,-1,2473,success,1
527615,Unknown,13,-1,2474,success,1
527830,Unknown,9,-1,2475,success,1
528066,Unknown,34,-1,2476,success,0
528263,Unknown,49,-1,2477,success,1
528460,Unknown,35,-1,2478,success,0
528712,Unknown,18,-1,2479,success,0
528944,Unknown,15,-1,2480,success,0
529178,Unknown,14,-1,2481,success,1
529394,Unknown,3,-1,2482,success,1
529591,Unknown,34,-1,2483,success,0
529789,Unknown,23,-1,2484,success,1
530004,Unknown,26,-1,2485,success,0
530236,Unknown,3,-1,2486,success,1
530433,Unknown,35,-1,2487,success,0
530630,Unknown,18,-1,2488,success,0
530827,Unknown,11,-1,2489,success,1
531042,Unknown,42,-1,2490,success,0
531239,Unknown,39,-1,2491,success,0
531455,Unknown,34,-1,2492,success,0
531689,Unknown,44,-1,2493,success,1
531885,Unknown,2,-1,2494,success,0
532118,Unknown,1,-1,2495,success,0
532334,Unknown,37,-1,2496,success,1
532586,Unknown,49,-1,2497,success,0
532802,Unknown,0,-1,2498,success,0
533035,Unknown,42,-1,2499,success,0
533232,Unknown,9,-1,2500,success,0
533447,Unknown,49,-1,2501,success,0
533662,Unknown,40,-1,2502,success,1
533876,Unknown,37,-1,2503,success,1
534109,Unknown,32,-1,2504,success,0
534305,Unknown,32,-1,2505,success,0
534538,Unknown,16,-1,2506,success,0
534734,Unknown,37,-1,2507,success,0
534931,Unknown,28,-1,2508,success,0
535128,Unknown,22,-1,2509,success,0
535325,Unknown,25,-1,2510,success,0
535522,Unknown,46,-1,2511,success,0
535719,Unknown,15,-1,2512,success,1
535915,Unknown,5,-1,2513,success,0
536112,Unknown,13,-1,2514,success,1
536327,Unknown,4,-1,2515,success,0
536559,Unknown,9,-1,2516,success,1
536774,Unknown,49,-1,2517,success,1
536971,Unknown,36,-1,2518,success,0
537185,Unknown,13,-1,2519,success,1
537382,Unknown,8,-1,2520,success,0
537579,Unknown,1,-1,2521,success,1
537794,Unknown,45,-1,2522,success,0
537991,Unknown,27,-1,2523,success,1
538224,Unknown,19,-1,2524,success,0
538420,Unknown,41,-1,2525,success,0
538674,Unknown,24,-1,2526,success,0
538905,Unknown,1,-1,2527,success,0
539119,Unknown,21,-1,2528,success,1
539316,Unknown,25,-1,2529,success,0
539530,Unknown,16,-1,2530,success,0
539766,Unknown,33,-1,2531,success,1
539980,Unknown,29,-1,2532,success,0
540212,Unknown,24,-1,2533,success,1
540483,Unknown,31,-1,2534,success,0
540680,Unknown,30,-1,2535,success,1
540878,Unknown,33,-1,2536,success,0
541076,Unknown,44,-1,2537,success,1
541273,Unknown,21,-1,2538,success,1
541509,Unknown,11,-1,2539,success,0
541725,Unknown,44,-1,2540,success,0
541922,Unknown,6,-1,2541,success,1
542120,Unknown,28,-1,2542,success,0
542317,Unknown,22,-1,2543,success,0
542533,Unknown,38,-1,2544,success,0
542803,Unknown,43,-1,2545,success,0
543074,Unknown,39,-1,2546,success,1
543271,Unknown,7,-1,2547,success,1
543468,Unknown,18,-1,2548,success,0
543682,Unknown,13,-1,2549,success,0
543883,Unknown,46,-1,2550,success,0
544079,Unknown,27,-1,2551,success,0
544276,Unknown,6,-1,2552,success,0
544491,Unknown,31,-1,2553,success,0
544688,Unknown,43,-1,2554,success,0
544902,Unknown,29,-1,2555,success,1
545098,Unknown,16,-1,2556,success,0
545296,Unknown,19,-1,2557,success,1
545511,Unknown,38,-1,2558,success,1
545708,Unknown,11,-1,2559,success,1
545923,Unknown,20,-1,2560,success,1
546158,Unknown,3,-1,2561,success,0
546355,Unknown,48,-1,2562,success,0
546570,Unknown,9,-1,2563,success,1
546805,Unknown,10,-1,2564,success,1
547001,Unknown,36,-1,2565,success,0
547235,Unknown,23,-1,2566,success,1
547468,Unknown,30,-1,2567,success,0
547722,Unknown,17,-1,2568,success,0
547919,Unknown,38,-1,2569,success,0
548117,Unknown,21,-1,2570,success,1
548369,Unknown,40,-1,2571,success,1
548585,Unknown,13,-1,2572,success,1
548817,Unknown,16,-1,2573,success,0
549014,Unknown,45,-1,2574,success,1
549211,Unknown,7,-1,2575,success,0
549408,Unknown,11,-1,2576,success,1
549605,Unknown,15,-1,2577,success,1
549893,Unknown,45,-1,2578,success,1
550130,Unknown,25,-1,2579,success,0
550327,Unknown,33,-1,2580,success,1
550562,Unknown,8,-1,2581,success,0
550760,Unknown,33,-1,2582,success,0
550957,Unknown,15,-1,2583,success,1
551172,Unknown,23,-1,2584,success,0
551371,Unknown,28,-1,2585,success,0
551568,Unknown,20,-1,2586,success,0
551783,Unknown,29,-1,2587,success,0
551999,Unknown,2,-1,2588,success,0
552196,Unknown,4,-1,2589,success,0
552505,Unknown,39,-1,2590,success,0
552719,Unknown,19,-1,2591,success,0
552918,Unknown,49,-1,2592,success,1
553116,Unknown,1,-1,2593,success,0
553351,Unknown,13,-1,2594,success,1
553548,Unknown,31,-1,2595,success,1
553765,Unknown,5,-1,2596,success,0
553981,Unknown,35,-1,2597,success,0
554195,Unknown,39,-1,2598,success,1
554490,Unknown,21,-1,2599,success,0
554687,Unknown,38,-1,2600,success,1
554906,Unknown,31,-1,2601,success,1
555103,Unknown,22,-1,2602,success,0
555300,Unknown,13,-1,2603,success,0
555515,Unknown,40,-1,2604,success,1
555712,Unknown,8,-1,2605,success,1
555946,Unknown,47,-1,2606,success,1
556142,Unknown,5,-1,2607,success,0
556377,Unknown,45,-1,2608,success,1
556611,Unknown,16,-1,2609,success,0
556887,Unknown,2,-1,2610,success,1
557101,Unknown,24,-1,2611,success,0
557299,Unknown,10,-1,2612,success,1
557496,Unknown,38,-1,2613,success,0
557693,Unknown,30,-1,2614,success,0
557929,Unknown,12,-1,2615,success,1
558144,Unknown,40,-1,2616,success,1
558342,Unknown,4,-1,2617,success,0
558539,Unknown,49,-1,2618,success,0
558735,Unknown,24,-1,2619,success,0
558933,Unknown,10,-1,2620,success,1
559131,Unknown,29,-1,2621,success,1
559364,Unknown,11,-1,2622,success,1
559561,Unknown,26,-1,2623,success,1
559758,Unknown,0,-1,2624,success,1
559955,Unknown,34,-1,2625,success,1
560171,Unknown,42,-1,2626,success,1
560386,Unknown,12,-1,2627,success,0
560601,Unknown,0,-1,2628,success,0
560891,Unknown,17,-1,2629,success,1
561090,Unknown,18,-1,2630,success,1
561305,Unknown,42,-1,2631,success,1
561502,Unknown,21,-1,2632,success,0
561699,Unknown,43,-1,2633,success,1
561914,Unknown,45,-1,2634,success,1
562130,Unknown,31,-1,2635,success,1
562327,Unknown,15,-1,2636,success,0
562634,Unknown,43,-1,2637,success,0
562849,Unknown,11,-1,2638,success,0
563046,Unknown,43,-1,2639,success,0
563242,Unknown,38,-1,2640,success,0
563439,Unknown,30,-1,2641,success,0
563638,Unknown,29,-1,2642,success,1
563855,Unknown,7,-1,2643,success,0
564089,Unknown,29,-1,2644,success,0
564286,Unknown,32,-1,2645,success,0
564520,Unknown,13,-1,2646,success,0
564716,Unknown,20,-1,2647,success,0
564914,Unknown,1,-1,2648,success,1
565111,Unknown,41,-1,2649,success,0
565308,Unknown,29,-1,2650,success,0
565542,Unknown,22,-1,2651,success,0
565757,Unknown,35,-1,2652,success,0
565955,Unknown,23,-1,2653,success,0
566171,Unknown,6,-1,2654,success,0
566368,Unknown,40,-1,2655,success,0
566586,Unknown,12,-1,2656,success,1
566819,Unknown,42,-1,2657,success,0
567093,Unknown,32,-1,2658,success,1
567309,Unknown,20,-1,2659,success,0
567506,Unknown,22,-1,2660,success,1
567724,Unknown,24,-1,2661,success,1
567921,Unknown,14,-1,2662,success,1
568118,Unknown,17,-1,2663,success,1
568317,Unknown,13,-1,2664,success,1
568515,Unknown,7,-1,2665,success,0
568731,Unknown,34,-1,2666,success,1
568928,Unknown,4,-1,2667,success,0
569145,Unknown,24,-1,2668,success,0
569341,Unknown,21,-1,2669,success,0
569539,Unknown,25,-1,2670,success,0
569736,Unknown,12,-1,2671,success,0
569934,Unknown,13,-1,2672,success,0
570133,Unknown,9,-1,2673,success,0
570330,Unknown,47,-1,2674,success,0
570527,Unknown,37,-1,2675,success,0
570761,Unknown,1,-1,2676,success,0
570977,Unknown,49,-1,2677,success,1
571174,Unknown,33,-1,2678,success,0
571389,Unknown,27,-1,2679,success,1
571603,Unknown,37,-1,2680,success,1
571801,Unknown,17,-1,2681,success,1
571997,Unknown,44,-1,2682,success,0
572211,Unknown,32,-1,2683,success,1
572425,Unknown,46,-1,2684,success,1
572732,Unknown,45,-1,2685,success,1
572929,Unknown,39,-1,2686,success,1
573126,Unknown,23,-1,2687,success,0
573323,Unknown,22,-1,2688,success,0
573557,Unknown,16,-1,2689,success,1
573753,Unknown,16,-1,2690,success,0
573950,Unknown,35,-1,2691,success,0
574165,Unknown,49,-1,2692,success,0
574362,Unknown,8,-1,2693,success,1
574577,Unknown,5,-1,2694,success,1
574882,Unknown,26,-1,2695,success,1
575097,Unknown,1,-1,2696,success,1
575368,Unknown,16,-1,2697,success,1
575564,Unknown,26,-1,2698,success,0
575762,Unknown,5,-1,2699,success,0
575959,Unknown,30,-1,2700,success,1
576155,Unknown,13,-1,2701,success,0
576352,Unknown,41,-1,2702,success,1
576569,Unknown,17,-1,2703,success,0
576804,Unknown,9,-1,2704,success,0
577093,Unknown,49,-1,2705,success,0
577308,Unknown,28,-1,2706,success,0
577578,Unknown,6,-1,2707,success,1
577777,Unknown,13,-1,2708,success,0
577994,Unknown,24,-1,2709,success,1
578208,Unknown,25,-1,2710,success,1
578406,Unknown,45,-1,2711,success,0
578604,Unknown,20,-1,2712,success,1
578801,Unknown,46,-1,2713,success,0
578998,Unknown,31,-1,2714,success,0
579231,Unknown,7,-1,2715,success,1
579463,Unknown,45,-1,2716,success,1
579660,Unknown,24,-1,2717,success,1
579859,Unknown,47,-1,2718,success,0
580058,Unknown,40,-1,2719,success,0
580273,Unknown,44,-1,2720,success,1
580544,Unknown,7,-1,2721,success,1
580741,Unknown,41,-1,2722,success,1
580974,Unknown,5,-1,2723,success,0
581171,Unknown,47,-1,2724,success,0
581368,Unknown,25,-1,2725,success,1
581602,Unknown,21,-1,2726,success,1
581799,Unknown,47,-1,2727,success,0
581996,Unknown,16,-1,2728,success,1
582210,Unknown,45,-1,2729,success,0
582406,Unknown,24,-1,2730,success,0
582603,Unknown,40,-1,2731,success,0
582800,Unknown,15,-1,2732,success,0
583034,Unknown,2,-1,2733,success,1
583230,Unknown,38,-1,2734,success,0
583463,Unknown,13,-1,2735,success,0
583695,Unknown,46,-1,2736,success,1
583891,Unknown,2,-1,2737,success,0
584106,Unknown,8,-1,2738,success,1
584357,Unknown,27,-1,2739,success,1
584573,Unknown,37,-1,2740,success,1
584769,Unknown,7,-1,2741,success,0
584966,Unknown,30,-1,2742,success,1
585181,Unknown,47,-1,2743,success,1
585414,Unknown,14,-1,2744,success,1
585722,Unknown,47,-1,2745,success,0
585919,Unknown,18,-1,2746,success,1
586118,Unknown,15,-1,2747,success,1
586315,Unknown,40,-1,2748,success,1
586530,Unknown,2,-1,2749,success,1
586745,Unknown,4,-1,2750,success,1
586942,Unknown,45,-1,2751,success,0
587157,Unknown,33,-1,2752,success,0
587355,Unknown,35,-1,2753,success,1
587642,Unknown,6,-1,2754,success,0
587858,Unknown,35,-1,2755,success,1
588055,Unknown,24,-1,2756,success,1
588271,Unknown,25,-1,2757,success,1
588467,Unknown,25,-1,2758,success,0
588699,Unknown,24,-1,2759,success,1
588896,Unknown,30,-1,2760,success,1
589150,Unknown,4,-1,2761,success,1
589346,Unknown,8,-1,2762,success,0
589579,Unknown,3,-1,2763,success,1
589905,Unknown,0,-1,2764,success,1
590102,Unknown,11,-1,2765,success,1
590299,Unknown,38,-1,2766,success,1
590496,Unknown,24,-1,2767,success,1
590693,Unknown,46,-1,2768,success,1
590927,Unknown,49,-1,2769,success,0
591142,Unknown,20,-1,2770,success,1
591357,Unknown,1,-1,2771,success,1
591554,Unknown,10,-1,2772,success,1
591787,Unknown,18,-1,2773,success,1
592021,Unknown,32,-1,2774,success,1
592254,Unknown,27,-1,2775,success,1
592452,Unknown,31,-1,2776,success,1
592667,Unknown,29,-1,2777,success,0
592863,Unknown,21,-1,2778,success,0
593077,Unknown,18,-1,2779,success,1
593310,Unknown,40,-1,2780,success,1
593526,Unknown,9,-1,2781,success,1
593740,Unknown,38,-1,2782,success,1
594009,Unknown,38,-1,2783,success,0
594205,Unknown,19,-1,2784,success,0
594404,Unknown,18,-1,2785,success,0
594619,Unknown,32,-1,2786,success,1
594816,Unknown,42,-1,2787,success,1
595013,Unknown,37,-1,2788,success,1
595266,Unknown,30,-1,2789,success,0
595521,Unknown,3,-1,2790,success,0
595718,Unknown,18,-1,2791,success,1
595914,Unknown,43,-1,2792,success,0
596112,Unknown,42,-1,2793,success,1
596309,Unknown,21,-1,2794,success,0
596506,Unknown,18,-1,2795,success,0
596703,Unknown,35,-1,2796,success,0
596937,Unknown,20,-1,2797,success,0
597154,Unknown,46,-1,2798,success,0
597425,Unknown,27,-1,2799,success,1
597659,Unknown,5,-1,2800,success,0
597875,Unknown,22,-1,2801,success,0
598092,Unknown,14,-1,2802,success,1
598289,Unknown,23,-1,2803,success,0
598486,Unknown,39,-1,2804,success,1
598683,Unknown,40,-1,2805,success,0
598880,Unknown,17,-1,2806,success,0
599095,Unknown,43,-1,2807,success,1
599311,Unknown,3,-1,2808,success,1
599545,Unknown,20,-1,2809,success,0
599741,Unknown,20,-1,2810,success,0
599939,Unknown,12,-1,2811,success,1
600136,Unknown,37,-1,2812,success,0
600353,Unknown,16,-1,2813,success,1
600550,Unknown,43,-1,2814,success,0
600747,Unknown,27,-1,2815,success,0
600943,Unknown,35,-1,2816,success,0
601158,Unknown,27,-1,2817,success,0
601356,Unknown,31,-1,2818,success,0
601571,Unknown,1,-1,2819,success,0
601768,Unknown,17,-1,2820,success,0
601966,Unknown,22,-1,2821,success,0
602164,Unknown,21,-1,2822,success,0
602382,Unknown,45,-1,2823,success,1
602578,Unknown,11,-1,2824,success,0
602829,Unknown,16,-1,2825,success,0
603064,Unknown,35,-1,2826,success,0
603261,Unknown,47,-1,2827,success,0
603494,Unknown,10,-1,2828,success,0
603691,Unknown,41,-1,2829,success,0
603924,Unknown,28,-1,2830,success,1
604122,Unknown,1,-1,2831,success,1
604318,Unknown,26,-1,2832,success,0
604607,Unknown,4,-1,2833,success,0
604840,Unknown,9,-1,2834,success,1
605093,Unknown,0,-1,2835,success,1
605290,Unknown,19,-1,2836,success,0
605487,Unknown,26,-1,2837,success,0
605702,Unknown,14,-1,2838,success,1
605936,Unknown,44,-1,2839,success,0
606150,Unknown,49,-1,2840,success,0
606347,Unknown,21,-1,2841,success,1
606581,Unknown,13,-1,2842,success,0
606814,Unknown,42,-1,2843,success,1
607011,Unknown,20,-1,2844,success,1
607226,Unknown,46,-1,2845,success,1
607443,Unknown,16,-1,2846,success,1
607640,Unknown,6,-1,2847,success,1
607874,Unknown,0,-1,2848,success,1
608091,Unknown,43,-1,2849,success,1
608306,Unknown,46,-1,2850,success,1
608502,Unknown,24,-1,2851,success,0
608700,Unknown,4,-1,2852,success,0
608896,Unknown,14,-1,2853,success,0
609093,Unknown,8,-1,2854,success,0
609327,Unknown,35,-1,2855,success,0
609614,Unknown,27,-1,2856,success,1
609849,Unknown,17,-1,2857,success,1
610046,Unknown,18,-1,2858,success,0
610261,Unknown,10,-1,2859,success,1
610460,Unknown,2,-1,2860,success,1
610696,Unknown,34,-1,2861,success,0
610894,Unknown,11,-1,2862,success,0
611091,Unknown,5,-1,2863,success,0
611291,Unknown,34,-1,2864,success,0
611489,Unknown,30,-1,2865,success,1
611687,Unknown,45,-1,2866,success,1
611884,Unknown,45,-1,2867,success,0
612081,Unknown,31,-1,2868,success,1
612278,Unknown,24,-1,2869,success,1
612475,Unknown,45,-1,2870,success,0
612783,Unknown,33,-1,2871,success,1
612981,Unknown,28,-1,2872,success,1
613197,Unknown,1,-1,2873,success,0
613393,Unknown,38,-1,2874,success,0
613590,Unknown,26,-1,2875,success,0
613787,Unknown,29,-1,2876,success,1
614023,Unknown,6,-1,2877,success,1
614219,Unknown,19,-1,2878,success,0
614434,Unknown,45,-1,2879,success,1
614631,Unknown,17,-1,2880,success,0
614847,Unknown,30,-1,2881,success,0
615043,Unknown,23,-1,2882,success,0
615240,Unknown,9,-1,2883,success,1
615438,Unknown,19,-1,2884,success,0
615635,Unknown,15,-1,2885,success,1
615868,Unknown,47,-1,2886,success,0
616065,Unknown,45,-1,2887,success,0
616353,Unknown,17,-1,2888,success,0
616585,Unknown,41,-1,2889,success,0
616799,Unknown,15,-1,2890,success,0
616995,Unknown,49,-1,2891,success,0
617210,Unknown,46,-1,2892,success,0
617407,Unknown,14,-1,2893,success,0
617604,Unknown,33,-1,2894,success,0
617818,Unknown,26,-1,2895,success,1
618034,Unknown,32,-1,2896,success,0
618269,Unknown,38,-1,2897,success,0
618484,Unknown,23,-1,2898,success,0
618717,Unknown,14,-1,2899,success,1
618915,Unknown,19,-1,2900,success,1
619112,Unknown,36,-1,2901,success,1
619365,Unknown,48,-1,2902,success,1
619598,Unknown,47,-1,2903,success,1
619794,Unknown,31,-1,2904,success,0
619991,Unknown,16,-1,2905,success,0
620206,Unknown,42,-1,2906,success,0
620404,Unknown,34,-1,2907,success,1
620637,Unknown,37,-1,2908,success,0
620870,Unknown,49,-1,2909,success,1
621104,Unknown,11,-1,2910,success,1
621301,Unknown,33,-1,2911,success,0
621499,Unknown,49,-1,2912,success,0
621714,Unknown,11,-1,2913,success,0
621929,Unknown,19,-1,2914,success,1
622180,Unknown,24,-1,2915,success,0
622397,Unknown,47,-1,2916,success,1
622594,Unknown,27,-1,2917,success,1
622809,Unknown,17,-1,2918,success,1
623082,Unknown,2,-1,2919,success,1
623279,Unknown,1,-1,2920,success,1
623475,Unknown,1,-1,2921,success,0
623671,Unknown,1,-1,2922,success,0
623868,Unknown,38,-1,2923,success,0
624064,Unknown,20,-1,2924,success,0
624261,Unknown,14,-1,2925,success,1
624459,Unknown,39,-1,2926,success,0
624674,Unknown,33,-1,2927,success,0
624889,Unknown,25,-1,2928,success,0
625086,Unknown,43,-1,2929,success,1
625283,Unknown,39,-1,2930,success,0
625480,Unknown,43,-1,2931,success,0
625732,Unknown,44,-1,2932,success,0
625929,Unknown,45,-1,2933,success,1
626126,Unknown,29,-1,2934,success,0
626323,Unknown,36,-1,2935,success,0
626521,Unknown,24,-1,2936,success,0
626718,Unknown,25,-1,2937,success,0
627007,Unknown,10,-1,2938,success,0
627204,Unknown,21,-1,2939,success,0
627402,Unknown,14,-1,2940,success,1
627601,Unknown,2,-1,2941,success,1
627816,Unknown,28,-1,2942,success,0
628032,Unknown,14,-1,2943,success,0
628228,Unknown,34,-1,2944,success,0
628426,Unknown,2,-1,2945,success,0
628660,Unknown,25,-1,2946,success,0
628857,Unknown,44,-1,2947,success,1
629092,Unknown,21,-1,2948,success,0
629324,Unknown,29,-1,2949,success,1
629595,Unknown,2,-1,2950,success,0
629792,Unknown,7,-1,2951,success,1
629989,Unknown,8,-1,2952,success,0
630205,Unknown,41,-1,2953,success,0
630441,Unknown,30,-1,2954,success,0
630656,Unknown,11,-1,2955,success,0
630854,Unknown,19,-1,2956,success,0
631050,Unknown,19,-1,2957,success,0
631247,Unknown,7,-1,2958,success,0
631444,Unknown,18,-1,2959,success,0
631640,Unknown,18,-1,2960,success,0
631837,Unknown,4,-1,2961,success,1
632033,Unknown,4,-1,2962,success,0
632375,Unknown,45,-1,2963,success,1
632626,Unknown,45,-1,2964,success,0
632823,Unknown,47,-1,2965,success,0
633020,Unknown,48,-1,2966,success,1
633235,Unknown,21,-1,2967,success,0
633432,Unknown,1,-1,2968,success,0
633629,Unknown,17,-1,2969,success,0
633826,Unknown,40,-1,2970,success,1
634023,Unknown,24,-1,2971,success,0
634220,Unknown,42,-1,2972,success,0
634490,Unknown,21,-1,2973,success,0
634688,Unknown,11,-1,2974,success,0
634904,Unknown,8,-1,2975,success,0
635100,Unknown,23,-1,2976,success,0
635297,Unknown,5,-1,2977,success,0
635680,Unknown,14,-1,2978,success,0
635877,Unknown,37,-1,2979,success,0
636148,Unknown,49,-1,2980,success,1
636345,Unknown,24,-1,2981,success,0
636599,Unknown,14,-1,2982,success,1
636854,Unknown,18,-1,2983,success,0
637052,Unknown,17,-1,2984,success,0
637251,Unknown,34,-1,2985,success,1
637448,Unknown,33,-1,2986,success,0
637645,Unknown,49,-1,2987,success,0
637863,Unknown,45,-1,2988,success,0
638062,Unknown,21,-1,2989,success,1
638259,Unknown,14,-1,2990,success,1
638491,Unknown,3,-1,2991,success,0
638689,Unknown,44,-1,2992,success,1
638887,Unknown,36,-1,2993,success,0
639103,Unknown,17,-1,2994,success,1
639300,Unknown,21,-1,2995,success,0
639497,Unknown,2,-1,2996,success,0
639695,Unknown,37,-1,2997,success,1
639909,Unknown,2,-1,2998,success,1
640106,Unknown,33,-1,2999,success,0
640321,Unknown,10,-1,3000,success,0
640554,Unknown,12,-1,3001,success,1
640770,Unknown,11,-1,3002,success,0
640967,Unknown,42,-1,3003,success,0
641164,Unknown,4,-1,3004,success,0
641380,Unknown,24,-1,3005,success,1
641595,Unknown,16,-1,3006,success,1
641829,Unknown,21,-1,3007,success,0
642026,Unknown,25,-1,3008,success,0
642223,Unknown,37,-1,3009,success,0
642421,Unknown,38,-1,3010,success,1
642654,Unknown,0,-1,3011,success,1
642851,Unknown,47,-1,3012,success,1
643066,Unknown,27,-1,3013,success,0
643263,Unknown,0,-1,3014,success,0
643460,Unknown,9,-1,3015,success,1
643657,Unknown,49,-1,3016,success,1
643926,Unknown,44,-1,3017,success,1
644158,Unknown,14,-1,3018,success,1
644392,Unknown,25,-1,3019,success,1
644588,Unknown,41,-1,3020,success,0
644875,Unknown,36,-1,3021,success,0
645072,Unknown,22,-1,3022,success,0
645269,Unknown,12,-1,3023,success,0
645466,Unknown,17,-1,3024,success,0
645683,Unknown,4,-1,3025,success,0
645934,Unknown,30,-1,3026,success,1
646130,Unknown,31,-1,3027,success,0
646328,Unknown,14,-1,3028,success,1
646543,Unknown,3,-1,3029,success,0
646757,Unknown,23,-1,3030,success,1
646953,Unknown,18,-1,3031,success,0
647151,Unknown,12,-1,3032,success,1
647347,Unknown,12,-1,3033,success,0
647580,Unknown,47,-1,3034,success,0
647814,Unknown,38,-1,3035,success,0
648013,Unknown,42,-1,3036,success,1
648247,Unknown,41,-1,3037,success,1
648463,Unknown,12,-1,3038,success,0
648679,Unknown,9,-1,3039,success,1
648876,Unknown,26,-1,3040,success,0
649111,Unknown,36,-1,3041,success,1
649308,Unknown,10,-1,3042,success,1
649542,Unknown,10,-1,3043,success,0
649757,Unknown,18,-1,3044,success,0
649955,Unknown,32,-1,3045,success,0
650152,Unknown,22,-1,3046,success,1
650422,Unknown,20,-1,3047,success,1
650619,Unknown,28,-1,3048,success,1
650835,Unknown,30,-1,3049,success,0
651051,Unknown,12,-1,3050,success,1
651249,Unknown,5,-1,3051,success,0
651483,Unknown,27,-1,3052,success,0
651718,Unknown,48,-1,3053,success,1
651951,Unknown,31,-1,3054,success,0
652168,Unknown,22,-1,3055,success,1
652367,Unknown,38,-1,3056,success,1
652567,Unknown,20,-1,3057,success,0
652782,Unknown,0,-1,3058,success,1
652979,Unknown,26,-1,3059,success,0
653177,Unknown,42,-1,3060,success,1
653432,Unknown,34,-1,3061,success,0
653696,Unknown,14,-1,3062,success,0
653895,Unknown,40,-1,3063,success,1
654094,Unknown,1,-1,3064,success,0
654290,Unknown,9,-1,3065,success,0
654526,Unknown,45,-1,3066,success,1
654725,Unknown,8,-1,3067,success,0
654946,Unknown,18,-1,3068,success,1
655143,Unknown,9,-1,3069,success,0
655341,Unknown,31,-1,3070,success,0
655537,Unknown,0,-1,3071,success,0
655776,Unknown,43,-1,3072,success,1
655991,Unknown,43,-1,3073,success,1
656206,Unknown,24,-1,3074,success,0
656402,Unknown,3,-1,3075,success,0
656598,Unknown,20,-1,3076,success,0
656812,Unknown,34,-1,3077,success,1
657029,Unknown,11,-1,3078,success,1
657226,Unknown,33,-1,3079,success,1
657443,Unknown,26,-1,3080,success,0
657641,Unknown,43,-1,3081,success,0
657838,Unknown,20,-1,3082,success,0
658035,Unknown,25,-1,3083,success,0
658250,Unknown,35,-1,3084,success,0
658465,Unknown,30,-1,3085,success,1
658680,Unknown,22,-1,3086,success,0
658876,Unknown,22,-1,3087,success,0
659131,Unknown,13,-1,3088,success,0
659366,Unknown,7,-1,3089,success,0
659562,Unknown,20,-1,3090,success,0
659759,Unknown,8,-1,3091,success,1
660012,Unknown,15,-1,3092,success,0
660209,Unknown,9,-1,3093,success,0
660406,Unknown,30,-1,3094,success,1
660603,Unknown,42,-1,3095,success,0
660800,Unknown,19,-1,3096,success,0
660998,Unknown,26,-1,3097,success,1
661196,Unknown,29,-1,3098,success,1
661394,Unknown,36,-1,3099,success,0
661591,Unknown,17,-1,3100,success,0
661824,Unknown,27,-1,3101,success,1
662021,Unknown,38,-1,3102,success,0
662274,Unknown,12,-1,3103,success,1
662471,Unknown,49,-1,3104,success,1
662705,Unknown,43,-1,3105,success,0
662940,Unknown,26,-1,3106,success,1
663141,Unknown,48,-1,3107,success,1
663357,Unknown,29,-1,3108,success,0
663590,Unknown,18,-1,3109,success,0
663787,Unknown,17,-1,3110,success,0
663983,Unknown,39,-1,3111,success,0
664292,Unknown,12,-1,3112,success,0
664489,Unknown,13,-1,3113,success,0
664705,Unknown,49,-1,3114,success,1
664902,Unknown,7,-1,3115,success,1
665099,Unknown,47,-1,3116,success,0
665315,Unknown,15,-1,3117,success,0
665569,Unknown,26,-1,3118,success,0
665765,Unknown,21,-1,3119,success,0
666000,Unknown,17,-1,3120,success,0
666271,Unknown,9,-1,3121,success,1
666522,Unknown,48,-1,3122,success,1
666737,Unknown,29,-1,3123,success,1
666935,Unknown,38,-1,3124,success,1
667186,Unknown,26,-1,3125,success,1
667455,Unknown,11,-1,3126,success,0
667654,Unknown,0,-1,3127,success,1
667851,Unknown,30,-1,3128,success,1
668049,Unknown,25,-1,3129,success,1
668245,Unknown,1,-1,3130,success,0
668460,Unknown,45,-1,3131,success,0
668711,Unknown,24,-1,3132,success,0
668909,Unknown,17,-1,3133,success,0
669108,Unknown,46,-1,3134,success,1
669304,Unknown,6,-1,3135,success,0
669557,Unknown,34,-1,3136,success,1
669756,Unknown,1,-1,3137,success,1
669952,Unknown,16,-1,3138,success,0
670149,Unknown,47,-1,3139,success,0
670346,Unknown,36,-1,3140,success,0
670561,Unknown,15,-1,3141,success,0
670758,Unknown,45,-1,3142,success,0
670955,Unknown,23,-1,3143,success,0
671152,Unknown,23,-1,3144,success,0
671404,Unknown,48,-1,3145,success,1
671600,Unknown,21,-1,3146,success,0
671797,Unknown,28,-1,3147,success,0
672047,Unknown,38,-1,3148,success,0
672264,Unknown,49,-1,3149,success,1
672460,Unknown,49,-1,3150,success,0
672675,Unknown,22,-1,3151,success,0
672890,Unknown,7,-1,3152,success,0
673087,Unknown,32,-1,3153,success,0
673301,Unknown,0,-1,3154,success,1
673497,Unknown,14,-1,3155,success,0
673875,Unknown,33,-1,3156,success,1
674109,Unknown,42,-1,3157,success,0
674342,Unknown,27,-1,3158,success,1
674539,Unknown,12,-1,3159,success,0
674755,Unknown,43,-1,3160,success,1
674952,Unknown,23,-1,3161,success,1
675203,Unknown,22,-1,3162,success,0
675418,Unknown,31,-1,3163,success,1
675633,Unknown,41,-1,3164,success,0
675830,Unknown,35,-1,3165,success,0
676045,Unknown,8,-1,3166,success,0
676242,Unknown,4,-1,3167,success,1
676456,Unknown,33,-1,3168,success,1
676653,Unknown,24,-1,3169,success,1
676850,Unknown,13,-1,3170,success,0
677047,Unknown,8,-1,3171,success,0
677335,Unknown,34,-1,3172,success,1
677550,Unknown,8,-1,3173,success,0
677766,Unknown,34,-1,3174,success,1
677963,Unknown,48,-1,3175,success,0
678160,Unknown,4,-1,3176,success,1
678375,Unknown,6,-1,3177,success,1
678573,Unknown,19,-1,3178,success,1
678790,Unknown,23,-1,3179,success,1
679005,Unknown,15,-1,3180,success,1
679202,Unknown,3,-1,3181,success,1
679435,Unknown,24,-1,3182,success,1
679724,Unknown,1,-1,3183,success,1
679920,Unknown,43,-1,3184,success,0
680117,Unknown,2,-1,3185,success,0
680332,Unknown,19,-1,3186,success,0
680530,Unknown,48,-1,3187,success,1
680727,Unknown,8,-1,3188,success,0
680924,Unknown,39,-1,3189,success,1
681121,Unknown,14,-1,3190,success,0
681336,Unknown,9,-1,3191,success,1
681550,Unknown,25,-1,3192,success,1
681747,Unknown,7,-1,3193,success,0
681945,Unknown,9,-1,3194,success,0
682214,Unknown,24,-1,3195,success,1
682429,Unknown,4,-1,3196,success,0
682663,Unknown,4,-1,3197,success,0
682914,Unknown,43,-1,3198,success,1
683111,Unknown,37,-1,3199,success,0
683308,Unknown,27,-1,3200,success,1
683523,Unknown,43,-1,3201,success,0
683757,Unknown,35,-1,3202,success,1
683954,Unknown,40,-1,3203,success,1
684151,Unknown,29,-1,3204,success,1
684347,Unknown,43,-1,3205,success,0
684561,Unknown,46,-1,3206,success,0
684777,Unknown,49,-1,3207,success,0
684993,Unknown,29,-1,3208,success,0
685190,Unknown,33,-1,3209,success,0
685386,Unknown,33,-1,3210,success,0
685601,Unknown,35,-1,3211,success,1
685816,Unknown,30,-1,3212,success,0
686049,Unknown,47,-1,3213,success,0
686246,Unknown,29,-1,3214,success,0
686461,Unknown,15,-1,3215,success,0
686753,Unknown,16,-1,3216,success,1
686967,Unknown,28,-1,3217,success,1
687187,Unknown,38,-1,3218,success,0
687384,Unknown,7,-1,3219,success,0
687581,Unknown,10,-1,3220,success,1
687777,Unknown,22,-1,3221,success,0
687974,Unknown,13,-1,3222,success,0
688230,Unknown,13,-1,3223,success,0
688427,Unknown,9,-1,3224,success,1
688624,Unknown,31,-1,3225,success,1
688841,Unknown,23,-1,3226,success,0
689056,Unknown,6,-1,3227,success,1
689253,Unknown,16,-1,3228,success,0
689449,Unknown,2,-1,3229,success,0
689646,Unknown,45,-1,3230,success,1
689843,Unknown,38,-1,3231,success,0
690041,Unknown,28,-1,3232,success,0
690292,Unknown,16,-1,3233,success,0
690488,Unknown,8,-1,3234,success,0
690686,Unknown,35,-1,3235,success,0
690902,Unknown,10,-1,3236,success,1
691116,Unknown,43,-1,3237,success,1
691332,Unknown,23,-1,3238,success,0
691529,Unknown,27,-1,3239,success,0
691727,Unknown,23,-1,3240,success,0
691924,Unknown,47,-1,3241,success,1
692122,Unknown,29,-1,3242,success,0
692321,Unknown,37,-1,3243,success,0
692536,Unknown,49,-1,3244,success,0
692751,Unknown,1,-1,3245,success,0
693003,Unknown,10,-1,3246,success,0
693255,Unknown,18,-1,3247,success,1
693452,Unknown,34,-1,3248,success,0
693666,Unknown,20,-1,3249,success,1
693865,Unknown,8,-1,3250,success,1
694080,Unknown,26,-1,3251,success,0
694313,Unknown,44,-1,3252,success,0
694528,Unknown,35,-1,3253,success,0
694725,Unknown,13,-1,3254,success,0
694923,Unknown,48,-1,3255,success,1
695119,Unknown,48,-1,3256,success,0
695315,Unknown,25,-1,3257,success,0
695549,Unknown,45,-1,3258,success,0
695747,Unknown,22,-1,3259,success,1
695999,Unknown,44,-1,3260,success,0
696196,Unknown,9,-1,3261,success,0
696412,Unknown,31,-1,3262,success,1
696608,Unknown,38,-1,3263,success,0
696805,Unknown,32,-1,3264,success,0
697075,Unknown,20,-1,3265,success,1
697291,Unknown,47,-1,3266,success,1
697584,Unknown,8,-1,3267,success,1
697781,Unknown,8,-1,3268,success,0
697977,Unknown,24,-1,3269,success,0
698192,Unknown,49,-1,3270,success,0
698443,Unknown,5,-1,3271,success,1
698658,Unknown,14,-1,3272,success,0
698855,Unknown,31,-1,3273,success,1
699071,Unknown,20,-1,3274,success,1
699269,Unknown,48,-1,3275,success,1
699504,Unknown,47,-1,3276,success,0
699721,Unknown,12,-1,3277,success,1
699918,Unknown,48,-1,3278,success,0
700132,Unknown,16,-1,3279,success,0
700367,Unknown,17,-1,3280,success,0
700619,Unknown,11,-1,3281,success,0
700816,Unknown,8,-1,3282,success,1
701031,Unknown,49,-1,3283,success,1
701266,Unknown,44,-1,3284,success,0
701463,Unknown,10,-1,3285,success,0
701699,Unknown,37,-1,3286,success,1
701897,Unknown,31,-1,3287,success,1
702130,Unknown,35,-1,3288,success,0
702326,Unknown,3,-1,3289,success,0
702558,Unknown,9,-1,3290,success,1
702773,Unknown,42,-1,3291,success,1
702970,Unknown,31,-1,3292,success,0
703166,Unknown,31,-1,3293,success,0
703382,Unknown,5,-1,3294,success,1
703638,Unknown,32,-1,3295,success,0
703853,Unknown,10,-1,3296,success,1
704050,Unknown,43,-1,3297,success,0
704266,Unknown,33,-1,3298,success,1
704481,Unknown,27,-1,3299,success,1
704768,Unknown,46,-1,3300,success,1
704982,Unknown,19,-1,3301,success,1
705179,Unknown,12,-1,3302,success,1
705394,Unknown,19,-1,3303,success,0
705610,Unknown,4,-1,3304,success,0
705807,Unknown,29,-1,3305,success,1
706041,Unknown,30,-1,3306,success,0
706256,Unknown,41,-1,3307,success,1
706454,Unknown,9,-1,3308,success,0
706669,Unknown,10,-1,3309,success,0
706867,Unknown,25,-1,3310,success,1
707082,Unknown,41,-1,3311,success,0
707280,Unknown,8,-1,3312,success,0
707476,Unknown,32,-1,3313,success,0
707691,Unknown,2,-1,3314,success,0
707942,Unknown,1,-1,3315,success,0
708229,Unknown,26,-1,3316,success,0
708443,Unknown,16,-1,3317,success,1
708640,Unknown,42,-1,3318,success,0
708837,Unknown,48,-1,3319,success,0
709035,Unknown,29,-1,3320,success,1
709323,Unknown,23,-1,3321,success,1
709542,Unknown,20,-1,3322,success,1
709757,Unknown,15,-1,3323,success,1
709954,Unknown,22,-1,3324,success,0
710151,Unknown,21,-1,3325,success,1
710348,Unknown,2,-1,3326,success,0
710563,Unknown,30,-1,3327,success,0
710781,Unknown,49,-1,3328,success,0
711052,Unknown,26,-1,3329,success,1
711268,Unknown,40,-1,3330,success,0
711485,Unknown,32,-1,3331,success,1
711683,Unknown,45,-1,3332,success,0
711880,Unknown,1,-1,3333,success,1
712077,Unknown,30,-1,3334,success,1
712309,Unknown,41,-1,3335,success,1
712506,Unknown,20,-1,3336,success,0
712742,Unknown,19,-1,3337,success,1
712957,Unknown,29,-1,3338,success,0
713154,Unknown,10,-1,3339,success,1
713370,Unknown,0,-1,3340,success,0
713567,Unknown,26,-1,3341,success,0
713765,Unknown,49,-1,3342,success,1
713985,Unknown,46,-1,3343,success,0
714182,Unknown,31,-1,3344,success,0
714379,Unknown,34,-1,3345,success,1
714595,Unknown,32,-1,3346,success,1
714828,Unknown,38,-1,3347,success,1
715025,Unknown,34,-1,3348,success,0
715222,Unknown,32,-1,3349,success,0
715455,Unknown,0,-1,3350,success,0
715653,Unknown,27,-1,3351,success,0
715870,Unknown,49,-1,3352,success,1
716104,Unknown,26,-1,3353,success,0
716302,Unknown,46,-1,3354,success,0
716518,Unknown,34,-1,3355,success,0
716718,Unknown,47,-1,3356,success,1
716917,Unknown,47,-1,3357,success,0
717133,Unknown,23,-1,3358,success,1
717330,Unknown,18,-1,3359,success,0
717547,Unknown,3,-1,3360,success,0
717745,Unknown,44,-1,3361,success,0
717962,Unknown,34,-1,3362,success,0
718158,Unknown,27,-1,3363,success,0
718355,Unknown,13,-1,3364,success,0
718571,Unknown,37,-1,3365,success,0
718786,Unknown,44,-1,3366,success,0
719002,Unknown,11,-1,3367,success,1
719236,Unknown,4,-1,3368,success,0
719470,Unknown,37,-1,3369,success,0
719668,Unknown,26,-1,3370,success,1
719864,Unknown,26,-1,3371,success,0
720060,Unknown,44,-1,3372,success,0
720260,Unknown,0,-1,3373,success,1
720493,Unknown,3,-1,3374,success,0
720709,Unknown,48,-1,3375,success,0
720907,Unknown,24,-1,3376,success,1
721105,Unknown,36,-1,3377,success,1
721302,Unknown,31,-1,3378,success,0
721499,Unknown,41,-1,3379,success,1
721696,Unknown,0,-1,3380,success,1
721929,Unknown,34,-1,3381,success,1
722126,Unknown,34,-1,3382,success,0
722324,Unknown,18,-1,3383,success,0
722539,Unknown,18,-1,3384,success,0
722754,Unknown,37,-1,3385,success,0
722950,Unknown,10,-1,3386,success,0
723185,Unknown,35,-1,3387,success,0
723400,Unknown,36,-1,3388,success,0
723597,Unknown,6,-1,3389,success,0
723813,Unknown,18,-1,3390,success,0
724009,Unknown,40,-1,3391,success,0
724206,Unknown,25,-1,3392,success,0
724459,Unknown,35,-1,3393,success,0
724693,Unknown,16,-1,3394,success,0
724891,Unknown,44,-1,3395,success,1
725106,Unknown,23,-1,3396,success,0
725303,Unknown,5,-1,3397,success,1
725518,Unknown,6,-1,3398,success,1
725769,Unknown,41,-1,3399,success,1
725965,Unknown,23,-1,3400,success,0
726181,Unknown,5,-1,3401,success,0
726379,Unknown,13,-1,3402,success,0
726631,Unknown,33,-1,3403,success,1
726882,Unknown,29,-1,3404,success,0
727115,Unknown,18,-1,3405,success,1
727353,Unknown,14,-1,3406,success,0
727570,Unknown,20,-1,3407,success,1
727767,Unknown,27,-1,3408,success,0
728001,Unknown,43,-1,3409,success,1
728198,Unknown,34,-1,3410,success,0
728432,Unknown,12,-1,3411,success,0
728629,Unknown,45,-1,3412,success,0
728847,Unknown,1,-1,3413,success,0
729044,Unknown,21,-1,3414,success,0
729320,Unknown,28,-1,3415,success,0
729554,Unknown,0,-1,3416,success,1
729753,Unknown,35,-1,3417,success,0
729951,Unknown,43,-1,3418,success,1
730206,Unknown,12,-1,3419,success,0
730403,Unknown,2,-1,3420,success,0
730637,Unknown,43,-1,3421,success,1
730892,Unknown,14,-1,3422,success,1
731091,Unknown,7,-1,3423,success,0
731288,Unknown,8,-1,3424,success,0
731489,Unknown,1,-1,3425,success,1
731686,Unknown,1,-1,3426,success,0
731884,Unknown,1,-1,3427,success,0
732118,Unknown,46,-1,3428,success,1
732334,Unknown,15,-1,3429,success,0
732531,Unknown,41,-1,3430,success,0
732728,Unknown,21,-1,3431,success,0
732925,Unknown,3,-1,3432,success,0
733143,Unknown,32,-1,3433,success,1
733340,Unknown,41,-1,3434,success,0
733576,Unknown,15,-1,3435,success,0
733773,Unknown,49,-1,3436,success,0
733972,Unknown,34,-1,3437,success,0
734173,Unknown,4,-1,3438,success,1
734370,Unknown,11,-1,3439,success,1
734569,Unknown,28,-1,3440,success,0
734766,Unknown,3,-1,3441,success,1
734963,Unknown,39,-1,3442,success,1
735160,Unknown,7,-1,3443,success,0
735375,Unknown,10,-1,3444,success,0
735572,Unknown,16,-1,3445,success,0
735770,Unknown,42,-1,3446,success,0
736002,Unknown,12,-1,3447,success,1
736198,Unknown,12,-1,3448,success,0
736468,Unknown,3,-1,3449,success,0
736683,Unknown,4,-1,3450,success,0
736879,Unknown,18,-1,3451,success,0
737114,Unknown,13,-1,3452,success,0
737330,Unknown,20,-1,3453,success,1
737527,Unknown,44,-1,3454,success,1
737723,Unknown,39,-1,3455,success,0
737921,Unknown,25,-1,3456,success,0
738118,Unknown,8,-1,3457,success,0
738314,Unknown,17,-1,3458,success,0
738512,Unknown,7,-1,3459,success,0
738746,Unknown,31,-1,3460,success,1
738942,Unknown,49,-1,3461,success,0
739139,Unknown,14,-1,3462,success,0
739410,Unknown,12,-1,3463,success,1
739679,Unknown,12,-1,3464,success,0
739895,Unknown,26,-1,3465,success,1
740166,Unknown,6,-1,3466,success,1
740363,Unknown,4,-1,3467,success,1
740560,Unknown,45,-1,3468,success,1
740793,Unknown,24,-1,3469,success,1
741027,Unknown,44,-1,3470,success,1
741244,Unknown,40,-1,3471,success,0
741441,Unknown,41,-1,3472,success,0
741656,Unknown,24,-1,3473,success,0
741871,Unknown,25,-1,3474,success,0
742086,Unknown,42,-1,3475,success,0
742283,Unknown,25,-1,3476,success,0
742499,Unknown,28,-1,3477,success,0
742697,Unknown,7,-1,3478,success,0
742912,Unknown,0,-1,3479,success,0
743109,Unknown,34,-1,3480,success,1
743325,Unknown,15,-1,3481,success,0
743541,Unknown,25,-1,3482,success,0
743765,Unknown,13,-1,3483,success,1
743980,Unknown,6,-1,3484,success,0
744177,Unknown,23,-1,3485,success,0
744415,Unknown,12,-1,3486,success,1
744613,Unknown,3,-1,3487,success,1
744941,Unknown,25,-1,3488,success,1
745226,Unknown,18,-1,3489,success,0
745440,Unknown,44,-1,3490,success,0
745636,Unknown,36,-1,3491,success,0
745835,Unknown,9,-1,3492,success,0
746038,Unknown,27,-1,3493,success,0
746235,Unknown,35,-1,3494,success,0
746433,Unknown,10,-1,3495,success,0
746630,Unknown,29,-1,3496,success,0
746829,Unknown,26,-1,3497,success,0
747028,Unknown,42,-1,3498,success,1
747246,Unknown,0,-1,3499,success,0
747461,Unknown,17,-1,3500,success,0
747657,Unknown,2,-1,3501,success,0
747857,Unknown,26,-1,3502,success,0
748072,Unknown,3,-1,3503,success,0
748269,Unknown,10,-1,3504,success,0
748467,Unknown,37,-1,3505,success,0
748665,Unknown,1,-1,3506,success,0
748879,Unknown,8,-1,3507,success,1
749076,Unknown,15,-1,3508,success,0
749309,Unknown,18,-1,3509,success,1
749505,Unknown,20,-1,3510,success,0
749757,Unknown,27,-1,3511,success,1
749956,Unknown,41,-1,3512,success,1
750171,Unknown,13,-1,3513,success,0
750368,Unknown,38,-1,3514,success,0
750600,Unknown,5,-1,3515,success,0
750815,Unknown,34,-1,3516,success,0
751087,Unknown,49,-1,3517,success,1
751283,Unknown,47,-1,3518,success,0
751480,Unknown,28,-1,3519,success,0
751677,Unknown,31,-1,3520,success,0
751874,Unknown,7,-1,3521,success,0
752164,Unknown,27,-1,3522,success,1
752364,Unknown,10,-1,3523,success,0
752560,Unknown,41,-1,3524,success,0
752775,Unknown,33,-1,3525,success,1
752976,Unknown,25,-1,3526,success,1
753178,Unknown,33,-1,3527,success,0
753432,Unknown,6,-1,3528,success,1
753647,Unknown,36,-1,3529,success,0
753845,Unknown,25,-1,3530,success,1
754042,Unknown,35,-1,3531,success,1
754241,Unknown,36,-1,3532,success,0
754438,Unknown,14,-1,3533,success,0
754710,Unknown,25,-1,3534,success,0
754925,Unknown,15,-1,3535,success,0
755217,Unknown,35,-1,3536,success,0
755456,Unknown,0,-1,3537,success,1
755672,Unknown,43,-1,3538,success,0
755889,Unknown,16,-1,3539,success,1
756087,Unknown,5,-1,3540,success,1
756320,Unknown,14,-1,3541,success,1
756536,Unknown,9,-1,3542,success,1
756733,Unknown,38,-1,3543,success,0
756930,Unknown,36,-1,3544,success,0
757128,Unknown,5,-1,3545,success,0
757361,Unknown,10,-1,3546,success,0
757579,Unknown,37,-1,3547,success,1
757776,Unknown,12,-1,3548,success,1
757974,Unknown,32,-1,3549,success,0
758190,Unknown,14,-1,3550,success,1
758406,Unknown,11,-1,3551,success,0
758621,Unknown,34,-1,3552,success,1
758818,Unknown,41,-1,3553,success,0
759034,Unknown,8,-1,3554,success,0
759249,Unknown,9,-1,3555,success,1
759467,Unknown,14,-1,3556,success,0
759666,Unknown,28,-1,3557,success,1
759881,Unknown,38,-1,3558,success,1
760097,Unknown,14,-1,3559,success,0
760333,Unknown,13,-1,3560,success,0
760530,Unknown,38,-1,3561,success,0
760744,Unknown,27,-1,3562,success,1
760960,Unknown,44,-1,3563,success,0
761158,Unknown,26,-1,3564,success,0
761354,Unknown,12,-1,3565,success,0
761551,Unknown,40,-1,3566,success,0
761749,Unknown,20,-1,3567,success,0
761946,Unknown,18,-1,3568,success,0
762198,Unknown,0,-1,3569,success,0
762395,Unknown,3,-1,3570,success,0
762593,Unknown,47,-1,3571,success,0
762790,Unknown,40,-1,3572,success,0
762988,Unknown,31,-1,3573,success,1
763204,Unknown,3,-1,3574,success,0
763439,Unknown,2,-1,3575,success,0
763672,Unknown,19,-1,3576,success,0
763869,Unknown,43,-1,3577,success,0
764084,Unknown,23,-1,3578,success,0
764281,Unknown,43,-1,3579,success,0
764478,Unknown,31,-1,3580,success,1
764675,Unknown,26,-1,3581,success,1
764873,Unknown,34,-1,3582,success,0
765070,Unknown,42,-1,3583,success,0
765320,Unknown,39,-1,3584,success,1
765517,Unknown,16,-1,3585,success,0
765714,Unknown,12,-1,3586,success,0
765931,Unknown,41,-1,3587,success,1
766146,Unknown,11,-1,3588,success,1
766344,Unknown,30,-1,3589,success,1
766577,Unknown,26,-1,3590,success,0
766774,Unknown,8,-1,3591,success,0
766971,Unknown,49,-1,3592,success,0
767189,Unknown,15,-1,3593,success,0
767423,Unknown,46,-1,3594,success,0
767620,Unknown,18,-1,3595,success,1
767817,Unknown,14,-1,3596,success,0
768013,Unknown,36,-1,3597,success,0
768247,Unknown,3,-1,3598,success,0
768444,Unknown,35,-1,3599,success,0
768659,Unknown,11,-1,3600,success,1
768855,Unknown,11,-1,3601,success,0
769053,Unknown,22,-1,3602,success,0
769287,Unknown,41,-1,3603,success,1
769483,Unknown,41,-1,3604,success,0
769703,Unknown,9,-1,3605,success,1
769920,Unknown,21,-1,3606,success,1
770135,Unknown,35,-1,3607,success,0
770336,Unknown,37,-1,3608,success,1
770534,Unknown,38,-1,3609,success,0
770733,Unknown,29,-1,3610,success,0
770952,Unknown,49,-1,3611,success,1
771149,Unknown,18,-1,3612,success,0
771349,Unknown,39,-1,3613,success,1
771567,Unknown,45,-1,3614,success,0
771764,Unknown,27,-1,3615,success,0
771961,Unknown,33,-1,3616,success,0
772159,Unknown,48,-1,3617,success,0
772374,Unknown,36,-1,3618,success,0
772571,Unknown,39,-1,3619,success,1
772767,Unknown,17,-1,3620,success,0
772965,Unknown,44,-1,3621,success,0
773234,Unknown,2,-1,3622,success,0
773450,Unknown,13,-1,3623,success,0
773664,Unknown,1,-1,3624,success,0
773861,Unknown,47,-1,3625,success,1
774060,Unknown,28,-1,3626,success,0
774259,Unknown,36,-1,3627,success,0
774456,Unknown,19,-1,3628,success,0
774654,Unknown,41,-1,3629,success,0
774851,Unknown,39,-1,3630,success,0
775048,Unknown,20,-1,3631,success,1
775245,Unknown,1,-1,3632,success,0
775442,Unknown,8,-1,3633,success,0
775639,Unknown,7,-1,3634,success,0
775875,Unknown,48,-1,3635,success,0
776098,Unknown,39,-1,3636,success,0
776295,Unknown,29,-1,3637,success,0
776492,Unknown,34,-1,3638,success,0
776689,Unknown,0,-1,3639,success,0
776885,Unknown,0,-1,3640,success,0
777102,Unknown,42,-1,3641,success,0
777299,Unknown,41,-1,3642,success,0
777496,Unknown,46,-1,3643,success,0
777711,Unknown,1,-1,3644,success,0
777926,Unknown,22,-1,3645,success,0
778123,Unknown,17,-1,3646,success,0
778320,Unknown,29,-1,3647,success,0
778571,Unknown,8,-1,3648,success,1
778804,Unknown,32,-1,3649,success,0
779000,Unknown,4,-1,3650,success,0
779216,Unknown,18,-1,3651,success,0
779432,Unknown,16,-1,3652,success,1
779628,Unknown,13,-1,3653,success,0
779825,Unknown,47,-1,3654,success,0
780076,Unknown,11,-1,3655,success,1
780294,Unknown,15,-1,3656,success,0
780509,Unknown,44,-1,3657,success,0
780765,Unknown,37,-1,3658,success,1
780999,Unknown,1,-1,3659,success,1
781196,Unknown,14,-1,3660,success,1
781415,Unknown,41,-1,3661,success,0
781612,Unknown,19,-1,3662,success,1
781829,Unknown,37,-1,3663,success,0
782102,Unknown,45,-1,3664,success,0
782299,Unknown,7,-1,3665,success,0
782496,Unknown,40,-1,3666,success,1
782695,Unknown,28,-1,3667,success,1
782909,Unknown,6,-1,3668,success,1
783106,Unknown,28,-1,3669,success,0
783341,Unknown,43,-1,3670,success,0
783538,Unknown,17,-1,3671,success,0
783789,Unknown,48,-1,3672,success,0
783985,Unknown,38,-1,3673,success,0
784182,Unknown,2,-1,3674,success,0
784380,Unknown,9,-1,3675,success,1
784577,Unknown,9,-1,3676,success,0
784812,Unknown,0,-1,3677,success,0
785009,Unknown,43,-1,3678,success,0
785206,Unknown,22,-1,3679,success,0
785403,Unknown,30,-1,3680,success,0
785600,Unknown,36,-1,3681,success,0
785797,Unknown,6,-1,3682,success,1
785994,Unknown,26,-1,3683,success,0
786191,Unknown,49,-1,3684,success,0
786388,Unknown,25,-1,3685,success,1
786623,Unknown,7,-1,3686,success,0
786838,Unknown,2,-1,3687,success,0
787092,Unknown,39,-1,3688,success,0
787289,Unknown,35,-1,3689,success,0
787486,Unknown,13,-1,3690,success,1
787683,Unknown,8,-1,3691,success,1
787898,Unknown,38,-1,3692,success,1
788095,Unknown,30,-1,3693,success,0
788292,Unknown,14,-1,3694,success,1
788488,Unknown,0,-1,3695,success,0
788811,Unknown,17,-1,3696,success,0
789026,Unknown,47,-1,3697,success,0
789241,Unknown,45,-1,3698,success,1
789439,Unknown,45,-1,3699,success,0
789636,Unknown,15,-1,3700,success,1
789851,Unknown,24,-1,3701,success,1
790048,Unknown,18,-1,3702,success,0
790263,Unknown,16,-1,3703,success,0
790514,Unknown,49,-1,3704,success,0
790710,Unknown,35,-1,3705,success,0
790907,Unknown,45,-1,3706,success,0
791212,Unknown,29,-1,3707,success,0
791410,Unknown,9,-1,3708,success,0
791607,Unknown,33,-1,3709,success,0
791839,Unknown,32,-1,3710,success,1
792035,Unknown,26,-1,3711,success,0
792232,Unknown,39,-1,3712,success,1
792465,Unknown,22,-1,3713,success,0
792661,Unknown,36,-1,3714,success,0
792858,Unknown,29,-1,3715,success,0
793054,Unknown,46,-1,3716,success,0
793251,Unknown,18,-1,3717,success,1
793483,Unknown,48,-1,3718,success,1
793715,Unknown,43,-1,3719,success,0
793930,Unknown,1,-1,3720,success,1
794126,Unknown,23,-1,3721,success,0
794380,Unknown,20,-1,3722,success,0
794596,Unknown,5,-1,3723,success,1
794884,Unknown,16,-1,3724,success,0
795155,Unknown,41,-1,3725,success,1
795351,Unknown,2,-1,3726,success,0
795566,Unknown,28,-1,3727,success,1
795817,Unknown,49,-1,3728,success,1
796050,Unknown,3,-1,3729,success,0
796284,Unknown,32,-1,3730,success,0
796480,Unknown,32,-1,3731,success,0
796677,Unknown,20,-1,3732,success,1
796874,Unknown,39,-1,3733,success,0
797071,Unknown,12,-1,3734,success,1
797399,Unknown,40,-1,3735,success,1
797595,Unknown,0,-1,3736,success,0
797793,Unknown,47,-1,3737,success,1
797991,Unknown,44,-1,3738,success,0
798188,Unknown,20,-1,3739,success,1
798408,Unknown,34,-1,3740,success,1
798605,Unknown,21,-1,3741,success,1
798821,Unknown,44,-1,3742,success,0
799019,Unknown,3,-1,3743,success,1
799217,Unknown,17,-1,3744,success,1
799415,Unknown,41,-1,3745,success,1
799611,Unknown,41,-1,3746,success,0
799809,Unknown,49,-1,3747,success,1
800006,Unknown,46,-1,3748,success,0
800203,Unknown,31,-1,3749,success,0
800400,Unknown,14,-1,3750,success,1
800598,Unknown,22,-1,3751,success,1
800851,Unknown,38,-1,3752,success,0
801049,Unknown,10,-1,3753,success,0
801265,Unknown,11,-1,3754,success,0
801464,Unknown,10,-1,3755,success,0
801661,Unknown,21,-1,3756,success,0
801876,Unknown,9,-1,3757,success,0
802073,Unknown,5,-1,3758,success,0
802270,Unknown,7,-1,3759,success,1
802486,Unknown,40,-1,3760,success,0
802718,Unknown,22,-1,3761,success,1
802916,Unknown,40,-1,3762,success,0
803113,Unknown,45,-1,3763,success,0
803363,Unknown,12,-1,3764,success,1
803559,Unknown,12,-1,3765,success,0
803811,Unknown,25,-1,3766,success,0
804008,Unknown,19,-1,3767,success,1
804296,Unknown,46,-1,3768,success,1
804493,Unknown,44,-1,3769,success,1
804746,Unknown,22,-1,3770,success,1
805018,Unknown,15,-1,3771,success,1
805216,Unknown,8,-1,3772,success,1
805413,Unknown,19,-1,3773,success,1
805647,Unknown,15,-1,3774,success,0
805882,Unknown,14,-1,3775,success,0
806079,Unknown,26,-1,3776,success,1
806276,Unknown,11,-1,3777,success,0
806473,Unknown,6,-1,3778,success,0
806688,Unknown,10,-1,3779,success,1
806942,Unknown,34,-1,3780,success,1
807140,Unknown,15,-1,3781,success,1
807337,Unknown,1,-1,3782,success,0
807570,Unknown,45,-1,3783,success,1
807767,Unknown,41,-1,3784,success,1
807965,Unknown,14,-1,3785,success,0
808162,Unknown,12,-1,3786,success,1
808359,Unknown,25,-1,3787,success,1
808556,Unknown,23,-1,3788,success,0
808754,Unknown,6,-1,3789,success,0
808951,Unknown,3,-1,3790,success,1
809185,Unknown,33,-1,3791,success,1
809418,Unknown,25,-1,3792,success,0
809617,Unknown,32,-1,3793,success,0
809869,Unknown,32,-1,3794,success,0
810084,Unknown,0,-1,3795,success,1
810300,Unknown,27,-1,3796,success,0
810535,Unknown,41,-1,3797,success,1
810733,Unknown,34,-1,3798,success,0
810930,Unknown,38,-1,3799,success,0
811128,Unknown,0,-1,3800,success,0
811324,Unknown,19,-1,3801,success,0
811521,Unknown,3,-1,3802,success,1
811735,Unknown,4,-1,3803,success,1
811951,Unknown,36,-1,3804,success,0
812184,Unknown,14,-1,3805,success,0
812381,Unknown,25,-1,3806,success,0
812614,Unknown,24,-1,3807,success,1
812812,Unknown,12,-1,3808,success,1
813064,Unknown,22,-1,3809,success,0
813261,Unknown,19,-1,3810,success,0
813460,Unknown,12,-1,3811,success,0
813711,Unknown,13,-1,3812,success,0
813908,Unknown,43,-1,3813,success,0
814105,Unknown,10,-1,3814,success,0
814413,Unknown,35,-1,3815,success,0
814627,Unknown,1,-1,3816,success,1
814824,Unknown,2,-1,3817,success,1
815023,Unknown,22,-1,3818,success,1
815239,Unknown,16,-1,3819,success,0
815454,Unknown,3,-1,3820,success,1
815651,Unknown,15,-1,3821,success,1
815848,Unknown,22,-1,3822,success,0
816085,Unknown,21,-1,3823,success,1
816300,Unknown,17,-1,3824,success,0
816497,Unknown,34,-1,3825,success,0
816712,Unknown,3,-1,3826,success,1
816909,Unknown,22,-1,3827,success,0
817162,Unknown,36,-1,3828,success,1
817376,Unknown,42,-1,3829,success,0
817591,Unknown,39,-1,3830,success,1
817806,Unknown,35,-1,3831,success,0
818021,Unknown,15,-1,3832,success,1
818236,Unknown,47,-1,3833,success,1
818523,Unknown,39,-1,3834,success,1
818720,Unknown,12,-1,3835,success,0
818919,Unknown,48,-1,3836,success,1
819118,Unknown,24,-1,3837,success,0
819315,Unknown,8,-1,3838,success,1
819530,Unknown,23,-1,3839,success,0
819727,Unknown,48,-1,3840,success,0
819942,Unknown,11,-1,3841,success,1
820139,Unknown,19,-1,3842,success,1
820410,Unknown,44,-1,3843,success,1
820626,Unknown,39,-1,3844,success,0
820841,Unknown,2,-1,3845,success,0
821075,Unknown,17,-1,3846,success,1
821271,Unknown,18,-1,3847,success,0
821468,Unknown,29,-1,3848,success,0
821666,Unknown,26,-1,3849,success,0
821863,Unknown,37,-1,3850,success,1
822097,Unknown,40,-1,3851,success,1
822294,Unknown,17,-1,3852,success,0
822527,Unknown,10,-1,3853,success,0
822724,Unknown,0,-1,3854,success,1
822940,Unknown,6,-1,3855,success,0
823136,Unknown,40,-1,3856,success,0
823332,Unknown,20,-1,3857,success,0
823529,Unknown,37,-1,3858,success,0
823744,Unknown,27,-1,3859,success,0
823941,Unknown,46,-1,3860,success,0
824138,Unknown,25,-1,3861,success,1
824409,Unknown,40,-1,3862,success,0
824605,Unknown,34,-1,3863,success,0
824820,Unknown,37,-1,3864,success,1
825017,Unknown,41,-1,3865,success,1
825214,Unknown,28,-1,3866,success,0
825429,Unknown,15,-1,3867,success,1
825645,Unknown,42,-1,3868,success,0
825878,Unknown,14,-1,3869,success,1
826093,Unknown,39,-1,3870,success,0
826328,Unknown,19,-1,3871,success,1
826545,Unknown,28,-1,3872,success,0
826779,Unknown,10,-1,3873,success,1
826997,Unknown,47,-1,3874,success,1
827196,Unknown,30,-1,3875,success,0
827394,Unknown,42,-1,3876,success,1
827591,Unknown,40,-1,3877,success,0
827790,Unknown,1,-1,3878,success,1
827987,Unknown,39,-1,3879,success,1
828186,Unknown,37,-1,3880,success,1
828383,Unknown,46,-1,3881,success,0
828579,Unknown,14,-1,3882,success,0
828796,Unknown,32,-1,3883,success,0
828993,Unknown,46,-1,3884,success,0
829190,Unknown,1,-1,3885,success,0
829425,Unknown,33,-1,3886,success,0
829660,Unknown,48,-1,3887,success,0
829856,Unknown,31,-1,3888,success,0
830074,Unknown,43,-1,3889,success,0
830271,Unknown,27,-1,3890,success,1
830473,Unknown,10,-1,3891,success,1
830706,Unknown,48,-1,3892,success,0
830903,Unknown,7,-1,3893,success,1
831119,Unknown,9,-1,3894,success,0
831316,Unknown,18,-1,3895,success,0
831514,Unknown,22,-1,3896,success,0
831712,Unknown,24,-1,3897,success,0
831909,Unknown,26,-1,3898,success,0
832106,Unknown,21,-1,3899,success,0
832303,Unknown,7,-1,3900,success,0
832501,Unknown,22,-1,3901,success,0
832698,Unknown,13,-1,3902,success,0
832896,Unknown,15,-1,3903,success,0
833094,Unknown,31,-1,3904,success,0
833292,Unknown,18,-1,3905,success,0
833489,Unknown,39,-1,3906,success,0
833740,Unknown,7,-1,3907,success,0
833936,Unknown,2,-1,3908,success,0
834150,Unknown,19,-1,3909,success,1
834347,Unknown,40,-1,3910,success,0
834564,Unknown,47,-1,3911,success,0
834761,Unknown,46,-1,3912,success,1
834978,Unknown,20,-1,3913,success,1
835194,Unknown,42,-1,3914,success,1
835430,Unknown,30,-1,3915,success,0
835645,Unknown,29,-1,3916,success,1
835880,Unknown,16,-1,3917,success,0
836096,Unknown,25,-1,3918,success,1
836292,Unknown,26,-1,3919,success,0
836489,Unknown,11,-1,3920,success,1
836686,Unknown,42,-1,3921,success,1
836918,Unknown,41,-1,3922,success,0
837134,Unknown,4,-1,3923,success,0
837331,Unknown,20,-1,3924,success,1
837529,Unknown,31,-1,3925,success,0
837726,Unknown,39,-1,3926,success,0
837943,Unknown,9,-1,3927,success,0
838159,Unknown,0,-1,3928,success,0
838507,Unknown,31,-1,3929,success,0
838703,Unknown,26,-1,3930,success,0
838900,Unknown,35,-1,3931,success,0
839136,Unknown,31,-1,3932,success,0
839333,Unknown,0,-1,3933,success,1
839531,Unknown,16,-1,3934,success,1
839728,Unknown,20,-1,3935,success,0
839961,Unknown,11,-1,3936,success,1
840158,Unknown,45,-1,3937,success,0
840398,Unknown,28,-1,3938,success,1
840596,Unknown,29,-1,3939,success,1
840794,Unknown,46,-1,3940,success,1
840991,Unknown,6,-1,3941,success,0
841190,Unknown,32,-1,3942,success,0
841387,Unknown,24,-1,3943,success,0
841585,Unknown,48,-1,3944,success,0
841784,Unknown,29,-1,3945,success,0
841982,Unknown,21,-1,3946,success,0
842180,Unknown,20,-1,3947,success,0
842377,Unknown,11,-1,3948,success,0
842575,Unknown,11,-1,3949,success,0
842773,Unknown,46,-1,3950,success,0
842971,Unknown,23,-1,3951,success,0
843168,Unknown,42,-1,3952,success,1
843364,Unknown,21,-1,3953,success,0
843562,Unknown,44,-1,3954,success,0
843760,Unknown,16,-1,3955,success,0
843961,Unknown,15,-1,3956,success,0
844176,Unknown,7,-1,3957,success,0
844373,Unknown,45,-1,3958,success,0
844570,Unknown,42,-1,3959,success,0
844772,Unknown,27,-1,3960,success,0
844970,Unknown,42,-1,3961,success,0
845166,Unknown,42,-1,3962,success,0
845365,Unknown,12,-1,3963,success,0
845580,Unknown,4,-1,3964,success,1
845778,Unknown,39,-1,3965,success,0
845974,Unknown,39,-1,3966,success,0
846171,Unknown,11,-1,3967,success,0
846367,Unknown,14,-1,3968,success,0
846582,Unknown,21,-1,3969,success,0
846779,Unknown,32,-1,3970,success,0
846975,Unknown,5,-1,3971,success,0
847172,Unknown,34,-1,3972,success,0
847387,Unknown,34,-1,3973,success,0
847584,Unknown,49,-1,3974,success,0
847781,Unknown,19,-1,3975,success,0
848015,Unknown,33,-1,3976,success,0
848211,Unknown,31,-1,3977,success,0
848425,Unknown,29,-1,3978,success,1
848658,Unknown,18,-1,3979,success,0
848854,Unknown,14,-1,3980,success,0
849106,Unknown,37,-1,3981,success,0
849339,Unknown,12,-1,3982,success,0
849553,Unknown,41,-1,3983,success,1
849751,Unknown,45,-1,3984,success,1
849949,Unknown,27,-1,3985,success,0
850147,Unknown,27,-1,3986,success,0
850343,Unknown,49,-1,3987,success,0
850558,Unknown,8,-1,3988,success,1
850773,Unknown,1,-1,3989,success,1
850970,Unknown,10,-1,3990,success,0
851221,Unknown,38,-1,3991,success,0
851438,Unknown,10,-1,3992,success,0
851689,Unknown,24,-1,3993,success,0
851886,Unknown,45,-1,3994,success,1
852083,Unknown,26,-1,3995,success,0
852319,Unknown,36,-1,3996,success,1
852553,Unknown,2,-1,3997,success,0
852749,Unknown,41,-1,3998,success,0
852946,Unknown,3,-1,3999,success,0
853199,Unknown,22,-1,4000,success,1
853396,Unknown,15,-1,4001,success,1
853594,Unknown,38,-1,4002,success,0
853886,Unknown,13,-1,4003,success,0
854083,Unknown,39,-1,4004,success,0
854298,Unknown,24,-1,4005,success,1
854495,Unknown,13,-1,4006,success,0
854692,Unknown,45,-1,4007,success,0
854889,Unknown,38,-1,4008,success,0
855086,Unknown,10,-1,4009,success,0
855301,Unknown,39,-1,4010,success,0
855498,Unknown,26,-1,4011,success,1
855695,Unknown,15,-1,4012,success,0
855967,Unknown,14,-1,4013,success,1
856183,Unknown,11,-1,4014,success,0
856398,Unknown,41,-1,4015,success,1
856653,Unknown,18,-1,4016,success,1
856888,Unknown,0,-1,4017,success,0
857110,Unknown,47,-1,4018,success,0
857326,Unknown,43,-1,4019,success,0
857526,Unknown,20,-1,4020,success,0
857730,Unknown,41,-1,4021,success,0
857956,Unknown,23,-1,4022,success,0
858176,Unknown,25,-1,4023,success,0
858395,Unknown,47,-1,4024,success,1
858591,Unknown,4,-1,4025,success,0
858790,Unknown,36,-1,4026,success,0
858987,Unknown,11,-1,4027,success,1
859185,Unknown,17,-1,4028,success,0
859419,Unknown,32,-1,4029,success,1
859618,Unknown,32,-1,4030,success,0
859836,Unknown,22,-1,4031,success,0
860033,Unknown,49,-1,4032,success,0
860248,Unknown,43,-1,4033,success,1
860485,Unknown,18,-1,4034,success,0
860683,Unknown,5,-1,4035,success,0
860881,Unknown,16,-1,4036,success,0
861080,Unknown,38,-1,4037,success,1
861276,Unknown,39,-1,4038,success,0
861473,Unknown,47,-1,4039,success,1
861669,Unknown,34,-1,4040,success,0
861869,Unknown,37,-1,4041,success,0
862067,Unknown,5,-1,4042,success,0
862264,Unknown,19,-1,4043,success,0
862461,Unknown,40,-1,4044,success,0
862658,Unknown,19,-1,4045,success,0
862855,Unknown,47,-1,4046,success,0
863068,Unknown,48,-1,4047,success,1
863337,Unknown,30,-1,4048,success,0
863535,Unknown,3,-1,4049,success,1
863786,Unknown,6,-1,4050,success,0
864001,Unknown,3,-1,4051,success,0
864198,Unknown,28,-1,4052,success,0
864413,Unknown,37,-1,4053,success,0
864628,Unknown,18,-1,4054,success,0
864975,Unknown,5,-1,4055,success,0
865172,Unknown,13,-1,4056,success,0
865369,Unknown,40,-1,4057,success,0
865566,Unknown,40,-1,4058,success,0
865817,Unknown,3,-1,4059,success,0
866017,Unknown,7,-1,4060,success,1
866214,Unknown,34,-1,4061,success,1
866410,Unknown,34,-1,4062,success,0
866624,Unknown,26,-1,4063,success,1
866839,Unknown,5,-1,4064,success,0
867055,Unknown,36,-1,4065,success,1
867324,Unknown,31,-1,4066,success,0
867539,Unknown,3,-1,4067,success,0
867754,Unknown,29,-1,4068,success,0
868024,Unknown,41,-1,4069,success,1
868222,Unknown,4,-1,4070,success,1
868439,Unknown,16,-1,4071,success,1
868637,Unknown,48,-1,4072,success,1
868888,Unknown,32,-1,4073,success,0
869085,Unknown,15,-1,4074,success,1
869300,Unknown,47,-1,4075,success,0
869496,Unknown,47,-1,4076,success,0
869766,Unknown,20,-1,4077,success,0
869963,Unknown,35,-1,4078,success,0
870160,Unknown,14,-1,4079,success,0
870410,Unknown,9,-1,4080,success,1
870607,Unknown,31,-1,4081,success,1
870804,Unknown,6,-1,4082,success,0
871001,Unknown,16,-1,4083,success,1
871198,Unknown,45,-1,4084,success,0
871395,Unknown,25,-1,4085,success,0
871592,Unknown,13,-1,4086,success,1
871788,Unknown,14,-1,4087,success,0
871986,Unknown,13,-1,4088,success,0
872183,Unknown,29,-1,4089,success,0
872380,Unknown,27,-1,4090,success,0
872577,Unknown,41,-1,4091,success,0
872828,Unknown,25,-1,4092,success,1
873025,Unknown,46,-1,4093,success,1
873222,Unknown,42,-1,4094,success,0
873457,Unknown,20,-1,4095,success,0
873653,Unknown,40,-1,4096,success,0
873868,Unknown,44,-1,4097,success,0
874121,Unknown,9,-1,4098,success,0
874317,Unknown,9,-1,4099,success,0
874587,Unknown,4,-1,4100,success,0
874784,Unknown,44,-1,4101,success,0
874981,Unknown,46,-1,4102,success,1
875234,Unknown,5,-1,4103,success,1
875431,Unknown,22,-1,4104,success,1
875648,Unknown,32,-1,4105,success,1
875864,Unknown,31,-1,4106,success,0
876061,Unknown,2,-1,4107,success,1
876258,Unknown,6,-1,4108,success,1
876473,Unknown,42,-1,4109,success,0
876670,Unknown,7,-1,4110,success,1
876868,Unknown,13,-1,4111,success,0
877066,Unknown,40,-1,4112,success,0
877336,Unknown,5,-1,4113,success,1
877533,Unknown,32,-1,4114,success,1
877730,Unknown,12,-1,4115,success,0
877926,Unknown,38,-1,4116,success,0
878141,Unknown,5,-1,4117,success,0
878338,Unknown,19,-1,4118,success,0
878552,Unknown,42,-1,4119,success,1
878805,Unknown,13,-1,4120,success,0
879002,Unknown,21,-1,4121,success,0
879217,Unknown,24,-1,4122,success,1
879451,Unknown,44,-1,4123,success,0
879649,Unknown,5,-1,4124,success,1
879846,Unknown,26,-1,4125,success,1
880043,Unknown,39,-1,4126,success,0
880240,Unknown,28,-1,4127,success,0
880473,Unknown,3,-1,4128,success,1
880689,Unknown,20,-1,4129,success,0
880885,Unknown,6,-1,4130,success,0
881082,Unknown,46,-1,4131,success,1
881279,Unknown,8,-1,4132,success,0
881548,Unknown,35,-1,4133,success,1
881764,Unknown,6,-1,4134,success,0
881961,Unknown,1,-1,4135,success,0
882157,Unknown,26,-1,4136,success,0
882427,Unknown,9,-1,4137,success,1
882624,Unknown,12,-1,4138,success,1
882821,Unknown,4,-1,4139,success,1
883018,Unknown,22,-1,4140,success,1
883233,Unknown,5,-1,4141,success,0
883466,Unknown,37,-1,4142,success,1
883663,Unknown,45,-1,4143,success,0
883859,Unknown,45,-1,4144,success,0
884056,Unknown,16,-1,4145,success,0
884289,Unknown,0,-1,4146,success,1
884487,Unknown,34,-1,4147,success,0
884702,Unknown,20,-1,4148,success,0
884898,Unknown,20,-1,4149,success,0
885095,Unknown,13,-1,4150,success,0
885292,Unknown,48,-1,4151,success,0
885489,Unknown,38,-1,4152,success,0
885703,Unknown,14,-1,4153,success,1
885935,Unknown,5,-1,4154,success,1
886133,Unknown,35,-1,4155,success,1
886330,Unknown,7,-1,4156,success,0
886582,Unknown,22,-1,4157,success,0
886779,Unknown,46,-1,4158,success,1
886993,Unknown,37,-1,4159,success,1
887209,Unknown,12,-1,4160,success,0
887406,Unknown,11,-1,4161,success,1
887604,Unknown,19,-1,4162,success,1
887801,Unknown,17,-1,4163,success,0
888035,Unknown,2,-1,4164,success,0
888233,Unknown,47,-1,4165,success,0
888430,Unknown,23,-1,4166,success,0
888646,Unknown,32,-1,4167,success,1
888843,Unknown,31,-1,4168,success,0
889059,Unknown,13,-1,4169,success,1
889256,Unknown,11,-1,4170,success,0
889471,Unknown,23,-1,4171,success,0
889745,Unknown,33,-1,4172,success,0
889942,Unknown,32,-1,4173,success,1
890140,Unknown,0,-1,4174,success,1
890338,Unknown,32,-1,4175,success,0
890557,Unknown,40,-1,4176,success,0
890753,Unknown,40,-1,4177,success,0
890950,Unknown,29,-1,4178,success,1
891148,Unknown,1,-1,4179,success,0
891362,Unknown,35,-1,4180,success,0
891559,Unknown,39,-1,4181,success,1
891756,Unknown,27,-1,4182,success,0
891953,Unknown,17,-1,4183,success,0
892150,Unknown,37,-1,4184,success,0
892346,Unknown,37,-1,4185,success,0
892545,Unknown,9,-1,4186,success,1
892777,Unknown,49,-1,4187,success,1
893013,Unknown,8,-1,4188,success,0
893210,Unknown,17,-1,4189,success,0
893407,Unknown,5,-1,4190,success,1
893622,Unknown,2,-1,4191,success,0
893855,Unknown,39,-1,4192,success,1
894091,Unknown,29,-1,4193,success,0
894288,Unknown,6,-1,4194,success,1
894503,Unknown,2,-1,4195,success,0
894700,Unknown,39,-1,4196,success,0
894896,Unknown,39,-1,4197,success,0
895094,Unknown,42,-1,4198,success,1
895310,Unknown,45,-1,4199,success,1
895507,Unknown,1,-1,4200,success,0
895704,Unknown,36,-1,4201,success,1
895901,Unknown,28,-1,4202,success,0
896117,Unknown,45,-1,4203,success,0
896333,Unknown,47,-1,4204,success,0
896529,Unknown,14,-1,4205,success,0
896725,Unknown,33,-1,4206,success,0
897032,Unknown,23,-1,4207,success,0
897248,Unknown,48,-1,4208,success,0
897448,Unknown,0,-1,4209,success,0
897645,Unknown,26,-1,4210,success,1
897842,Unknown,10,-1,4211,success,1
898039,Unknown,30,-1,4212,success,1
898236,Unknown,37,-1,4213,success,1
898451,Unknown,47,-1,4214,success,1
898666,Unknown,22,-1,4215,success,1
898863,Unknown,16,-1,4216,success,0
899060,Unknown,27,-1,4217,success,1
899293,Unknown,30,-1,4218,success,0
899507,Unknown,19,-1,4219,success,1
899721,Unknown,8,-1,4220,success,1
899918,Unknown,3,-1,4221,success,0
900189,Unknown,27,-1,4222,success,0
900386,Unknown,3,-1,4223,success,0
900588,Unknown,26,-1,4224,success,1
900803,Unknown,12,-1,4225,success,0
901112,Unknown,4,-1,4226,success,1
901328,Unknown,44,-1,4227,success,1
901544,Unknown,33,-1,4228,success,1
901759,Unknown,17,-1,4229,success,0
901956,Unknown,1,-1,4230,success,0
902208,Unknown,21,-1,4231,success,1
902441,Unknown,2,-1,4232,success,0
902657,Unknown,23,-1,4233,success,0
902875,Unknown,49,-1,4234,success,1
903073,Unknown,15,-1,4235,success,0
903269,Unknown,48,-1,4236,success,0
903486,Unknown,32,-1,4237,success,0
903701,Unknown,19,-1,4238,success,0
903900,Unknown,41,-1,4239,success,1
904098,Unknown,23,-1,4240,success,0
904295,Unknown,22,-1,4241,success,1
904492,Unknown,33,-1,4242,success,0
904708,Unknown,31,-1,4243,success,0
904905,Unknown,21,-1,4244,success,1
905101,Unknown,21,-1,4245,success,0
905317,Unknown,46,-1,4246,success,0
905514,Unknown,49,-1,4247,success,0
905765,Unknown,11,-1,4248,success,1
906053,Unknown,21,-1,4249,success,0
906251,Unknown,42,-1,4250,success,1
906448,Unknown,13,-1,4251,success,1
906663,Unknown,40,-1,4252,success,1
906861,Unknown,48,-1,4253,success,0
907076,Unknown,43,-1,4254,success,0
907273,Unknown,31,-1,4255,success,1
907470,Unknown,16,-1,4256,success,0
907668,Unknown,6,-1,4257,success,1
907883,Unknown,46,-1,4258,success,1
908098,Unknown,24,-1,4259,success,0
908296,Unknown,24,-1,4260,success,0
908511,Unknown,12,-1,4261,success,1
908746,Unknown,6,-1,4262,success,1
908979,Unknown,29,-1,4263,success,0
909176,Unknown,16,-1,4264,success,0
909409,Unknown,3,-1,4265,success,0
909642,Unknown,12,-1,4266,success,1
909857,Unknown,0,-1,4267,success,0
910090,Unknown,8,-1,4268,success,0
910286,Unknown,8,-1,4269,success,0
910501,Unknown,21,-1,4270,success,1
910734,Unknown,12,-1,4271,success,0
910967,Unknown,3,-1,4272,success,1
911238,Unknown,41,-1,4273,success,1
911435,Unknown,12,-1,4274,success,0
911633,Unknown,49,-1,4275,success,0
911851,Unknown,5,-1,4276,success,1
912066,Unknown,26,-1,4277,success,0
912263,Unknown,30,-1,4278,success,1
912460,Unknown,22,-1,4279,success,1
912657,Unknown,23,-1,4280,success,0
912872,Unknown,17,-1,4281,success,0
913069,Unknown,39,-1,4282,success,1
913338,Unknown,46,-1,4283,success,1
913535,Unknown,9,-1,4284,success,1
913805,Unknown,27,-1,4285,success,0
914002,Unknown,2,-1,4286,success,1
914198,Unknown,15,-1,4287,success,0
914395,Unknown,17,-1,4288,success,1
914592,Unknown,17,-1,4289,success,0
914789,Unknown,15,-1,4290,success,0
915024,Unknown,13,-1,4291,success,0
915240,Unknown,20,-1,4292,success,1
915474,Unknown,32,-1,4293,success,0
915671,Unknown,19,-1,4294,success,1
915869,Unknown,1,-1,4295,success,1
916066,Unknown,3,-1,4296,success,1
916280,Unknown,16,-1,4297,success,1
916478,Unknown,49,-1,4298,success,0
916675,Unknown,36,-1,4299,success,0
916891,Unknown,22,-1,4300,success,0
917089,Unknown,35,-1,4301,success,0
917286,Unknown,12,-1,4302,success,0
917539,Unknown,19,-1,4303,success,0
917773,Unknown,3,-1,4304,success,0
918007,Unknown,40,-1,4305,success,1
918222,Unknown,13,-1,4306,success,1
918457,Unknown,17,-1,4307,success,1
918654,Unknown,18,-1,4308,success,1
918928,Unknown,45,-1,4309,success,1
919125,Unknown,48,-1,4310,success,1
919322,Unknown,23,-1,4311,success,0
919519,Unknown,37,-1,4312,success,1
919807,Unknown,26,-1,4313,success,0
920004,Unknown,13,-1,4314,success,1
920295,Unknown,27,-1,4315,success,1
920529,Unknown,11,-1,4316,success,0
920728,Unknown,24,-1,4317,success,1
920945,Unknown,31,-1,4318,success,0
921142,Unknown,27,-1,4319,success,1
921339,Unknown,8,-1,4320,success,0
921590,Unknown,39,-1,4321,success,1
921805,Unknown,14,-1,4322,success,0
922002,Unknown,49,-1,4323,success,1
922199,Unknown,32,-1,4324,success,1
922431,Unknown,10,-1,4325,success,1
922646,Unknown,43,-1,4326,success,0
922860,Unknown,6,-1,4327,success,1
923057,Unknown,11,-1,4328,success,0
923344,Unknown,4,-1,4329,success,1
923541,Unknown,13,-1,4330,success,1
923738,Unknown,3,-1,4331,success,1
923935,Unknown,28,-1,4332,success,0
924134,Unknown,18,-1,4333,success,0
924349,Unknown,5,-1,4334,success,1
924546,Unknown,44,-1,4335,success,0
924761,Unknown,17,-1,4336,success,0
924959,Unknown,47,-1,4337,success,1
925174,Unknown,41,-1,4338,success,1
925371,Unknown,0,-1,4339,success,1
925571,Unknown,48,-1,4340,success,0
925805,Unknown,43,-1,4341,success,0
926001,Unknown,20,-1,4342,success,0
926233,Unknown,3,-1,4343,success,0
926467,Unknown,23,-1,4344,success,0
926682,Unknown,31,-1,4345,success,0
926897,Unknown,44,-1,4346,success,0
927129,Unknown,2,-1,4347,success,1
927326,Unknown,14,-1,4348,success,1
927523,Unknown,34,-1,4349,success,1
927720,Unknown,23,-1,4350,success,1
927953,Unknown,47,-1,4351,success,1
928170,Unknown,27,-1,4352,success,0
928366,Unknown,0,-1,4353,success,0
928581,Unknown,5,-1,4354,success,1
928778,Unknown,35,-1,4355,success,1
928975,Unknown,6,-1,4356,success,0
929226,Unknown,6,-1,4357,success,0
929423,Unknown,16,-1,4358,success,1
929619,Unknown,6,-1,4359,success,0
929943,Unknown,41,-1,4360,success,1
930175,Unknown,46,-1,4361,success,0
930391,Unknown,41,-1,4362,success,0
930662,Unknown,37,-1,4363,success,1
930895,Unknown,43,-1,4364,success,1
931164,Unknown,28,-1,4365,success,1
931361,Unknown,18,-1,4366,success,0
931593,Unknown,4,-1,4367,success,0
931790,Unknown,5,-1,4368,success,1
931987,Unknown,45,-1,4369,success,1
932185,Unknown,47,-1,4370,success,0
932383,Unknown,22,-1,4371,success,1
932580,Unknown,26,-1,4372,success,0
932776,Unknown,26,-1,4373,success,0
932975,Unknown,21,-1,4374,success,0
933190,Unknown,27,-1,4375,success,0
933478,Unknown,13,-1,4376,success,1
933731,Unknown,21,-1,4377,success,0
933928,Unknown,21,-1,4378,success,0
934125,Unknown,16,-1,4379,success,1
934322,Unknown,33,-1,4380,success,1
934555,Unknown,12,-1,4381,success,1
934752,Unknown,10,-1,4382,success,1
934968,Unknown,25,-1,4383,success,1
935202,Unknown,15,-1,4384,success,1
935400,Unknown,26,-1,4385,success,1
935597,Unknown,20,-1,4386,success,0
935794,Unknown,5,-1,4387,success,1
935992,Unknown,17,-1,4388,success,0
936207,Unknown,15,-1,4389,success,0
936404,Unknown,3,-1,4390,success,0
936600,Unknown,28,-1,4391,success,0
936815,Unknown,38,-1,4392,success,0
937031,Unknown,47,-1,4393,success,0
937396,Unknown,14,-1,4394,success,1
937595,Unknown,12,-1,4395,success,1
937816,Unknown,14,-1,4396,success,0
938013,Unknown,49,-1,4397,success,1
938210,Unknown,20,-1,4398,success,1
938424,Unknown,39,-1,4399,success,1
938643,Unknown,9,-1,4400,success,0
938842,Unknown,42,-1,4401,success,0
939058,Unknown,44,-1,4402,success,1
939254,Unknown,21,-1,4403,success,0
939451,Unknown,47,-1,4404,success,0
939647,Unknown,14,-1,4405,success,0
939882,Unknown,38,-1,4406,success,0
940079,Unknown,36,-1,4407,success,0
940294,Unknown,42,-1,4408,success,0
940493,Unknown,33,-1,4409,success,0
940728,Unknown,45,-1,4410,success,0
940943,Unknown,41,-1,4411,success,0
941143,Unknown,22,-1,4412,success,1
941357,Unknown,18,-1,4413,success,1
941554,Unknown,3,-1,4414,success,1
941751,Unknown,33,-1,4415,success,0
941947,Unknown,17,-1,4416,success,0
942180,Unknown,22,-1,4417,success,0
942378,Unknown,21,-1,4418,success,0
942610,Unknown,25,-1,4419,success,1
942809,Unknown,39,-1,4420,success,0
943024,Unknown,40,-1,4421,success,1
943224,Unknown,13,-1,4422,success,1
943421,Unknown,34,-1,4423,success,0
943636,Unknown,42,-1,4424,success,0
943833,Unknown,9,-1,4425,success,0
944048,Unknown,17,-1,4426,success,1
944245,Unknown,38,-1,4427,success,1
944442,Unknown,18,-1,4428,success,0
944639,Unknown,13,-1,4429,success,0
944836,Unknown,34,-1,4430,success,0
945033,Unknown,1,-1,4431,success,1
945230,Unknown,15,-1,4432,success,0
945427,Unknown,3,-1,4433,success,1
945625,Unknown,18,-1,4434,success,0
945822,Unknown,2,-1,4435,success,1
946019,Unknown,38,-1,4436,success,0
946252,Unknown,7,-1,4437,success,1
946503,Unknown,2,-1,4438,success,0
946700,Unknown,39,-1,4439,success,1
946973,Unknown,2,-1,4440,success,0
947189,Unknown,7,-1,4441,success,1
947386,Unknown,42,-1,4442,success,0
947582,Unknown,27,-1,4443,success,0
947815,Unknown,25,-1,4444,success,1
948014,Unknown,20,-1,4445,success,1
948211,Unknown,10,-1,4446,success,0
948408,Unknown,5,-1,4447,success,0
948605,Unknown,31,-1,4448,success,0
948802,Unknown,14,-1,4449,success,0
949017,Unknown,29,-1,4450,success,1
949251,Unknown,28,-1,4451,success,0
949450,Unknown,4,-1,4452,success,0
949665,Unknown,35,-1,4453,success,1
949879,Unknown,22,-1,4454,success,1
950077,Unknown,29,-1,4455,success,0
950292,Unknown,14,-1,4456,success,1
950490,Unknown,7,-1,4457,success,1
950687,Unknown,36,-1,4458,success,0
950902,Unknown,4,-1,4459,success,0
951117,Unknown,30,-1,4460,success,0
951314,Unknown,33,-1,4461,success,1
951547,Unknown,3,-1,4462,success,1
951763,Unknown,25,-1,4463,success,0
951978,Unknown,39,-1,4464,success,1
952175,Unknown,44,-1,4465,success,0
952425,Unknown,35,-1,4466,success,0
952622,Unknown,23,-1,4467,success,1
952965,Unknown,22,-1,4468,success,1
953162,Unknown,27,-1,4469,success,0
953436,Unknown,17,-1,4470,success,1
953651,Unknown,8,-1,4471,success,1
953867,Unknown,28,-1,4472,success,0
954064,Unknown,31,-1,4473,success,0
954262,Unknown,16,-1,4474,success,1
954459,Unknown,39,-1,4475,success,0
954675,Unknown,5,-1,4476,success,1
954890,Unknown,48,-1,4477,success,0
955196,Unknown,11,-1,4478,success,1
955394,Unknown,4,-1,4479,success,0
955611,Unknown,25,-1,4480,success,0
955808,Unknown,27,-1,4481,success,0
956005,Unknown,42,-1,4482,success,1
956201,Unknown,26,-1,4483,success,0
956416,Unknown,43,-1,4484,success,1
956630,Unknown,34,-1,4485,success,1
956845,Unknown,42,-1,4486,success,0
957060,Unknown,4,-1,4487,success,1
957384,Unknown,38,-1,4488,success,1
957638,Unknown,7,-1,4489,success,0
957855,Unknown,15,-1,4490,success,0
958054,Unknown,46,-1,4491,success,0
958251,Unknown,29,-1,4492,success,1
958448,Unknown,37,-1,4493,success,1
958766,Unknown,47,-1,4494,success,1
958964,Unknown,11,-1,4495,success,0
959182,Unknown,45,-1,4496,success,1
959398,Unknown,22,-1,4497,success,1
959595,Unknown,5,-1,4498,success,0
959792,Unknown,31,-1,4499,success,1
959991,Unknown,33,-1,4500,success,0
960206,Unknown,32,-1,4501,success,1
960422,Unknown,13,-1,4502,success,0
960619,Unknown,49,-1,4503,success,0
960834,Unknown,39,-1,4504,success,0
961031,Unknown,33,-1,4505,success,0
961228,Unknown,43,-1,4506,success,0
961428,Unknown,30,-1,4507,success,1
961646,Unknown,1,-1,4508,success,1
961869,Unknown,48,-1,4509,success,1
962068,Unknown,4,-1,4510,success,0
962285,Unknown,39,-1,4511,success,1
962483,Unknown,19,-1,4512,success,0
962704,Unknown,36,-1,4513,success,0
962902,Unknown,48,-1,4514,success,1
963117,Unknown,8,-1,4515,success,1
963315,Unknown,42,-1,4516,success,0
963512,Unknown,26,-1,4517,success,0
963710,Unknown,34,-1,4518,success,0
963907,Unknown,8,-1,4519,success,0
964103,Unknown,35,-1,4520,success,0
964299,Unknown,17,-1,4521,success,0
964514,Unknown,34,-1,4522,success,0
964731,Unknown,47,-1,4523,success,0
964927,Unknown,22,-1,4524,success,0
965182,Unknown,41,-1,4525,success,1
965398,Unknown,19,-1,4526,success,0
965595,Unknown,11,-1,4527,success,1
965810,Unknown,6,-1,4528,success,1
966043,Unknown,19,-1,4529,success,1
966259,Unknown,14,-1,4530,success,0
966475,Unknown,41,-1,4531,success,0
966691,Unknown,1,-1,4532,success,1
966888,Unknown,13,-1,4533,success,0
967085,Unknown,35,-1,4534,success,0
967282,Unknown,21,-1,4535,success,1
967497,Unknown,6,-1,4536,success,0
967768,Unknown,35,-1,4537,success,1
968057,Unknown,9,-1,4538,success,1
968255,Unknown,10,-1,4539,success,1
968528,Unknown,49,-1,4540,success,1
968726,Unknown,7,-1,4541,success,1
968923,Unknown,46,-1,4542,success,1
969156,Unknown,33,-1,4543,success,1
969353,Unknown,5,-1,4544,success,0
969568,Unknown,41,-1,4545,success,0
969801,Unknown,3,-1,4546,success,1
970036,Unknown,17,-1,4547,success,0
970275,Unknown,24,-1,4548,success,0
970472,Unknown,5,-1,4549,success,1
970687,Unknown,22,-1,4550,success,0
970884,Unknown,27,-1,4551,success,1
971082,Unknown,10,-1,4552,success,1
971281,Unknown,5,-1,4553,success,0
971497,Unknown,48,-1,4554,success,1
971712,Unknown,8,-1,4555,success,1
971908,Unknown,8,-1,4556,success,0
972105,Unknown,20,-1,4557,success,0
972301,Unknown,24,-1,4558,success,0
972499,Unknown,33,-1,4559,success,1
972733,Unknown,49,-1,4560,success,0
972930,Unknown,46,-1,4561,success,1
973145,Unknown,33,-1,4562,success,0
973342,Unknown,35,-1,4563,success,0
973557,Unknown,5,-1,4564,success,0
973754,Unknown,29,-1,4565,success,0
973951,Unknown,20,-1,4566,success,1
974148,Unknown,46,-1,4567,success,0
974345,Unknown,26,-1,4568,success,0
974615,Unknown,1,-1,4569,success,1
974812,Unknown,16,-1,4570,success,1
975065,Unknown,32,-1,4571,success,0
975261,Unknown,21,-1,4572,success,0
975476,Unknown,10,-1,4573,success,0
975674,Unknown,28,-1,4574,success,0
975871,Unknown,42,-1,4575,success,0
976086,Unknown,40,-1,4576,success,1
976284,Unknown,34,-1,4577,success,0
976481,Unknown,44,-1,4578,success,0
976713,Unknown,34,-1,4579,success,1
976946,Unknown,26,-1,4580,success,1
977162,Unknown,40,-1,4581,success,1
977376,Unknown,8,-1,4582,success,1
977590,Unknown,2,-1,4583,success,0
977841,Unknown,39,-1,4584,success,1
978038,Unknown,9,-1,4585,success,1
978235,Unknown,28,-1,4586,success,0
978450,Unknown,40,-1,4587,success,0
978684,Unknown,2,-1,4588,success,1
978881,Unknown,29,-1,4589,success,1
979095,Unknown,43,-1,4590,success,1
979291,Unknown,34,-1,4591,success,0
979487,Unknown,0,-1,4592,success,0
979740,Unknown,5,-1,4593,success,1
979937,Unknown,42,-1,4594,success,1
980188,Unknown,23,-1,4595,success,1
980403,Unknown,47,-1,4596,success,1
980618,Unknown,15,-1,4597,success,0
980833,Unknown,21,-1,4598,success,0
981048,Unknown,43,-1,4599,success,1
981245,Unknown,13,-1,4600,success,1
981478,Unknown,44,-1,4601,success,0
981674,Unknown,42,-1,4602,success,0
981908,Unknown,7,-1,4603,success,0
982144,Unknown,9,-1,4604,success,1
982341,Unknown,11,-1,4605,success,0
982538,Unknown,18,-1,4606,success,0
982755,Unknown,41,-1,4607,success,1
982970,Unknown,0,-1,4608,success,1
983240,Unknown,10,-1,4609,success,1
983475,Unknown,37,-1,4610,success,0
983694,Unknown,22,-1,4611,success,1
983891,Unknown,38,-1,4612,success,0
984088,Unknown,35,-1,4613,success,0
984303,Unknown,27,-1,4614,success,0
984535,Unknown,32,-1,4615,success,1
984732,Unknown,23,-1,4616,success,0
984947,Unknown,37,-1,4617,success,0
985144,Unknown,4,-1,4618,success,1
985377,Unknown,28,-1,4619,success,1
985611,Unknown,12,-1,4620,success,0
985825,Unknown,1,-1,4621,success,1
986021,Unknown,1,-1,4622,success,0
986256,Unknown,43,-1,4623,success,0
986473,Unknown,45,-1,4624,success,0
986670,Unknown,6,-1,4625,success,0
986887,Unknown,29,-1,4626,success,0
987084,Unknown,7,-1,4627,success,1
987302,Unknown,38,-1,4628,success,0
987499,Unknown,7,-1,4629,success,0
987696,Unknown,26,-1,4630,success,1
987910,Unknown,39,-1,4631,success,0
988126,Unknown,33,-1,4632,success,0
988322,Unknown,45,-1,4633,success,0
988518,Unknown,38,-1,4634,success,0
988714,Unknown,23,-1,4635,success,0
988910,Unknown,38,-1,4636,success,0
989180,Unknown,30,-1,4637,success,1
989395,Unknown,4,-1,4638,success,0
989631,Unknown,42,-1,4639,success,1
989848,Unknown,47,-1,4640,success,0
990045,Unknown,21,-1,4641,success,0
990322,Unknown,9,-1,4642,success,1
990558,Unknown,19,-1,4643,success,1
990811,Unknown,4,-1,4644,success,1
991008,Unknown,45,-1,4645,success,0
991205,Unknown,29,-1,4646,success,0
991402,Unknown,32,-1,4647,success,1
991598,Unknown,10,-1,4648,success,0
991814,Unknown,28,-1,4649,success,0
992028,Unknown,21,-1,4650,success,0
992262,Unknown,19,-1,4651,success,1
992459,Unknown,3,-1,4652,success,0
992674,Unknown,37,-1,4653,success,0
992870,Unknown,41,-1,4654,success,0
993066,Unknown,14,-1,4655,success,0
993321,Unknown,0,-1,4656,success,0
993536,Unknown,12,-1,4657,success,0
993734,Unknown,10,-1,4658,success,1
993931,Unknown,33,-1,4659,success,1
994128,Unknown,3,-1,4660,success,0
994325,Unknown,8,-1,4661,success,0
994558,Unknown,5,-1,4662,success,1
994792,Unknown,32,-1,4663,success,0
994989,Unknown,44,-1,4664,success,0
995204,Unknown,49,-1,4665,success,0
995401,Unknown,42,-1,4666,success,0
995635,Unknown,6,-1,4667,success,1
995887,Unknown,43,-1,4668,success,0
996084,Unknown,0,-1,4669,success,1
996281,Unknown,34,-1,4670,success,0
996478,Unknown,47,-1,4671,success,0
996678,Unknown,15,-1,4672,success,1
996910,Unknown,5,-1,4673,success,0
997216,Unknown,28,-1,4674,success,0
997412,Unknown,13,-1,4675,success,0
997609,Unknown,32,-1,4676,success,1
997826,Unknown,47,-1,4677,success,1
998041,Unknown,33,-1,4678,success,0
998258,Unknown,31,-1,4679,success,0
998455,Unknown,10,-1,4680,success,0
998674,Unknown,30,-1,4681,success,0
998943,Unknown,20,-1,4682,success,1
999140,Unknown,25,-1,4683,success,1
999355,Unknown,9,-1,4684,success,1
999551,Unknown,31,-1,4685,success,0
999748,Unknown,11,-1,4686,success,0
999946,Unknown,39,-1,4687,success,0
1000180,Unknown,27,-1,4688,success,1
1000396,Unknown,14,-1,4689,success,1
1000593,Unknown,42,-1,4690,success,1
1000845,Unknown,26,-1,4691,success,1
1001042,Unknown,21,-1,4692,success,1
1001297,Unknown,1,-1,4693,success,1
1001494,Unknown,47,-1,4694,success,0
1001710,Unknown,43,-1,4695,success,0
1001925,Unknown,15,-1,4696,success,1
1002139,Unknown,24,-1,4697,success,1
1002336,Unknown,6,-1,4698,success,0
1002533,Unknown,46,-1,4699,success,1
1002730,Unknown,13,-1,4700,success,1
1002928,Unknown,45,-1,4701,success,0
1003181,Unknown,3,-1,4702,success,0
1003413,Unknown,10,-1,4703,success,1
1003610,Unknown,17,-1,4704,success,1
1003825,Unknown,25,-1,4705,success,0
1004057,Unknown,44,-1,4706,success,0
1004254,Unknown,37,-1,4707,success,0
1004542,Unknown,47,-1,4708,success,1
1004757,Unknown,20,-1,4709,success,0
1005046,Unknown,5,-1,4710,success,1
1005242,Unknown,5,-1,4711,success,0
1005443,Unknown,31,-1,4712,success,1
1005660,Unknown,21,-1,4713,success,1
1005857,Unknown,0,-1,4714,success,0
1006053,Unknown,29,-1,4715,success,0
1006306,Unknown,16,-1,4716,success,0
1006523,Unknown,3,-1,4717,success,0
1006719,Unknown,38,-1,4718,success,0
1006936,Unknown,24,-1,4719,success,0
1007172,Unknown,31,-1,4720,success,0
1007376,Unknown,17,-1,4721,success,1
1007591,Unknown,21,-1,4722,success,0
1007806,Unknown,28,-1,4723,success,1
1008041,Unknown,41,-1,4724,success,0
1008238,Unknown,23,-1,4725,success,0
1008454,Unknown,29,-1,4726,success,1
1008689,Unknown,30,-1,4727,success,0
1008887,Unknown,48,-1,4728,success,0
1009139,Unknown,3,-1,4729,success,0
1009337,Unknown,39,-1,4730,success,1
1009606,Unknown,18,-1,4731,success,1
1009803,Unknown,21,-1,4732,success,0
1010000,Unknown,11,-1,4733,success,0
1010197,Unknown,42,-1,4734,success,0
1010394,Unknown,10,-1,4735,success,0
1010591,Unknown,36,-1,4736,success,0
1010806,Unknown,3,-1,4737,success,0
1011003,Unknown,9,-1,4738,success,1
1011237,Unknown,33,-1,4739,success,1
1011434,Unknown,10,-1,4740,success,1
1011742,Unknown,38,-1,4741,success,1
1011959,Unknown,29,-1,4742,success,1
1012156,Unknown,3,-1,4743,success,1
1012354,Unknown,33,-1,4744,success,0
1012571,Unknown,38,-1,4745,success,1
1012786,Unknown,21,-1,4746,success,1
1013019,Unknown,22,-1,4747,success,0
1013237,Unknown,2,-1,4748,success,1
1013470,Unknown,48,-1,4749,success,0
1013666,Unknown,14,-1,4750,success,0
1013864,Unknown,41,-1,4751,success,0
1014061,Unknown,28,-1,4752,success,1
1014258,Unknown,23,-1,4753,success,1
1014474,Unknown,40,-1,4754,success,1
1014688,Unknown,29,-1,4755,success,1
1014925,Unknown,35,-1,4756,success,1
1015176,Unknown,43,-1,4757,success,1
1015373,Unknown,13,-1,4758,success,0
1015570,Unknown,28,-1,4759,success,0
1015767,Unknown,34,-1,4760,success,1
1015982,Unknown,16,-1,4761,success,1
1016179,Unknown,17,-1,4762,success,1
1016395,Unknown,25,-1,4763,success,1
1016592,Unknown,40,-1,4764,success,1
1016789,Unknown,32,-1,4765,success,0
1016986,Unknown,42,-1,4766,success,0
1017184,Unknown,11,-1,4767,success,0
1017398,Unknown,46,-1,4768,success,1
1017595,Unknown,41,-1,4769,success,0
1017882,Unknown,42,-1,4770,success,0
1018079,Unknown,49,-1,4771,success,0
1018312,Unknown,45,-1,4772,success,0
1018509,Unknown,20,-1,4773,success,1
1018706,Unknown,36,-1,4774,success,1
1018903,Unknown,10,-1,4775,success,0
1019209,Unknown,29,-1,4776,success,0
1019406,Unknown,22,-1,4777,success,0
1019621,Unknown,20,-1,4778,success,0
1019818,Unknown,1,-1,4779,success,0
1020015,Unknown,46,-1,4780,success,1
1020248,Unknown,27,-1,4781,success,0
1020481,Unknown,6,-1,4782,success,0
1020714,Unknown,39,-1,4783,success,1
1020983,Unknown,42,-1,4784,success,0
1021181,Unknown,21,-1,4785,success,0
1021396,Unknown,4,-1,4786,success,1
1021612,Unknown,12,-1,4787,success,1
1021827,Unknown,47,-1,4788,success,0
1022024,Unknown,43,-1,4789,success,0
1022278,Unknown,17,-1,4790,success,1
1022495,Unknown,30,-1,4791,success,1
1022712,Unknown,38,-1,4792,success,1
1022926,Unknown,33,-1,4793,success,1
1023125,Unknown,14,-1,4794,success,0
1023327,Unknown,12,-1,4795,success,1
1023524,Unknown,48,-1,4796,success,1
1023721,Unknown,16,-1,4797,success,0
1023918,Unknown,25,-1,4798,success,0
1024116,Unknown,3,-1,4799,success,0
1024313,Unknown,22,-1,4800,success,0
1024509,Unknown,47,-1,4801,success,0
1024706,Unknown,22,-1,4802,success,0
1024938,Unknown,44,-1,4803,success,0
1025153,Unknown,0,-1,4804,success,1
1025349,Unknown,19,-1,4805,success,0
1025619,Unknown,31,-1,4806,success,0
1025835,Unknown,45,-1,4807,success,1
1026050,Unknown,1,-1,4808,success,1
1026247,Unknown,21,-1,4809,success,0
1026444,Unknown,49,-1,4810,success,0
1026642,Unknown,4,-1,4811,success,0
1026838,Unknown,29,-1,4812,success,0
1027035,Unknown,49,-1,4813,success,0
1027269,Unknown,31,-1,4814,success,0
1027465,Unknown,25,-1,4815,success,0
1027662,Unknown,9,-1,4816,success,1
1027859,Unknown,12,-1,4817,success,1
1028056,Unknown,38,-1,4818,success,0
1028271,Unknown,32,-1,4819,success,1
1028486,Unknown,26,-1,4820,success,0
1028682,Unknown,0,-1,4821,success,0
1028898,Unknown,44,-1,4822,success,1
1029097,Unknown,27,-1,4823,success,0
1029312,Unknown,42,-1,4824,success,0
1029509,Unknown,8,-1,4825,success,1
1029725,Unknown,6,-1,4826,success,0
1029978,Unknown,22,-1,4827,success,0
1030196,Unknown,44,-1,4828,success,1
1030397,Unknown,44,-1,4829,success,0
1030593,Unknown,5,-1,4830,success,0
1030846,Unknown,44,-1,4831,success,0
1031062,Unknown,45,-1,4832,success,0
1031259,Unknown,15,-1,4833,success,0
1031456,Unknown,27,-1,4834,success,0
1031711,Unknown,20,-1,4835,success,1
1031926,Unknown,12,-1,4836,success,0
1032123,Unknown,45,-1,4837,success,0
1032340,Unknown,46,-1,4838,success,0
1032579,Unknown,3,-1,4839,success,0
1032795,Unknown,6,-1,4840,success,1
1033010,Unknown,16,-1,4841,success,1
1033229,Unknown,10,-1,4842,success,1
1033430,Unknown,47,-1,4843,success,1
1033628,Unknown,48,-1,4844,success,0
1033825,Unknown,1,-1,4845,success,1
1034023,Unknown,10,-1,4846,success,0
1034240,Unknown,18,-1,4847,success,1
1034437,Unknown,26,-1,4848,success,0
1034635,Unknown,7,-1,4849,success,1
1034832,Unknown,34,-1,4850,success,0
1035049,Unknown,17,-1,4851,success,0
1035283,Unknown,20,-1,4852,success,0
1035516,Unknown,5,-1,4853,success,1
1035756,Unknown,37,-1,4854,success,0
1035953,Unknown,34,-1,4855,success,0
1036150,Unknown,40,-1,4856,success,1
1036347,Unknown,4,-1,4857,success,0
1036545,Unknown,19,-1,4858,success,1
1036741,Unknown,23,-1,4859,success,0
1036938,Unknown,36,-1,4860,success,0
1037225,Unknown,35,-1,4861,success,1
1037439,Unknown,2,-1,4862,success,1
1037636,Unknown,4,-1,4863,success,0
1037852,Unknown,44,-1,4864,success,0
1038070,Unknown,49,-1,4865,success,0
1038267,Unknown,22,-1,4866,success,1
1038464,Unknown,26,-1,4867,success,0
1038662,Unknown,18,-1,4868,success,1
1038895,Unknown,11,-1,4869,success,0
1039131,Unknown,28,-1,4870,success,0
1039328,Unknown,3,-1,4871,success,1
1039525,Unknown,45,-1,4872,success,1
1039779,Unknown,48,-1,4873,success,1
1039977,Unknown,10,-1,4874,success,0
1040193,Unknown,33,-1,4875,success,1
1040389,Unknown,33,-1,4876,success,0
1040623,Unknown,29,-1,4877,success,1
1040820,Unknown,25,-1,4878,success,0
1041053,Unknown,7,-1,4879,success,1
1041250,Unknown,7,-1,4880,success,0
1041447,Unknown,0,-1,4881,success,0
1041644,Unknown,16,-1,4882,success,1
1041878,Unknown,1,-1,4883,success,1
1042075,Unknown,29,-1,4884,success,0
1042309,Unknown,11,-1,4885,success,1
1042543,Unknown,24,-1,4886,success,0
1042741,Unknown,5,-1,4887,success,0
1042938,Unknown,28,-1,4888,success,1
1043158,Unknown,20,-1,4889,success,1
1043354,Unknown,20,-1,4890,success,0
1043551,Unknown,27,-1,4891,success,1
1043767,Unknown,21,-1,4892,success,1
1043964,Unknown,24,-1,4893,success,1
1044179,Unknown,28,-1,4894,success,0
1044376,Unknown,37,-1,4895,success,1
1044572,Unknown,37,-1,4896,success,0
1044841,Unknown,38,-1,4897,success,0
1045056,Unknown,17,-1,4898,success,1
1045308,Unknown,30,-1,4899,success,0
1045543,Unknown,33,-1,4900,success,0
1045739,Unknown,33,-1,4901,success,0
1045936,Unknown,6,-1,4902,success,1
1046133,Unknown,43,-1,4903,success,1
1046366,Unknown,24,-1,4904,success,1
1046656,Unknown,5,-1,4905,success,1
1046871,Unknown,0,-1,4906,success,1
1047086,Unknown,38,-1,4907,success,1
1047302,Unknown,46,-1,4908,success,1
1047517,Unknown,41,-1,4909,success,0
1047714,Unknown,12,-1,4910,success,0
1047930,Unknown,0,-1,4911,success,0
1048127,Unknown,37,-1,4912,success,0
1048323,Unknown,36,-1,4913,success,0
1048558,Unknown,40,-1,4914,success,1
1048754,Unknown,40,-1,4915,success,0
1048969,Unknown,3,-1,4916,success,0
1049204,Unknown,35,-1,4917,success,1
1049437,Unknown,23,-1,4918,success,0
1049653,Unknown,30,-1,4919,success,1
1049910,Unknown,40,-1,4920,success,1
1050107,Unknown,14,-1,4921,success,0
1050344,Unknown,30,-1,4922,success,1
1050560,Unknown,48,-1,4923,success,1
1050775,Unknown,44,-1,4924,success,1
1050991,Unknown,27,-1,4925,success,1
1051189,Unknown,9,-1,4926,success,0
1051404,Unknown,6,-1,4927,success,0
1051603,Unknown,10,-1,4928,success,0
1051854,Unknown,23,-1,4929,success,0
1052069,Unknown,24,-1,4930,success,0
1052284,Unknown,26,-1,4931,success,1
1052500,Unknown,41,-1,4932,success,1
1052696,Unknown,21,-1,4933,success,0
1052893,Unknown,46,-1,4934,success,0
1053089,Unknown,3,-1,4935,success,0
1053303,Unknown,37,-1,4936,success,0
1053518,Unknown,37,-1,4937,success,0
1053716,Unknown,27,-1,4938,success,0
1053913,Unknown,22,-1,4939,success,0
1054111,Unknown,20,-1,4940,success,0
1054307,Unknown,27,-1,4941,success,0
1054541,Unknown,6,-1,4942,success,0
1054737,Unknown,0,-1,4943,success,0
1054952,Unknown,41,-1,4944,success,0
1055149,Unknown,8,-1,4945,success,1
1055347,Unknown,36,-1,4946,success,0
1055598,Unknown,21,-1,4947,success,1
1055813,Unknown,20,-1,4948,success,0
1056029,Unknown,46,-1,4949,success,1
1056280,Unknown,2,-1,4950,success,0
1056478,Unknown,10,-1,4951,success,0
1056747,Unknown,46,-1,4952,success,0
1056944,Unknown,16,-1,4953,success,1
1057158,Unknown,26,-1,4954,success,1
1057373,Unknown,5,-1,4955,success,0
1057569,Unknown,9,-1,4956,success,0
1057803,Unknown,48,-1,4957,success,1
1058000,Unknown,41,-1,4958,success,0
1058232,Unknown,47,-1,4959,success,0
1058484,Unknown,14,-1,4960,success,0
1058681,Unknown,40,-1,4961,success,1
1058878,Unknown,16,-1,4962,success,1
1059112,Unknown,43,-1,4963,success,0
1059309,Unknown,2,-1,4964,success,1
1059560,Unknown,11,-1,4965,success,1
1059830,Unknown,24,-1,4966,success,1
1060085,Unknown,16,-1,4967,success,1
1060300,Unknown,18,-1,4968,success,1
1060497,Unknown,45,-1,4969,success,1
1060694,Unknown,39,-1,4970,success,1
1060928,Unknown,47,-1,4971,success,1
1061125,Unknown,37,-1,4972,success,1
1061322,Unknown,37,-1,4973,success,0
1061518,Unknown,46,-1,4974,success,0
1061715,Unknown,30,-1,4975,success,0
1061912,Unknown,13,-1,4976,success,0
1062129,Unknown,3,-1,4977,success,0
1062344,Unknown,45,-1,4978,success,0
1062559,Unknown,37,-1,4979,success,0
1062774,Unknown,47,-1,4980,success,1
1062989,Unknown,41,-1,4981,success,0
1063186,Unknown,43,-1,4982,success,1
1063384,Unknown,10,-1,4983,success,0
1063581,Unknown,19,-1,4984,success,1
1063778,Unknown,23,-1,4985,success,0
1063992,Unknown,44,-1,4986,success,0
1064225,Unknown,36,-1,4987,success,1
1064440,Unknown,23,-1,4988,success,0
1064656,Unknown,25,-1,4989,success,1
1064854,Unknown,48,-1,4990,success,0
1065070,Unknown,5,-1,4991,success,0
1065303,Unknown,24,-1,4992,success,0
1065500,Unknown,3,-1,4993,success,1
1065696,Unknown,3,-1,4994,success,0
1065893,Unknown,18,-1,4995,success,0
1066090,Unknown,15,-1,4996,success,0
1066305,Unknown,6,-1,4997,success,1
1066629,Unknown,40,-1,4998,success,0
1066826,Unknown,38,-1,4999,success,1
1067062,Unknown,11,-1,5000,success,1
1067261,Unknown,35,-1,5001,success,1
1067457,Unknown,14,-1,5002,success,0
1067653,Unknown,22,-1,5003,success,0
1067869,Unknown,32,-1,5004,success,1
1068066,Unknown,0,-1,5005,success,1
1068282,Unknown,44,-1,5006,success,1
1068536,Unknown,43,-1,5007,success,0
1068770,Unknown,10,-1,5008,success,1
1068966,Unknown,29,-1,5009,success,0
1069163,Unknown,31,-1,5010,success,0
1069379,Unknown,47,-1,5011,success,1
1069615,Unknown,49,-1,5012,success,0
1069812,Unknown,21,-1,5013,success,0
1070009,Unknown,26,-1,5014,success,1
1070205,Unknown,26,-1,5015,success,0
1070402,Unknown,7,-1,5016,success,1
1070617,Unknown,7,-1,5017,success,0
1070814,Unknown,43,-1,5018,success,1
1071030,Unknown,11,-1,5019,success,1
1071245,Unknown,16,-1,5020,success,1
1071442,Unknown,0,-1,5021,success,0
1071639,Unknown,26,-1,5022,success,1
1071836,Unknown,27,-1,5023,success,0
1072033,Unknown,35,-1,5024,success,0
1072248,Unknown,31,-1,5025,success,1
1072445,Unknown,15,-1,5026,success,1
1072678,Unknown,21,-1,5027,success,0
1072947,Unknown,22,-1,5028,success,1
1073162,Unknown,10,-1,5029,success,0
1073359,Unknown,29,-1,5030,success,1
1073556,Unknown,7,-1,5031,success,0
1073754,Unknown,25,-1,5032,success,1
1073951,Unknown,28,-1,5033,success,0
1074203,Unknown,8,-1,5034,success,0
1074436,Unknown,44,-1,5035,success,1
1074651,Unknown,29,-1,5036,success,0
1074865,Unknown,43,-1,5037,success,1
1075062,Unknown,28,-1,5038,success,0
1075295,Unknown,39,-1,5039,success,1
1075491,Unknown,39,-1,5040,success,0
1075688,Unknown,28,-1,5041,success,0
1075939,Unknown,49,-1,5042,success,0
1076136,Unknown,33,-1,5043,success,0
1076333,Unknown,47,-1,5044,success,0
1076566,Unknown,29,-1,5045,success,0
1076764,Unknown,2,-1,5046,success,0
1076961,Unknown,46,-1,5047,success,1
1077158,Unknown,28,-1,5048,success,0
1077356,Unknown,0,-1,5049,success,0
1077590,Unknown,44,-1,5050,success,1
1077805,Unknown,43,-1,5051,success,0
1078020,Unknown,41,-1,5052,success,0
1078217,Unknown,29,-1,5053,success,0
1078433,Unknown,28,-1,5054,success,1
1078648,Unknown,17,-1,5055,success,1
1078845,Unknown,5,-1,5056,success,0
1079078,Unknown,9,-1,5057,success,0
1079275,Unknown,1,-1,5058,success,1
1079565,Unknown,28,-1,5059,success,0
1079783,Unknown,13,-1,5060,success,1
1080055,Unknown,8,-1,5061,success,1
1080270,Unknown,25,-1,5062,success,1
1080466,Unknown,13,-1,5063,success,0
1080662,Unknown,10,-1,5064,success,0
1080859,Unknown,18,-1,5065,success,1
1081075,Unknown,20,-1,5066,success,1
1081272,Unknown,45,-1,5067,success,1
1081597,Unknown,3,-1,5068,success,1
1081794,Unknown,10,-1,5069,success,0
1081991,Unknown,26,-1,5070,success,1
1082243,Unknown,41,-1,5071,success,0
1082440,Unknown,6,-1,5072,success,0
1082730,Unknown,2,-1,5073,success,0
1082927,Unknown,5,-1,5074,success,0
1083179,Unknown,28,-1,5075,success,1
1083375,Unknown,27,-1,5076,success,0
1083573,Unknown,17,-1,5077,success,0
1083788,Unknown,29,-1,5078,success,1
1084003,Unknown,23,-1,5079,success,1
1084200,Unknown,36,-1,5080,success,0
1084415,Unknown,9,-1,5081,success,0
1084632,Unknown,12,-1,5082,success,1
1084867,Unknown,45,-1,5083,success,0
1085103,Unknown,1,-1,5084,success,0
1085300,Unknown,19,-1,5085,success,0
1085497,Unknown,44,-1,5086,success,0
1085695,Unknown,11,-1,5087,success,0
1085892,Unknown,11,-1,5088,success,0
1086106,Unknown,49,-1,5089,success,0
1086303,Unknown,31,-1,5090,success,0
1086500,Unknown,46,-1,5091,success,0
1086715,Unknown,48,-1,5092,success,0
1086933,Unknown,45,-1,5093,success,0
1087186,Unknown,27,-1,5094,success,1
1087400,Unknown,43,-1,5095,success,1
1087597,Unknown,27,-1,5096,success,0
1087813,Unknown,21,-1,5097,success,0
1088010,Unknown,31,-1,5098,success,1
1088208,Unknown,33,-1,5099,success,0
1088405,Unknown,11,-1,5100,success,1
1088619,Unknown,39,-1,5101,success,0
1088852,Unknown,43,-1,5102,success,0
1089067,Unknown,47,-1,5103,success,1
1089302,Unknown,15,-1,5104,success,0
1089517,Unknown,17,-1,5105,success,0
1089715,Unknown,46,-1,5106,success,1
1089912,Unknown,45,-1,5107,success,0
1090111,Unknown,14,-1,5108,success,1
1090328,Unknown,30,-1,5109,success,0
1090617,Unknown,28,-1,5110,success,0
1090815,Unknown,19,-1,5111,success,1
1091030,Unknown,49,-1,5112,success,0
1091245,Unknown,46,-1,5113,success,1
1091442,Unknown,30,-1,5114,success,0
1091640,Unknown,10,-1,5115,success,0
1091855,Unknown,20,-1,5116,success,0
1092068,Unknown,29,-1,5117,success,1
1092284,Unknown,15,-1,5118,success,1
1092517,Unknown,6,-1,5119,success,1
1092768,Unknown,13,-1,5120,success,1
1092965,Unknown,21,-1,5121,success,1
1093162,Unknown,1,-1,5122,success,1
1093358,Unknown,2,-1,5123,success,0
1093573,Unknown,31,-1,5124,success,0
1093769,Unknown,43,-1,5125,success,0
1093967,Unknown,25,-1,5126,success,0
1094164,Unknown,41,-1,5127,success,0
1094361,Unknown,17,-1,5128,success,0
1094595,Unknown,7,-1,5129,success,1
1094829,Unknown,35,-1,5130,success,1
1095061,Unknown,43,-1,5131,success,0
1095276,Unknown,20,-1,5132,success,1
1095473,Unknown,19,-1,5133,success,0
1095671,Unknown,13,-1,5134,success,0
1095960,Unknown,14,-1,5135,success,1
1096229,Unknown,8,-1,5136,success,0
1096426,Unknown,30,-1,5137,success,1
1096642,Unknown,12,-1,5138,success,0
1096839,Unknown,7,-1,5139,success,0
1097054,Unknown,47,-1,5140,success,0
1097270,Unknown,34,-1,5141,success,1
1097467,Unknown,45,-1,5142,success,1
1097663,Unknown,49,-1,5143,success,0
1097861,Unknown,36,-1,5144,success,1
1098185,Unknown,34,-1,5145,success,1
1098402,Unknown,10,-1,5146,success,1
1098654,Unknown,45,-1,5147,success,0
1098870,Unknown,11,-1,5148,success,1
1099068,Unknown,42,-1,5149,success,1
1099265,Unknown,14,-1,5150,success,1
1099480,Unknown,20,-1,5151,success,1
1099677,Unknown,22,-1,5152,success,0
1100001,Unknown,7,-1,5153,success,0
1100216,Unknown,14,-1,5154,success,1
1100413,Unknown,10,-1,5155,success,1
1100610,Unknown,3,-1,5156,success,1
1100808,Unknown,22,-1,5157,success,0
1101023,Unknown,20,-1,5158,success,0
1101220,Unknown,24,-1,5159,success,0
1101417,Unknown,19,-1,5160,success,0
1101614,Unknown,1,-1,5161,success,0
1101829,Unknown,29,-1,5162,success,1
1102044,Unknown,0,-1,5163,success,0
1102241,Unknown,20,-1,5164,success,0
1102492,Unknown,46,-1,5165,success,1
1102689,Unknown,11,-1,5166,success,1
1102886,Unknown,5,-1,5167,success,0
1103101,Unknown,36,-1,5168,success,1
1103318,Unknown,10,-1,5169,success,1
1103515,Unknown,44,-1,5170,success,0
1103714,Unknown,48,-1,5171,success,0
1103911,Unknown,40,-1,5172,success,0
1104126,Unknown,42,-1,5173,success,1
1104360,Unknown,19,-1,5174,success,0
1104575,Unknown,10,-1,5175,success,1
1104774,Unknown,29,-1,5176,success,1
1104971,Unknown,29,-1,5177,success,0
1105168,Unknown,33,-1,5178,success,0
1105365,Unknown,42,-1,5179,success,0
1105582,Unknown,26,-1,5180,success,0
1105816,Unknown,20,-1,5181,success,0
1106015,Unknown,2,-1,5182,success,0
1106248,Unknown,44,-1,5183,success,0
1106500,Unknown,21,-1,5184,success,0
1106697,Unknown,46,-1,5185,success,0
1106893,Unknown,46,-1,5186,success,0
1107090,Unknown,9,-1,5187,success,0
1107343,Unknown,11,-1,5188,success,0
1107558,Unknown,22,-1,5189,success,0
1107756,Unknown,47,-1,5190,success,0
1107970,Unknown,0,-1,5191,success,0
1108185,Unknown,18,-1,5192,success,0
1108405,Unknown,35,-1,5193,success,0
1108601,Unknown,17,-1,5194,success,0
1108798,Unknown,2,-1,5195,success,1
1109015,Unknown,6,-1,5196,success,0
1109230,Unknown,11,-1,5197,success,0
1109428,Unknown,16,-1,5198,success,1
1109624,Unknown,10,-1,5199,success,0
1109820,Unknown,9,-1,5200,success,0
1110053,Unknown,20,-1,5201,success,1
1110250,Unknown,47,-1,5202,success,0
1110465,Unknown,2,-1,5203,success,0
1110662,Unknown,32,-1,5204,success,0
1110932,Unknown,30,-1,5205,success,0
1111166,Unknown,32,-1,5206,success,0
1111365,Unknown,38,-1,5207,success,1
1111599,Unknown,27,-1,5208,success,1
1111795,Unknown,23,-1,5209,success,0
1112065,Unknown,13,-1,5210,success,0
1112263,Unknown,7,-1,5211,success,1
1112461,Unknown,21,-1,5212,success,0
1112748,Unknown,31,-1,5213,success,0
1113001,Unknown,41,-1,5214,success,0
1113236,Unknown,25,-1,5215,success,1
1113433,Unknown,46,-1,5216,success,1
1113648,Unknown,10,-1,5217,success,1
1113844,Unknown,0,-1,5218,success,0
1114061,Unknown,13,-1,5219,success,1
1114258,Unknown,18,-1,5220,success,1
1114455,Unknown,45,-1,5221,success,0
1114669,Unknown,36,-1,5222,success,0
1114923,Unknown,20,-1,5223,success,1
1115157,Unknown,11,-1,5224,success,0
1115353,Unknown,36,-1,5225,success,0
1115587,Unknown,46,-1,5226,success,1
1115784,Unknown,26,-1,5227,success,1
1115984,Unknown,30,-1,5228,success,1
1116181,Unknown,1,-1,5229,success,1
1116378,Unknown,26,-1,5230,success,0
1116593,Unknown,30,-1,5231,success,0
1116808,Unknown,11,-1,5232,success,0
1117042,Unknown,22,-1,5233,success,0
1117257,Unknown,18,-1,5234,success,1
1117473,Unknown,25,-1,5235,success,1
1117670,Unknown,0,-1,5236,success,1
1117887,Unknown,20,-1,5237,success,1
1118083,Unknown,41,-1,5238,success,0
1118336,Unknown,14,-1,5239,success,0
1118569,Unknown,20,-1,5240,success,0
1118785,Unknown,37,-1,5241,success,1
1118982,Unknown,46,-1,5242,success,0
1119197,Unknown,45,-1,5243,success,1
1119394,Unknown,32,-1,5244,success,1
1119609,Unknown,40,-1,5245,success,1
1119806,Unknown,34,-1,5246,success,1
1120021,Unknown,19,-1,5247,success,0
1120217,Unknown,9,-1,5248,success,0
1120432,Unknown,3,-1,5249,success,0
1120666,Unknown,47,-1,5250,success,1
1120881,Unknown,0,-1,5251,success,0
1121116,Unknown,12,-1,5252,success,0
1121331,Unknown,42,-1,5253,success,0
1121584,Unknown,13,-1,5254,success,1
1121781,Unknown,19,-1,5255,success,1
1121978,Unknown,7,-1,5256,success,0
1122175,Unknown,25,-1,5257,success,0
1122373,Unknown,7,-1,5258,success,0
1122570,Unknown,41,-1,5259,success,0
1122767,Unknown,38,-1,5260,success,0
1122966,Unknown,15,-1,5261,success,1
1123182,Unknown,5,-1,5262,success,1
1123378,Unknown,39,-1,5263,success,0
1123575,Unknown,11,-1,5264,success,0
1123773,Unknown,15,-1,5265,success,0
1123971,Unknown,2,-1,5266,success,0
1124168,Unknown,38,-1,5267,success,0
1124383,Unknown,5,-1,5268,success,0
1124599,Unknown,46,-1,5269,success,0
1124796,Unknown,2,-1,5270,success,1
1124992,Unknown,2,-1,5271,success,0
1125189,Unknown,47,-1,5272,success,0
1125386,Unknown,7,-1,5273,success,0
1125600,Unknown,8,-1,5274,success,1
1125796,Unknown,23,-1,5275,success,0
1125993,Unknown,11,-1,5276,success,0
1126190,Unknown,46,-1,5277,success,0
1126386,Unknown,2,-1,5278,success,0
1126583,Unknown,22,-1,5279,success,0
1126872,Unknown,18,-1,5280,success,0
1127087,Unknown,15,-1,5281,success,1
1127304,Unknown,30,-1,5282,success,0
1127556,Unknown,33,-1,5283,success,0
1127771,Unknown,28,-1,5284,success,0
1127968,Unknown,45,-1,5285,success,1
1128164,Unknown,20,-1,5286,success,0
1128396,Unknown,9,-1,5287,success,0
1128595,Unknown,41,-1,5288,success,0
1128792,Unknown,38,-1,5289,success,1
1128990,Unknown,18,-1,5290,success,0
1129186,Unknown,12,-1,5291,success,0
1129401,Unknown,48,-1,5292,success,0
1129598,Unknown,35,-1,5293,success,0
1129795,Unknown,46,-1,5294,success,1
1130010,Unknown,45,-1,5295,success,0
1130206,Unknown,31,-1,5296,success,0
1130421,Unknown,14,-1,5297,success,1
1130636,Unknown,10,-1,5298,success,1
1130833,Unknown,32,-1,5299,success,0
1131030,Unknown,3,-1,5300,success,1
1131227,Unknown,37,-1,5301,success,0
1131443,Unknown,22,-1,5302,success,0
1131698,Unknown,10,-1,5303,success,1
1131895,Unknown,10,-1,5304,success,0
1132093,Unknown,13,-1,5305,success,1
1132309,Unknown,25,-1,5306,success,0
1132525,Unknown,49,-1,5307,success,0
1132740,Unknown,49,-1,5308,success,0
1132958,Unknown,3,-1,5309,success,1
1133210,Unknown,31,-1,5310,success,0
1133407,Unknown,27,-1,5311,success,1
1133622,Unknown,9,-1,5312,success,0
1133838,Unknown,11,-1,5313,success,0
1134073,Unknown,49,-1,5314,success,0
1134307,Unknown,15,-1,5315,success,1
1134506,Unknown,49,-1,5316,success,0
1134705,Unknown,7,-1,5317,success,1
1134902,Unknown,37,-1,5318,success,0
1135099,Unknown,47,-1,5319,success,0
1135296,Unknown,34,-1,5320,success,1
1135510,Unknown,36,-1,5321,success,1
1135725,Unknown,15,-1,5322,success,1
1135960,Unknown,4,-1,5323,success,1
1136175,Unknown,18,-1,5324,success,0
1136371,Unknown,28,-1,5325,success,0
1136568,Unknown,44,-1,5326,success,0
1136840,Unknown,0,-1,5327,success,0
1137056,Unknown,13,-1,5328,success,0
1137307,Unknown,40,-1,5329,success,0
1137524,Unknown,16,-1,5330,success,0
1137720,Unknown,21,-1,5331,success,0
1137971,Unknown,19,-1,5332,success,1
1138186,Unknown,45,-1,5333,success,1
1138420,Unknown,41,-1,5334,success,0
1138655,Unknown,31,-1,5335,success,1
1138870,Unknown,24,-1,5336,success,1
1139067,Unknown,45,-1,5337,success,0
1139264,Unknown,36,-1,5338,success,0
1139479,Unknown,49,-1,5339,success,1
1139750,Unknown,23,-1,5340,success,1
1139947,Unknown,32,-1,5341,success,0
1140180,Unknown,22,-1,5342,success,0
1140415,Unknown,24,-1,5343,success,1
1140612,Unknown,9,-1,5344,success,0
1140828,Unknown,13,-1,5345,success,1
1141024,Unknown,26,-1,5346,success,0
1141257,Unknown,5,-1,5347,success,0
1141454,Unknown,35,-1,5348,success,1
1141651,Unknown,2,-1,5349,success,0
1141848,Unknown,29,-1,5350,success,0
1142081,Unknown,7,-1,5351,success,0
1142369,Unknown,49,-1,5352,success,0
1142566,Unknown,25,-1,5353,success,1
1142800,Unknown,4,-1,5354,success,1
1143015,Unknown,44,-1,5355,success,0
1143230,Unknown,49,-1,5356,success,1
1143426,Unknown,45,-1,5357,success,0
1143623,Unknown,2,-1,5358,success,0
1143820,Unknown,46,-1,5359,success,1
1144017,Unknown,39,-1,5360,success,0
1144213,Unknown,35,-1,5361,success,0
1144412,Unknown,20,-1,5362,success,1
1144646,Unknown,42,-1,5363,success,0
1144861,Unknown,39,-1,5364,success,0
1145057,Unknown,1,-1,5365,success,0
1145326,Unknown,9,-1,5366,success,0
1145560,Unknown,14,-1,5367,success,1
1145758,Unknown,49,-1,5368,success,1
1145956,Unknown,40,-1,5369,success,1
1146154,Unknown,33,-1,5370,success,0
1146351,Unknown,36,-1,5371,success,0
1146566,Unknown,25,-1,5372,success,1
1146800,Unknown,45,-1,5373,success,1
1147016,Unknown,48,-1,5374,success,0
1147231,Unknown,11,-1,5375,success,1
1147429,Unknown,3,-1,5376,success,1
1147644,Unknown,43,-1,5377,success,0
1147840,Unknown,26,-1,5378,success,0
1148055,Unknown,9,-1,5379,success,0
1148252,Unknown,16,-1,5380,success,0
1148467,Unknown,10,-1,5381,success,0
1148664,Unknown,23,-1,5382,success,0
1148860,Unknown,26,-1,5383,success,0
1149057,Unknown,5,-1,5384,success,0
1149254,Unknown,45,-1,5385,success,0
1149470,Unknown,0,-1,5386,success,0
1149740,Unknown,44,-1,5387,success,1
1149936,Unknown,16,-1,5388,success,0
1150133,Unknown,1,-1,5389,success,0
1150348,Unknown,37,-1,5390,success,0
1150581,Unknown,10,-1,5391,success,0
1150796,Unknown,32,-1,5392,success,0
1151011,Unknown,22,-1,5393,success,1
1151209,Unknown,44,-1,5394,success,0
1151424,Unknown,33,-1,5395,success,0
1151621,Unknown,44,-1,5396,success,0
1151818,Unknown,15,-1,5397,success,0
1152035,Unknown,3,-1,5398,success,1
1152250,Unknown,12,-1,5399,success,0
1152447,Unknown,29,-1,5400,success,1
1152644,Unknown,13,-1,5401,success,1
1152896,Unknown,48,-1,5402,success,0
1153130,Unknown,9,-1,5403,success,0
1153329,Unknown,15,-1,5404,success,0
1153545,Unknown,4,-1,5405,success,1
1153760,Unknown,46,-1,5406,success,0
1153975,Unknown,27,-1,5407,success,1
1154190,Unknown,22,-1,5408,success,1
1154404,Unknown,33,-1,5409,success,1
1154639,Unknown,38,-1,5410,success,1
1154835,Unknown,27,-1,5411,success,0
1155032,Unknown,40,-1,5412,success,1
1155229,Unknown,14,-1,5413,success,0
1155516,Unknown,32,-1,5414,success,0
1155731,Unknown,0,-1,5415,success,1
1155965,Unknown,47,-1,5416,success,1
1156162,Unknown,4,-1,5417,success,0
1156359,Unknown,41,-1,5418,success,0
1156556,Unknown,36,-1,5419,success,0
1156753,Unknown,6,-1,5420,success,0
1156949,Unknown,44,-1,5421,success,0
1157145,Unknown,17,-1,5422,success,0
1157414,Unknown,38,-1,5423,success,0
1157610,Unknown,44,-1,5424,success,0
1157896,Unknown,40,-1,5425,success,0
1158093,Unknown,46,-1,5426,success,0
1158290,Unknown,38,-1,5427,success,0
1158487,Unknown,34,-1,5428,success,1
1158702,Unknown,4,-1,5429,success,1
1158899,Unknown,15,-1,5430,success,1
1159098,Unknown,9,-1,5431,success,0
1159331,Unknown,34,-1,5432,success,0
1159528,Unknown,9,-1,5433,success,0
1159727,Unknown,11,-1,5434,success,1
1160053,Unknown,18,-1,5435,success,1
1160250,Unknown,49,-1,5436,success,0
1160466,Unknown,3,-1,5437,success,1
1160699,Unknown,42,-1,5438,success,0
1160896,Unknown,15,-1,5439,success,1
1161095,Unknown,22,-1,5440,success,1
1161293,Unknown,13,-1,5441,success,0
1161489,Unknown,44,-1,5442,success,0
1161686,Unknown,20,-1,5443,success,1
1161883,Unknown,15,-1,5444,success,0
1162098,Unknown,27,-1,5445,success,0
1162313,Unknown,18,-1,5446,success,1
1162510,Unknown,36,-1,5447,success,1
1162744,Unknown,23,-1,5448,success,1
1162977,Unknown,0,-1,5449,success,0
1163174,Unknown,20,-1,5450,success,0
1163371,Unknown,12,-1,5451,success,0
1163605,Unknown,44,-1,5452,success,0
1163802,Unknown,30,-1,5453,success,1
1163999,Unknown,19,-1,5454,success,0
1164196,Unknown,5,-1,5455,success,0
1164411,Unknown,39,-1,5456,success,0
1164626,Unknown,46,-1,5457,success,1
1164950,Unknown,34,-1,5458,success,1
1165146,Unknown,38,-1,5459,success,0
1165342,Unknown,42,-1,5460,success,0
1165558,Unknown,22,-1,5461,success,1
1165755,Unknown,6,-1,5462,success,1
1165952,Unknown,12,-1,5463,success,0
1166279,Unknown,10,-1,5464,success,1
1166476,Unknown,9,-1,5465,success,0
1166690,Unknown,28,-1,5466,success,1
1166889,Unknown,33,-1,5467,success,0
1167086,Unknown,12,-1,5468,success,0
1167374,Unknown,44,-1,5469,success,0
1167589,Unknown,29,-1,5470,success,1
1167822,Unknown,24,-1,5471,success,1
1168037,Unknown,26,-1,5472,success,0
1168290,Unknown,25,-1,5473,success,0
1168487,Unknown,27,-1,5474,success,1
1168684,Unknown,38,-1,5475,success,1
1168881,Unknown,46,-1,5476,success,1
1169133,Unknown,2,-1,5477,success,0
1169365,Unknown,11,-1,5478,success,1
1169562,Unknown,5,-1,5479,success,1
1169759,Unknown,48,-1,5480,success,1
1169974,Unknown,22,-1,5481,success,0
1170208,Unknown,14,-1,5482,success,1
1170460,Unknown,20,-1,5483,success,1
1170697,Unknown,43,-1,5484,success,1
1170894,Unknown,45,-1,5485,success,1
1171131,Unknown,10,-1,5486,success,1
1171328,Unknown,42,-1,5487,success,1
1171527,Unknown,30,-1,5488,success,0
1171760,Unknown,42,-1,5489,success,0
1171957,Unknown,24,-1,5490,success,1
1172154,Unknown,5,-1,5491,success,0
1172370,Unknown,14,-1,5492,success,0
1172567,Unknown,15,-1,5493,success,0
1172766,Unknown,26,-1,5494,success,0
1172981,Unknown,9,-1,5495,success,0
1173178,Unknown,30,-1,5496,success,0
1173415,Unknown,11,-1,5497,success,1
1173648,Unknown,22,-1,5498,success,1
1173864,Unknown,28,-1,5499,success,1
1174060,Unknown,15,-1,5500,success,0
1174275,Unknown,21,-1,5501,success,1
1174489,Unknown,7,-1,5502,success,1
1174705,Unknown,22,-1,5503,success,1
1174921,Unknown,48,-1,5504,success,0
1175118,Unknown,42,-1,5505,success,0
1175314,Unknown,40,-1,5506,success,0
1175547,Unknown,35,-1,5507,success,0
1175817,Unknown,36,-1,5508,success,1
1176051,Unknown,44,-1,5509,success,0
1176302,Unknown,27,-1,5510,success,1
1176499,Unknown,26,-1,5511,success,0
1176696,Unknown,32,-1,5512,success,1
1176950,Unknown,11,-1,5513,success,0
1177166,Unknown,20,-1,5514,success,0
1177363,Unknown,18,-1,5515,success,0
1177578,Unknown,33,-1,5516,success,1
1177775,Unknown,16,-1,5517,success,1
1178047,Unknown,13,-1,5518,success,0
1178244,Unknown,28,-1,5519,success,1
1178459,Unknown,30,-1,5520,success,1
1178710,Unknown,8,-1,5521,success,0
1178907,Unknown,45,-1,5522,success,0
1179122,Unknown,30,-1,5523,success,1
1179319,Unknown,7,-1,5524,success,0
1179534,Unknown,20,-1,5525,success,0
1179731,Unknown,1,-1,5526,success,0
1179928,Unknown,0,-1,5527,success,1
1180125,Unknown,9,-1,5528,success,0
1180322,Unknown,24,-1,5529,success,1
1180537,Unknown,45,-1,5530,success,0
1180844,Unknown,27,-1,5531,success,1
1181062,Unknown,25,-1,5532,success,1
1181259,Unknown,11,-1,5533,success,1
1181458,Unknown,6,-1,5534,success,0
1181708,Unknown,15,-1,5535,success,0
1181905,Unknown,45,-1,5536,success,0
1182102,Unknown,11,-1,5537,success,0
1182299,Unknown,49,-1,5538,success,0
1182499,Unknown,25,-1,5539,success,0
1182697,Unknown,34,-1,5540,success,0
1182894,Unknown,49,-1,5541,success,0
1183126,Unknown,13,-1,5542,success,1
1183342,Unknown,23,-1,5543,success,0
1183578,Unknown,38,-1,5544,success,1
1183811,Unknown,43,-1,5545,success,0
1184009,Unknown,25,-1,5546,success,1
1184242,Unknown,33,-1,5547,success,1
1184478,Unknown,11,-1,5548,success,1
1184675,Unknown,18,-1,5549,success,0
1184872,Unknown,16,-1,5550,success,0
1185105,Unknown,27,-1,5551,success,1
1185357,Unknown,0,-1,5552,success,0
1185575,Unknown,18,-1,5553,success,1
1185773,Unknown,8,-1,5554,success,1
1185970,Unknown,24,-1,5555,success,1
1186167,Unknown,19,-1,5556,success,1
1186364,Unknown,32,-1,5557,success,0
1186561,Unknown,30,-1,5558,success,0
1186757,Unknown,30,-1,5559,success,0
1186954,Unknown,16,-1,5560,success,1
1187151,Unknown,33,-1,5561,success,0
1187384,Unknown,44,-1,5562,success,1
1187635,Unknown,5,-1,5563,success,0
1187833,Unknown,12,-1,5564,success,0
1188030,Unknown,17,-1,5565,success,0
1188227,Unknown,36,-1,5566,success,0
1188462,Unknown,3,-1,5567,success,0
1188659,Unknown,33,-1,5568,success,0
1188855,Unknown,13,-1,5569,success,0
1189052,Unknown,25,-1,5570,success,0
1189249,Unknown,43,-1,5571,success,1
1189446,Unknown,0,-1,5572,success,0
1189643,Unknown,15,-1,5573,success,0
1189967,Unknown,14,-1,5574,success,0
1190183,Unknown,49,-1,5575,success,0
1190383,Unknown,48,-1,5576,success,1
1190580,Unknown,9,-1,5577,success,1
1190777,Unknown,15,-1,5578,success,1
1190974,Unknown,22,-1,5579,success,1
1191172,Unknown,23,-1,5580,success,1
1191388,Unknown,33,-1,5581,success,1
1191584,Unknown,33,-1,5582,success,0
1191800,Unknown,0,-1,5583,success,1
1191997,Unknown,5,-1,5584,success,1
1192213,Unknown,13,-1,5585,success,0
1192428,Unknown,27,-1,5586,success,1
1192625,Unknown,34,-1,5587,success,0
1192840,Unknown,36,-1,5588,success,0
1193037,Unknown,21,-1,5589,success,0
1193289,Unknown,17,-1,5590,success,0
1193505,Unknown,37,-1,5591,success,0
1193702,Unknown,48,-1,5592,success,1
1193919,Unknown,49,-1,5593,success,1
1194135,Unknown,37,-1,5594,success,0
1194350,Unknown,31,-1,5595,success,1
1194548,Unknown,5,-1,5596,success,1
1194764,Unknown,36,-1,5597,success,1
1194962,Unknown,27,-1,5598,success,0
1195158,Unknown,10,-1,5599,success,0
1195372,Unknown,28,-1,5600,success,0
1195588,Unknown,4,-1,5601,success,0
1195804,Unknown,14,-1,5602,success,0
1196001,Unknown,28,-1,5603,success,0
1196198,Unknown,41,-1,5604,success,0
1196397,Unknown,14,-1,5605,success,0
1196612,Unknown,37,-1,5606,success,0
1196847,Unknown,7,-1,5607,success,1
1197044,Unknown,31,-1,5608,success,0
1197242,Unknown,28,-1,5609,success,0
1197438,Unknown,32,-1,5610,success,0
1197672,Unknown,1,-1,5611,success,0
1197886,Unknown,1,-1,5612,success,1
1198083,Unknown,13,-1,5613,success,1
1198282,Unknown,37,-1,5614,success,1
1198497,Unknown,47,-1,5615,success,0
1198694,Unknown,25,-1,5616,success,0
1198910,Unknown,36,-1,5617,success,0
1199143,Unknown,45,-1,5618,success,1
1199358,Unknown,45,-1,5619,success,0
1199555,Unknown,0,-1,5620,success,0
1199752,Unknown,29,-1,5621,success,0
1199948,Unknown,40,-1,5622,success,0
1200199,Unknown,17,-1,5623,success,1
1200415,Unknown,24,-1,5624,success,0
1200740,Unknown,45,-1,5625,success,1
1200937,Unknown,13,-1,5626,success,0
1201133,Unknown,4,-1,5627,success,0
1201329,Unknown,3,-1,5628,success,0
1201526,Unknown,21,-1,5629,success,1
1201723,Unknown,14,-1,5630,success,1
1201920,Unknown,27,-1,5631,success,0
1202154,Unknown,5,-1,5632,success,1
1202351,Unknown,37,-1,5633,success,0
1202548,Unknown,31,-1,5634,success,1
1202782,Unknown,9,-1,5635,success,0
1202979,Unknown,36,-1,5636,success,1
1203306,Unknown,36,-1,5637,success,1
1203538,Unknown,10,-1,5638,success,0
1203753,Unknown,21,-1,5639,success,1
1203950,Unknown,28,-1,5640,success,1
1204147,Unknown,22,-1,5641,success,0
1204380,Unknown,11,-1,5642,success,0
1204612,Unknown,21,-1,5643,success,1
1204828,Unknown,5,-1,5644,success,1
1205062,Unknown,31,-1,5645,success,1
1205276,Unknown,9,-1,5646,success,1
1205473,Unknown,28,-1,5647,success,0
1205726,Unknown,40,-1,5648,success,1
1205941,Unknown,0,-1,5649,success,0
1206157,Unknown,41,-1,5650,success,0
1206353,Unknown,23,-1,5651,success,0
1206568,Unknown,3,-1,5652,success,1
1206764,Unknown,2,-1,5653,success,0
1206961,Unknown,13,-1,5654,success,0
1207176,Unknown,11,-1,5655,success,0
1207372,Unknown,38,-1,5656,success,0
1207569,Unknown,34,-1,5657,success,1
1207766,Unknown,5,-1,5658,success,1
1208035,Unknown,1,-1,5659,success,1
1208232,Unknown,16,-1,5660,success,1
1208429,Unknown,32,-1,5661,success,1
1208699,Unknown,42,-1,5662,success,1
1208914,Unknown,4,-1,5663,success,1
1209129,Unknown,36,-1,5664,success,1
1209381,Unknown,7,-1,5665,success,0
1209614,Unknown,23,-1,5666,success,1
1209811,Unknown,30,-1,5667,success,1
1210008,Unknown,40,-1,5668,success,0
1210206,Unknown,43,-1,5669,success,0
1210421,Unknown,10,-1,5670,success,1
1210618,Unknown,37,-1,5671,success,0
1210852,Unknown,2,-1,5672,success,1
1211104,Unknown,5,-1,5673,success,1
1211319,Unknown,23,-1,5674,success,0
1211573,Unknown,38,-1,5675,success,1
1211772,Unknown,42,-1,5676,success,1
1212007,Unknown,22,-1,5677,success,1
1212222,Unknown,28,-1,5678,success,0
1212420,Unknown,43,-1,5679,success,0
1212653,Unknown,6,-1,5680,success,1
1212885,Unknown,22,-1,5681,success,1
1213081,Unknown,15,-1,5682,success,0
1213315,Unknown,12,-1,5683,success,1
1213514,Unknown,6,-1,5684,success,0
1213728,Unknown,2,-1,5685,success,0
1213925,Unknown,12,-1,5686,success,0
1214176,Unknown,31,-1,5687,success,0
1214373,Unknown,42,-1,5688,success,0
1214587,Unknown,22,-1,5689,success,1
1214784,Unknown,21,-1,5690,success,0
1215000,Unknown,47,-1,5691,success,0
1215197,Unknown,6,-1,5692,success,0
1215465,Unknown,33,-1,5693,success,0
1215770,Unknown,40,-1,5694,success,0
1215967,Unknown,16,-1,5695,success,0
1216165,Unknown,29,-1,5696,success,1
1216415,Unknown,37,-1,5697,success,0
1216648,Unknown,19,-1,5698,success,0
1216882,Unknown,42,-1,5699,success,1
1217098,Unknown,13,-1,5700,success,1
1217370,Unknown,2,-1,5701,success,0
1217621,Unknown,31,-1,5702,success,0
1217818,Unknown,47,-1,5703,success,0
1218015,Unknown,23,-1,5704,success,0
1218231,Unknown,4,-1,5705,success,1
1218464,Unknown,12,-1,5706,success,1
1218696,Unknown,27,-1,5707,success,1
1218911,Unknown,37,-1,5708,success,1
1219145,Unknown,45,-1,5709,success,0
1219342,Unknown,24,-1,5710,success,0
1219593,Unknown,46,-1,5711,success,0
1219809,Unknown,48,-1,5712,success,1
1220006,Unknown,34,-1,5713,success,0
1220204,Unknown,15,-1,5714,success,1
1220400,Unknown,19,-1,5715,success,0
1220617,Unknown,21,-1,5716,success,1
1220834,Unknown,42,-1,5717,success,0
1221048,Unknown,11,-1,5718,success,0
1221336,Unknown,47,-1,5719,success,0
1221533,Unknown,35,-1,5720,success,0
1221729,Unknown,49,-1,5721,success,0
1221927,Unknown,7,-1,5722,success,0
1222142,Unknown,1,-1,5723,success,1
1222339,Unknown,40,-1,5724,success,1
1222535,Unknown,18,-1,5725,success,0
1222734,Unknown,30,-1,5726,success,0
1222931,Unknown,25,-1,5727,success,0
1223128,Unknown,20,-1,5728,success,0
1223343,Unknown,49,-1,5729,success,0
1223557,Unknown,5,-1,5730,success,1
1223809,Unknown,11,-1,5731,success,1
1224006,Unknown,23,-1,5732,success,0
1224221,Unknown,23,-1,5733,success,0
1224418,Unknown,6,-1,5734,success,0
1224633,Unknown,45,-1,5735,success,0
1224869,Unknown,46,-1,5736,success,0
1225065,Unknown,2,-1,5737,success,0
1225301,Unknown,19,-1,5738,success,1
1225498,Unknown,26,-1,5739,success,1
1225694,Unknown,46,-1,5740,success,0
1225891,Unknown,13,-1,5741,success,0
1226107,Unknown,25,-1,5742,success,0
1226304,Unknown,14,-1,5743,success,1
1226556,Unknown,1,-1,5744,success,0
1226771,Unknown,18,-1,5745,success,1
1226986,Unknown,4,-1,5746,success,1
1227219,Unknown,40,-1,5747,success,0
1227415,Unknown,31,-1,5748,success,0
1227612,Unknown,4,-1,5749,success,0
1227826,Unknown,37,-1,5750,success,1
1228023,Unknown,13,-1,5751,success,1
1228297,Unknown,1,-1,5752,success,0
1228494,Unknown,26,-1,5753,success,1
1228691,Unknown,18,-1,5754,success,1
1228887,Unknown,48,-1,5755,success,0
1229120,Unknown,25,-1,5756,success,1
1229317,Unknown,33,-1,5757,success,0
1229514,Unknown,38,-1,5758,success,1
1229730,Unknown,47,-1,5759,success,0
1229927,Unknown,25,-1,5760,success,1
1230179,Unknown,28,-1,5761,success,0
1230375,Unknown,23,-1,5762,success,0
1230590,Unknown,14,-1,5763,success,0
1230787,Unknown,44,-1,5764,success,0
1231019,Unknown,42,-1,5765,success,1
1231288,Unknown,48,-1,5766,success,1
1231539,Unknown,28,-1,5767,success,1
1231736,Unknown,20,-1,5768,success,1
1231932,Unknown,47,-1,5769,success,0
1232129,Unknown,18,-1,5770,success,1
1232326,Unknown,14,-1,5771,success,0
1232577,Unknown,5,-1,5772,success,1
1232774,Unknown,11,-1,5773,success,0
1232971,Unknown,6,-1,5774,success,0
1233168,Unknown,4,-1,5775,success,1
1233383,Unknown,28,-1,5776,success,0
1233690,Unknown,18,-1,5777,success,1
1233887,Unknown,28,-1,5778,success,1
1234084,Unknown,40,-1,5779,success,0
1234318,Unknown,12,-1,5780,success,1
1234516,Unknown,11,-1,5781,success,1
1234714,Unknown,42,-1,5782,success,1
1234911,Unknown,4,-1,5783,success,1
1235220,Unknown,4,-1,5784,success,0
1235417,Unknown,25,-1,5785,success,1
1235651,Unknown,16,-1,5786,success,0
1235848,Unknown,38,-1,5787,success,1
1236064,Unknown,32,-1,5788,success,0
1236279,Unknown,44,-1,5789,success,1
1236477,Unknown,6,-1,5790,success,1
1236692,Unknown,24,-1,5791,success,0
1236908,Unknown,26,-1,5792,success,1
1237105,Unknown,17,-1,5793,success,0
1237319,Unknown,8,-1,5794,success,0
1237515,Unknown,8,-1,5795,success,0
1237730,Unknown,44,-1,5796,success,1
1237927,Unknown,45,-1,5797,success,0
1238124,Unknown,49,-1,5798,success,0
1238448,Unknown,12,-1,5799,success,1
1238645,Unknown,12,-1,5800,success,0
1238842,Unknown,43,-1,5801,success,0
1239057,Unknown,22,-1,5802,success,1
1239253,Unknown,45,-1,5803,success,0
1239450,Unknown,9,-1,5804,success,0
1239647,Unknown,16,-1,5805,success,0
1239844,Unknown,25,-1,5806,success,0
1240096,Unknown,8,-1,5807,success,1
1240311,Unknown,1,-1,5808,success,0
1240508,Unknown,40,-1,5809,success,1
1240723,Unknown,48,-1,5810,success,0
1240920,Unknown,20,-1,5811,success,1
1241135,Unknown,7,-1,5812,success,1
1241388,Unknown,7,-1,5813,success,0
1241584,Unknown,42,-1,5814,success,0
1241818,Unknown,32,-1,5815,success,0
1242051,Unknown,26,-1,5816,success,0
1242248,Unknown,13,-1,5817,success,0
1242445,Unknown,18,-1,5818,success,1
1242642,Unknown,41,-1,5819,success,1
1242838,Unknown,41,-1,5820,success,0
1243035,Unknown,45,-1,5821,success,0
1243250,Unknown,43,-1,5822,success,0
1243449,Unknown,49,-1,5823,success,1
1243683,Unknown,22,-1,5824,success,1
1243880,Unknown,13,-1,5825,success,0
1244095,Unknown,34,-1,5826,success,1
1244329,Unknown,37,-1,5827,success,0
1244526,Unknown,7,-1,5828,success,1
1244758,Unknown,29,-1,5829,success,1
1244955,Unknown,20,-1,5830,success,1
1245151,Unknown,21,-1,5831,success,0
1245366,Unknown,36,-1,5832,success,0
1245562,Unknown,3,-1,5833,success,0
1245813,Unknown,27,-1,5834,success,0
1246009,Unknown,2,-1,5835,success,0
1246207,Unknown,9,-1,5836,success,0
1246552,Unknown,48,-1,5837,success,1
1246752,Unknown,29,-1,5838,success,1
1246967,Unknown,27,-1,5839,success,0
1247182,Unknown,13,-1,5840,success,0
1247398,Unknown,26,-1,5841,success,0
1247648,Unknown,47,-1,5842,success,1
1247881,Unknown,28,-1,5843,success,0
1248078,Unknown,1,-1,5844,success,0
1248275,Unknown,9,-1,5845,success,1
1248471,Unknown,41,-1,5846,success,0
1248668,Unknown,35,-1,5847,success,0
1248900,Unknown,19,-1,5848,success,1
1249098,Unknown,45,-1,5849,success,1
1249334,Unknown,37,-1,5850,success,1
1249531,Unknown,26,-1,5851,success,1
1249728,Unknown,7,-1,5852,success,0
1249965,Unknown,8,-1,5853,success,0
1250164,Unknown,5,-1,5854,success,1
1250380,Unknown,46,-1,5855,success,1
1250577,Unknown,38,-1,5856,success,1
1250792,Unknown,7,-1,5857,success,0
1250989,Unknown,33,-1,5858,success,0
1251187,Unknown,17,-1,5859,success,0
1251383,Unknown,6,-1,5860,success,0
1251580,Unknown,46,-1,5861,success,0
1251796,Unknown,24,-1,5862,success,0
1252030,Unknown,5,-1,5863,success,1
1252227,Unknown,18,-1,5864,success,0
1252481,Unknown,41,-1,5865,success,1
1252753,Unknown,28,-1,5866,success,1
1252952,Unknown,15,-1,5867,success,1
1253151,Unknown,31,-1,5868,success,1
1253348,Unknown,46,-1,5869,success,0
1253544,Unknown,6,-1,5870,success,0
1253741,Unknown,44,-1,5871,success,1
1253938,Unknown,36,-1,5872,success,0
1254136,Unknown,34,-1,5873,success,1
1254352,Unknown,30,-1,5874,success,0
1254567,Unknown,26,-1,5875,success,0
1254782,Unknown,45,-1,5876,success,1
1255068,Unknown,26,-1,5877,success,1
1255302,Unknown,34,-1,5878,success,0
1255553,Unknown,25,-1,5879,success,1
1255750,Unknown,13,-1,5880,success,1
1255949,Unknown,20,-1,5881,success,0
1256146,Unknown,44,-1,5882,success,1
1256343,Unknown,0,-1,5883,success,0
1256559,Unknown,25,-1,5884,success,0
1256774,Unknown,25,-1,5885,success,0
1256990,Unknown,18,-1,5886,success,0
1257187,Unknown,15,-1,5887,success,1
1257384,Unknown,31,-1,5888,success,1
1257580,Unknown,21,-1,5889,success,0
1257795,Unknown,48,-1,5890,success,0
1258047,Unknown,3,-1,5891,success,0
1258244,Unknown,45,-1,5892,success,1
1258460,Unknown,32,-1,5893,success,1
1258693,Unknown,48,-1,5894,success,0
1258890,Unknown,47,-1,5895,success,0
1259105,Unknown,16,-1,5896,success,0
1259302,Unknown,44,-1,5897,success,0
1259499,Unknown,45,-1,5898,success,0
1259696,Unknown,29,-1,5899,success,1
1259985,Unknown,34,-1,5900,success,1
1260186,Unknown,32,-1,5901,success,0
1260402,Unknown,36,-1,5902,success,1
1260599,Unknown,15,-1,5903,success,1
1260814,Unknown,12,-1,5904,success,1
1261048,Unknown,31,-1,5905,success,1
1261244,Unknown,14,-1,5906,success,0
1261460,Unknown,0,-1,5907,success,0
1261678,Unknown,8,-1,5908,success,1
1261893,Unknown,12,-1,5909,success,0
1262127,Unknown,25,-1,5910,success,0
1262324,Unknown,11,-1,5911,success,0
1262539,Unknown,35,-1,5912,success,0
1262735,Unknown,1,-1,5913,success,0
1262937,Unknown,23,-1,5914,success,1
1263135,Unknown,30,-1,5915,success,0
1263351,Unknown,28,-1,5916,success,0
1263566,Unknown,31,-1,5917,success,0
1263781,Unknown,28,-1,5918,success,0
1264034,Unknown,28,-1,5919,success,0
1264230,Unknown,13,-1,5920,success,0
1264428,Unknown,39,-1,5921,success,1
1264643,Unknown,9,-1,5922,success,1
1264840,Unknown,6,-1,5923,success,1
1265037,Unknown,32,-1,5924,success,0
1265343,Unknown,11,-1,5925,success,0
1265669,Unknown,5,-1,5926,success,1
1265886,Unknown,27,-1,5927,success,1
1266085,Unknown,34,-1,5928,success,1
1266304,Unknown,2,-1,5929,success,1
1266501,Unknown,48,-1,5930,success,1
1266717,Unknown,41,-1,5931,success,1
1266915,Unknown,20,-1,5932,success,1
1267112,Unknown,15,-1,5933,success,1
1267309,Unknown,14,-1,5934,success,1
1267506,Unknown,14,-1,5935,success,0
1267739,Unknown,27,-1,5936,success,1
1267953,Unknown,7,-1,5937,success,1
1268169,Unknown,10,-1,5938,success,0
1268393,Unknown,15,-1,5939,success,1
1268590,Unknown,38,-1,5940,success,1
1268786,Unknown,9,-1,5941,success,0
1268984,Unknown,33,-1,5942,success,0
1269183,Unknown,23,-1,5943,success,1
1269416,Unknown,41,-1,5944,success,0
1269613,Unknown,4,-1,5945,success,0
1269864,Unknown,22,-1,5946,success,1
1270133,Unknown,27,-1,5947,success,0
1270349,Unknown,6,-1,5948,success,1
1270545,Unknown,32,-1,5949,success,0
1270742,Unknown,49,-1,5950,success,1
1270941,Unknown,48,-1,5951,success,1
1271156,Unknown,39,-1,5952,success,1
1271353,Unknown,6,-1,5953,success,0
1271587,Unknown,42,-1,5954,success,1
1271822,Unknown,19,-1,5955,success,1
1272037,Unknown,5,-1,5956,success,1
1272234,Unknown,30,-1,5957,success,1
1272449,Unknown,44,-1,5958,success,0
1272646,Unknown,35,-1,5959,success,0
1272843,Unknown,14,-1,5960,success,0
1273039,Unknown,11,-1,5961,success,0
1273236,Unknown,29,-1,5962,success,1
1273488,Unknown,19,-1,5963,success,1
1273685,Unknown,14,-1,5964,success,1
1273918,Unknown,30,-1,5965,success,0
1274134,Unknown,42,-1,5966,success,1
1274350,Unknown,25,-1,5967,success,0
1274547,Unknown,11,-1,5968,success,0
1274763,Unknown,4,-1,5969,success,1
1275017,Unknown,26,-1,5970,success,1
1275214,Unknown,1,-1,5971,success,0
1275411,Unknown,10,-1,5972,success,0
1275627,Unknown,28,-1,5973,success,1
1275823,Unknown,1,-1,5974,success,0
1276020,Unknown,20,-1,5975,success,1
1276235,Unknown,44,-1,5976,success,1
1276450,Unknown,37,-1,5977,success,0
1276646,Unknown,39,-1,5978,success,0
1276844,Unknown,17,-1,5979,success,1
1277058,Unknown,20,-1,5980,success,1
1277273,Unknown,5,-1,5981,success,0
1277470,Unknown,46,-1,5982,success,1
1277667,Unknown,14,-1,5983,success,0
1277864,Unknown,38,-1,5984,success,1
1278116,Unknown,32,-1,5985,success,1
1278367,Unknown,0,-1,5986,success,0
1278565,Unknown,5,-1,5987,success,1
1278780,Unknown,48,-1,5988,success,1
1279014,Unknown,49,-1,5989,success,0
1279210,Unknown,0,-1,5990,success,0
1279407,Unknown,21,-1,5991,success,1
1279604,Unknown,43,-1,5992,success,0
1279910,Unknown,23,-1,5993,success,1
1280107,Unknown,39,-1,5994,success,1
1280479,Unknown,5,-1,5995,success,0
1280676,Unknown,17,-1,5996,success,0
1280892,Unknown,35,-1,5997,success,0
1281090,Unknown,29,-1,5998,success,0
1281287,Unknown,10,-1,5999,success,0
1281485,Unknown,27,-1,6000,success,0
1281702,Unknown,28,-1,6001,success,1
1281917,Unknown,25,-1,6002,success,0
1282149,Unknown,2,-1,6003,success,1
1282419,Unknown,42,-1,6004,success,0
1282616,Unknown,0,-1,6005,success,1
1282815,Unknown,18,-1,6006,success,1
1283013,Unknown,21,-1,6007,success,0
1283264,Unknown,13,-1,6008,success,0
1283462,Unknown,19,-1,6009,success,1
1283659,Unknown,48,-1,6010,success,0
1283875,Unknown,49,-1,6011,success,0
1284090,Unknown,25,-1,6012,success,1
1284288,Unknown,14,-1,6013,success,1
1284485,Unknown,29,-1,6014,success,0
1284682,Unknown,41,-1,6015,success,1
1284954,Unknown,22,-1,6016,success,0
1285152,Unknown,25,-1,6017,success,0
1285349,Unknown,31,-1,6018,success,1
1285566,Unknown,10,-1,6019,success,0
1285781,Unknown,49,-1,6020,success,0
1285978,Unknown,31,-1,6021,success,0
1286193,Unknown,47,-1,6022,success,1
1286409,Unknown,18,-1,6023,success,0
1286624,Unknown,22,-1,6024,success,0
1286820,Unknown,9,-1,6025,success,0
1287017,Unknown,43,-1,6026,success,0
1287232,Unknown,35,-1,6027,success,0
1287429,Unknown,15,-1,6028,success,1
1287664,Unknown,45,-1,6029,success,0
1287861,Unknown,27,-1,6030,success,1
1288076,Unknown,10,-1,6031,success,0
1288272,Unknown,28,-1,6032,success,0
1288507,Unknown,29,-1,6033,success,0
1288739,Unknown,48,-1,6034,success,0
1288956,Unknown,21,-1,6035,success,1
1289153,Unknown,19,-1,6036,success,0
1289351,Unknown,30,-1,6037,success,1
1289584,Unknown,21,-1,6038,success,0
1289818,Unknown,46,-1,6039,success,1
1290033,Unknown,49,-1,6040,success,1
1290230,Unknown,15,-1,6041,success,0
1290427,Unknown,24,-1,6042,success,1
1290643,Unknown,6,-1,6043,success,1
1290840,Unknown,27,-1,6044,success,0
1291036,Unknown,34,-1,6045,success,0
1291233,Unknown,4,-1,6046,success,0
1291448,Unknown,1,-1,6047,success,1
1291645,Unknown,6,-1,6048,success,0
1291842,Unknown,49,-1,6049,success,0
1292039,Unknown,49,-1,6050,success,0
1292258,Unknown,35,-1,6051,success,0
1292454,Unknown,12,-1,6052,success,0
1292652,Unknown,8,-1,6053,success,1
1292849,Unknown,0,-1,6054,success,0
1293083,Unknown,14,-1,6055,success,1
1293319,Unknown,8,-1,6056,success,0
1293517,Unknown,23,-1,6057,success,0
1293769,Unknown,8,-1,6058,success,0
1293968,Unknown,39,-1,6059,success,1
1294167,Unknown,44,-1,6060,success,0
1294364,Unknown,17,-1,6061,success,0
1294634,Unknown,25,-1,6062,success,1
1294871,Unknown,18,-1,6063,success,0
1295069,Unknown,11,-1,6064,success,1
1295266,Unknown,43,-1,6065,success,1
1295520,Unknown,11,-1,6066,success,0
1295758,Unknown,7,-1,6067,success,1
1295955,Unknown,35,-1,6068,success,1
1296151,Unknown,35,-1,6069,success,0
1296348,Unknown,26,-1,6070,success,1
1296546,Unknown,37,-1,6071,success,0
1296747,Unknown,24,-1,6072,success,0
1296943,Unknown,3,-1,6073,success,0
1297159,Unknown,47,-1,6074,success,1
1297356,Unknown,20,-1,6075,success,0
1297553,Unknown,36,-1,6076,success,0
1297749,Unknown,31,-1,6077,success,0
1297946,Unknown,5,-1,6078,success,0
1298161,Unknown,22,-1,6079,success,1
1298359,Unknown,34,-1,6080,success,0
1298557,Unknown,3,-1,6081,success,0
1298753,Unknown,12,-1,6082,success,0
1298968,Unknown,1,-1,6083,success,0
1299182,Unknown,2,-1,6084,success,1
1299379,Unknown,40,-1,6085,success,1
1299576,Unknown,11,-1,6086,success,0
1299793,Unknown,49,-1,6087,success,1
1300008,Unknown,38,-1,6088,success,0
1300224,Unknown,37,-1,6089,success,0
1300421,Unknown,21,-1,6090,success,0
1300635,Unknown,30,-1,6091,success,1
1300850,Unknown,27,-1,6092,success,0
1301087,Unknown,28,-1,6093,success,0
1301284,Unknown,17,-1,6094,success,0
1301481,Unknown,35,-1,6095,success,1
1301677,Unknown,13,-1,6096,success,0
1301892,Unknown,32,-1,6097,success,1
1302106,Unknown,49,-1,6098,success,0
1302304,Unknown,42,-1,6099,success,1
1302501,Unknown,48,-1,6100,success,1
1302698,Unknown,19,-1,6101,success,0
1302930,Unknown,43,-1,6102,success,1
1303127,Unknown,5,-1,6103,success,1
1303377,Unknown,17,-1,6104,success,1
1303574,Unknown,29,-1,6105,success,0
1303789,Unknown,24,-1,6106,success,0
1304022,Unknown,20,-1,6107,success,0
1304218,Unknown,16,-1,6108,success,0
1304414,Unknown,10,-1,6109,success,0
1304629,Unknown,41,-1,6110,success,0
1304844,Unknown,23,-1,6111,success,1
1305080,Unknown,18,-1,6112,success,1
1305349,Unknown,38,-1,6113,success,1
1305546,Unknown,14,-1,6114,success,1
1305743,Unknown,10,-1,6115,success,0
1305940,Unknown,22,-1,6116,success,0
1306139,Unknown,6,-1,6117,success,1
1306335,Unknown,6,-1,6118,success,0
1306532,Unknown,42,-1,6119,success,0
1306766,Unknown,0,-1,6120,success,0
1306962,Unknown,1,-1,6121,success,0
1307195,Unknown,5,-1,6122,success,1
1307392,Unknown,41,-1,6123,success,0
1307663,Unknown,17,-1,6124,success,0
1307860,Unknown,45,-1,6125,success,1
1308058,Unknown,49,-1,6126,success,1
1308327,Unknown,27,-1,6127,success,1
1308524,Unknown,25,-1,6128,success,0
1308721,Unknown,42,-1,6129,success,0
1308920,Unknown,19,-1,6130,success,0
1309158,Unknown,31,-1,6131,success,0
1309374,Unknown,21,-1,6132,success,0
1309570,Unknown,48,-1,6133,success,0
1309770,Unknown,7,-1,6134,success,0
1309987,Unknown,5,-1,6135,success,0
1310185,Unknown,13,-1,6136,success,0
1310381,Unknown,35,-1,6137,success,0
1310577,Unknown,27,-1,6138,success,0
1310848,Unknown,43,-1,6139,success,0
1311046,Unknown,45,-1,6140,success,1
1311243,Unknown,35,-1,6141,success,1
1311440,Unknown,26,-1,6142,success,0
1311673,Unknown,15,-1,6143,success,1
1311965,Unknown,24,-1,6144,success,1
1312180,Unknown,21,-1,6145,success,0
1312377,Unknown,30,-1,6146,success,1
1312592,Unknown,5,-1,6147,success,1
1312790,Unknown,9,-1,6148,success,1
1313006,Unknown,45,-1,6149,success,0
1313202,Unknown,0,-1,6150,success,0
1313399,Unknown,34,-1,6151,success,1
1313596,Unknown,12,-1,6152,success,1
1313829,Unknown,40,-1,6153,success,1
1314026,Unknown,40,-1,6154,success,0
1314222,Unknown,40,-1,6155,success,0
1314420,Unknown,25,-1,6156,success,0
1314636,Unknown,4,-1,6157,success,1
1314833,Unknown,9,-1,6158,success,0
1315050,Unknown,23,-1,6159,success,0
1315248,Unknown,26,-1,6160,success,0
1315445,Unknown,8,-1,6161,success,0
1315642,Unknown,24,-1,6162,success,0
1315893,Unknown,30,-1,6163,success,1
1316089,Unknown,10,-1,6164,success,0
1316286,Unknown,49,-1,6165,success,0
1316502,Unknown,25,-1,6166,success,0
1316700,Unknown,27,-1,6167,success,0
1316916,Unknown,41,-1,6168,success,0
1317132,Unknown,28,-1,6169,success,0
1317383,Unknown,21,-1,6170,success,1
1317581,Unknown,28,-1,6171,success,0
1317777,Unknown,13,-1,6172,success,0
1317974,Unknown,46,-1,6173,success,1
1318171,Unknown,17,-1,6174,success,1
1318368,Unknown,17,-1,6175,success,0
1318582,Unknown,31,-1,6176,success,1
1318868,Unknown,10,-1,6177,success,1
1319083,Unknown,24,-1,6178,success,1
1319280,Unknown,15,-1,6179,success,0
1319495,Unknown,12,-1,6180,success,1
1319709,Unknown,42,-1,6181,success,1
1319924,Unknown,19,-1,6182,success,1
1320121,Unknown,12,-1,6183,success,0
1320337,Unknown,34,-1,6184,success,0
1320534,Unknown,6,-1,6185,success,0
1320749,Unknown,9,-1,6186,success,1
1320981,Unknown,35,-1,6187,success,0
1321214,Unknown,23,-1,6188,success,1
1321429,Unknown,20,-1,6189,success,0
1321662,Unknown,13,-1,6190,success,0
1321859,Unknown,48,-1,6191,success,0
1322075,Unknown,44,-1,6192,success,1
1322307,Unknown,47,-1,6193,success,1
1322558,Unknown,49,-1,6194,success,0
1322755,Unknown,12,-1,6195,success,1
1322952,Unknown,28,-1,6196,success,0
1323151,Unknown,32,-1,6197,success,0
1323386,Unknown,43,-1,6198,success,0
1323583,Unknown,21,-1,6199,success,0
1323853,Unknown,41,-1,6200,success,0
1324050,Unknown,8,-1,6201,success,1
1324284,Unknown,27,-1,6202,success,0
1324535,Unknown,12,-1,6203,success,0
1324768,Unknown,47,-1,6204,success,0
1325019,Unknown,5,-1,6205,success,1
1325236,Unknown,19,-1,6206,success,0
1325432,Unknown,48,-1,6207,success,0
1325648,Unknown,41,-1,6208,success,0
1325881,Unknown,18,-1,6209,success,0
1326078,Unknown,36,-1,6210,success,0
1326293,Unknown,30,-1,6211,success,1
1326491,Unknown,28,-1,6212,success,1
1326688,Unknown,27,-1,6213,success,1
1326903,Unknown,46,-1,6214,success,0
1327118,Unknown,26,-1,6215,success,0
1327332,Unknown,24,-1,6216,success,0
1327548,Unknown,3,-1,6217,success,1
1327764,Unknown,14,-1,6218,success,0
1327962,Unknown,9,-1,6219,success,1
1328159,Unknown,4,-1,6220,success,1
1328355,Unknown,4,-1,6221,success,0
1328587,Unknown,32,-1,6222,success,0
1328802,Unknown,29,-1,6223,success,0
1329035,Unknown,19,-1,6224,success,1
1329251,Unknown,37,-1,6225,success,0
1329467,Unknown,14,-1,6226,success,1
1329682,Unknown,30,-1,6227,success,0
1329919,Unknown,31,-1,6228,success,1
1330116,Unknown,48,-1,6229,success,1
1330313,Unknown,1,-1,6230,success,1
1330528,Unknown,44,-1,6231,success,1
1330725,Unknown,3,-1,6232,success,1
1330922,Unknown,12,-1,6233,success,1
1331192,Unknown,6,-1,6234,success,1
1331427,Unknown,47,-1,6235,success,0
1331642,Unknown,29,-1,6236,success,0
1331839,Unknown,41,-1,6237,success,1
1332037,Unknown,0,-1,6238,success,0
1332233,Unknown,12,-1,6239,success,0
1332431,Unknown,9,-1,6240,success,0
1332628,Unknown,41,-1,6241,success,0
1332825,Unknown,15,-1,6242,success,1
1333040,Unknown,49,-1,6243,success,0
1333258,Unknown,4,-1,6244,success,0
1333475,Unknown,15,-1,6245,success,0
1333744,Unknown,10,-1,6246,success,1
1333941,Unknown,44,-1,6247,success,0
1334137,Unknown,25,-1,6248,success,0
1334335,Unknown,7,-1,6249,success,1
1334549,Unknown,45,-1,6250,success,0
1334781,Unknown,1,-1,6251,success,0
1335014,Unknown,18,-1,6252,success,0
1335229,Unknown,28,-1,6253,success,0
1335426,Unknown,21,-1,6254,success,0
1335660,Unknown,8,-1,6255,success,0
1335857,Unknown,1,-1,6256,success,0
1336053,Unknown,1,-1,6257,success,0
1336305,Unknown,11,-1,6258,success,0
1336520,Unknown,31,-1,6259,success,0
1336790,Unknown,10,-1,6260,success,1
1336988,Unknown,1,-1,6261,success,1
1337256,Unknown,8,-1,6262,success,1
1337453,Unknown,7,-1,6263,success,1
1337650,Unknown,31,-1,6264,success,0
1337866,Unknown,2,-1,6265,success,1
1338064,Unknown,11,-1,6266,success,0
1338261,Unknown,29,-1,6267,success,1
1338495,Unknown,36,-1,6268,success,0
1338731,Unknown,6,-1,6269,success,0
1338929,Unknown,33,-1,6270,success,0
1339126,Unknown,4,-1,6271,success,0
1339322,Unknown,43,-1,6272,success,0
1339519,Unknown,29,-1,6273,success,0
1339772,Unknown,46,-1,6274,success,1
1339987,Unknown,15,-1,6275,success,0
1340202,Unknown,25,-1,6276,success,0
1340399,Unknown,8,-1,6277,success,1
1340595,Unknown,13,-1,6278,success,0
1340813,Unknown,27,-1,6279,success,1
1341100,Unknown,6,-1,6280,success,1
1341297,Unknown,12,-1,6281,success,1
1341495,Unknown,45,-1,6282,success,0
1341746,Unknown,48,-1,6283,success,0
1341980,Unknown,44,-1,6284,success,0
1342177,Unknown,39,-1,6285,success,1
1342392,Unknown,8,-1,6286,success,1
1342589,Unknown,32,-1,6287,success,0
1342786,Unknown,46,-1,6288,success,1
1343056,Unknown,8,-1,6289,success,0
1343272,Unknown,35,-1,6290,success,1
1343469,Unknown,1,-1,6291,success,1
1343685,Unknown,25,-1,6292,success,0
1343974,Unknown,23,-1,6293,success,1
1344208,Unknown,30,-1,6294,success,1
1344422,Unknown,11,-1,6295,success,1
1344656,Unknown,21,-1,6296,success,0
1344852,Unknown,24,-1,6297,success,0
1345104,Unknown,49,-1,6298,success,0
1345301,Unknown,9,-1,6299,success,1
1345498,Unknown,12,-1,6300,success,1
1345713,Unknown,25,-1,6301,success,0
1345910,Unknown,4,-1,6302,success,0
1346107,Unknown,26,-1,6303,success,1
1346304,Unknown,1,-1,6304,success,1
1346519,Unknown,40,-1,6305,success,1
1346734,Unknown,12,-1,6306,success,0
1346968,Unknown,39,-1,6307,success,0
1347166,Unknown,25,-1,6308,success,0
1347417,Unknown,11,-1,6309,success,0
1347614,Unknown,18,-1,6310,success,1
1347830,Unknown,49,-1,6311,success,1
1348027,Unknown,20,-1,6312,success,0
1348314,Unknown,21,-1,6313,success,1
1348565,Unknown,44,-1,6314,success,1
1348764,Unknown,49,-1,6315,success,1
1349017,Unknown,7,-1,6316,success,1
1349214,Unknown,41,-1,6317,success,0
1349429,Unknown,2,-1,6318,success,0
1349643,Unknown,33,-1,6319,success,1
1349839,Unknown,31,-1,6320,success,0
1350036,Unknown,37,-1,6321,success,1
1350233,Unknown,49,-1,6322,success,0
1350430,Unknown,12,-1,6323,success,0
1350646,Unknown,4,-1,6324,success,1
1350861,Unknown,43,-1,6325,success,0
1351077,Unknown,15,-1,6326,success,0
1351293,Unknown,49,-1,6327,success,1
1351526,Unknown,14,-1,6328,success,0
1351723,Unknown,44,-1,6329,success,0
1351940,Unknown,42,-1,6330,success,0
1352156,Unknown,28,-1,6331,success,0
1352353,Unknown,20,-1,6332,success,1
1352568,Unknown,35,-1,6333,success,0
1352765,Unknown,47,-1,6334,success,0
1353017,Unknown,17,-1,6335,success,0
1353214,Unknown,29,-1,6336,success,0
1353483,Unknown,5,-1,6337,success,0
1353679,Unknown,24,-1,6338,success,0
1353876,Unknown,25,-1,6339,success,1
1354073,Unknown,2,-1,6340,success,1
1354289,Unknown,31,-1,6341,success,0
1354504,Unknown,29,-1,6342,success,0
1354719,Unknown,22,-1,6343,success,1
1354934,Unknown,46,-1,6344,success,0
1355244,Unknown,33,-1,6345,success,1
1355501,Unknown,4,-1,6346,success,0
1355699,Unknown,12,-1,6347,success,1
1355896,Unknown,33,-1,6348,success,0
1356093,Unknown,7,-1,6349,success,1
1356291,Unknown,18,-1,6350,success,0
1356507,Unknown,8,-1,6351,success,1
1356704,Unknown,12,-1,6352,success,0
1356901,Unknown,47,-1,6353,success,0
1357099,Unknown,29,-1,6354,success,0
1357317,Unknown,21,-1,6355,success,0
1357515,Unknown,15,-1,6356,success,0
1357712,Unknown,41,-1,6357,success,0
1357927,Unknown,20,-1,6358,success,0
1358124,Unknown,27,-1,6359,success,0
1358320,Unknown,12,-1,6360,success,0
1358517,Unknown,34,-1,6361,success,0
1358752,Unknown,41,-1,6362,success,0
1358985,Unknown,31,-1,6363,success,1
1359182,Unknown,28,-1,6364,success,0
1359380,Unknown,27,-1,6365,success,0
1359596,Unknown,14,-1,6366,success,1
1359792,Unknown,11,-1,6367,success,0
1359988,Unknown,6,-1,6368,success,0
1360239,Unknown,5,-1,6369,success,1
1360435,Unknown,20,-1,6370,success,0
1360632,Unknown,49,-1,6371,success,0
1360828,Unknown,7,-1,6372,success,0
1361097,Unknown,48,-1,6373,success,1
1361311,Unknown,5,-1,6374,success,1
1361526,Unknown,41,-1,6375,success,1
1361759,Unknown,42,-1,6376,success,1
1361994,Unknown,21,-1,6377,success,0
1362191,Unknown,18,-1,6378,success,0
1362388,Unknown,40,-1,6379,success,0
1362604,Unknown,42,-1,6380,success,0
1362820,Unknown,35,-1,6381,success,1
1363017,Unknown,21,-1,6382,success,0
1363214,Unknown,27,-1,6383,success,1
1363410,Unknown,19,-1,6384,success,0
1363607,Unknown,39,-1,6385,success,0
1363823,Unknown,40,-1,6386,success,1
1364021,Unknown,32,-1,6387,success,0
1364220,Unknown,5,-1,6388,success,0
1364417,Unknown,4,-1,6389,success,0
1364614,Unknown,38,-1,6390,success,0
1364848,Unknown,14,-1,6391,success,0
1365064,Unknown,15,-1,6392,success,0
1365316,Unknown,8,-1,6393,success,1
1365513,Unknown,21,-1,6394,success,0
1365729,Unknown,28,-1,6395,success,1
1365926,Unknown,1,-1,6396,success,0
1366124,Unknown,32,-1,6397,success,0
1366339,Unknown,13,-1,6398,success,0
1366537,Unknown,4,-1,6399,success,0
1366734,Unknown,31,-1,6400,success,0
1366931,Unknown,31,-1,6401,success,0
1367164,Unknown,37,-1,6402,success,0
1367380,Unknown,44,-1,6403,success,0
1367577,Unknown,45,-1,6404,success,0
1367777,Unknown,44,-1,6405,success,0
1367974,Unknown,16,-1,6406,success,0
1368189,Unknown,25,-1,6407,success,0
1368440,Unknown,27,-1,6408,success,1
1368639,Unknown,27,-1,6409,success,0
1368836,Unknown,39,-1,6410,success,0
1369033,Unknown,25,-1,6411,success,0
1369230,Unknown,14,-1,6412,success,0
1369427,Unknown,20,-1,6413,success,0
1369626,Unknown,11,-1,6414,success,0
1369859,Unknown,41,-1,6415,success,1
1370056,Unknown,3,-1,6416,success,0
1370254,Unknown,11,-1,6417,success,0
1370488,Unknown,37,-1,6418,success,0
1370685,Unknown,30,-1,6419,success,0
1370918,Unknown,10,-1,6420,success,1
1371115,Unknown,3,-1,6421,success,0
1371330,Unknown,41,-1,6422,success,0
1371563,Unknown,34,-1,6423,success,1
1371760,Unknown,47,-1,6424,success,0
1371975,Unknown,5,-1,6425,success,1
1372190,Unknown,9,-1,6426,success,0
1372386,Unknown,12,-1,6427,success,0
1372657,Unknown,39,-1,6428,success,1
1372854,Unknown,30,-1,6429,success,0
1373051,Unknown,6,-1,6430,success,0
1373266,Unknown,35,-1,6431,success,1
1373463,Unknown,28,-1,6432,success,0
1373678,Unknown,16,-1,6433,success,1
1373875,Unknown,21,-1,6434,success,0
1374072,Unknown,45,-1,6435,success,1
1374414,Unknown,19,-1,6436,success,1
1374611,Unknown,10,-1,6437,success,1
1374809,Unknown,21,-1,6438,success,0
1375006,Unknown,33,-1,6439,success,0
1375222,Unknown,39,-1,6440,success,0
1375419,Unknown,23,-1,6441,success,1
1375618,Unknown,15,-1,6442,success,0
1375815,Unknown,14,-1,6443,success,0
1376012,Unknown,6,-1,6444,success,0
1376208,Unknown,11,-1,6445,success,0
1376405,Unknown,35,-1,6446,success,1
1376638,Unknown,8,-1,6447,success,0
1376835,Unknown,31,-1,6448,success,0
1377032,Unknown,49,-1,6449,success,0
1377247,Unknown,44,-1,6450,success,1
1377462,Unknown,6,-1,6451,success,1
1377659,Unknown,21,-1,6452,success,0
1377875,Unknown,47,-1,6453,success,1
1378091,Unknown,47,-1,6454,success,0
1378289,Unknown,41,-1,6455,success,1
1378505,Unknown,48,-1,6456,success,1
1378720,Unknown,38,-1,6457,success,0
1378990,Unknown,22,-1,6458,success,1
1379187,Unknown,46,-1,6459,success,1
1379387,Unknown,6,-1,6460,success,0
1379602,Unknown,5,-1,6461,success,1
1379799,Unknown,40,-1,6462,success,0
1380034,Unknown,48,-1,6463,success,0
1380250,Unknown,24,-1,6464,success,1
1380465,Unknown,24,-1,6465,success,1
1380683,Unknown,3,-1,6466,success,1
1380879,Unknown,3,-1,6467,success,0
1381096,Unknown,34,-1,6468,success,1
1381297,Unknown,15,-1,6469,success,0
1381494,Unknown,26,-1,6470,success,0
1381711,Unknown,4,-1,6471,success,0
1381908,Unknown,13,-1,6472,success,0
1382122,Unknown,15,-1,6473,success,1
1382357,Unknown,45,-1,6474,success,0
1382592,Unknown,21,-1,6475,success,1
1382831,Unknown,1,-1,6476,success,1
1383029,Unknown,18,-1,6477,success,1
1383227,Unknown,21,-1,6478,success,0
1383425,Unknown,35,-1,6479,success,1
1383625,Unknown,16,-1,6480,success,0
1383857,Unknown,38,-1,6481,success,0
1384054,Unknown,41,-1,6482,success,0
1384250,Unknown,30,-1,6483,success,0
1384447,Unknown,19,-1,6484,success,0
1384644,Unknown,4,-1,6485,success,0
1384842,Unknown,18,-1,6486,success,0
1385058,Unknown,21,-1,6487,success,0
1385255,Unknown,34,-1,6488,success,1
1385470,Unknown,41,-1,6489,success,0
1385685,Unknown,27,-1,6490,success,0
1385883,Unknown,39,-1,6491,success,0
1386098,Unknown,35,-1,6492,success,1
1386315,Unknown,22,-1,6493,success,0
1386512,Unknown,26,-1,6494,success,1
1386728,Unknown,30,-1,6495,success,1
1386979,Unknown,16,-1,6496,success,0
1387177,Unknown,1,-1,6497,success,0
1387374,Unknown,26,-1,6498,success,0
1387570,Unknown,0,-1,6499,success,0
1387785,Unknown,33,-1,6500,success,0
1387982,Unknown,19,-1,6501,success,1
1388215,Unknown,25,-1,6502,success,0
1388447,Unknown,28,-1,6503,success,1
1388700,Unknown,12,-1,6504,success,1
1388915,Unknown,36,-1,6505,success,0
1389150,Unknown,35,-1,6506,success,1
1389347,Unknown,27,-1,6507,success,0
1389543,Unknown,9,-1,6508,success,0
1389739,Unknown,44,-1,6509,success,0
1389955,Unknown,28,-1,6510,success,0
1390244,Unknown,34,-1,6511,success,1
1390440,Unknown,30,-1,6512,success,0
1390655,Unknown,46,-1,6513,success,1
1390871,Unknown,16,-1,6514,success,1
1391106,Unknown,37,-1,6515,success,1
1391375,Unknown,34,-1,6516,success,0
1391572,Unknown,24,-1,6517,success,0
1391787,Unknown,46,-1,6518,success,1
1392061,Unknown,45,-1,6519,success,0
1392257,Unknown,24,-1,6520,success,0
1392454,Unknown,22,-1,6521,success,1
1392651,Unknown,33,-1,6522,success,1
1392867,Unknown,43,-1,6523,success,0
1393065,Unknown,46,-1,6524,success,0
1393280,Unknown,48,-1,6525,success,0
1393498,Unknown,35,-1,6526,success,1
1393712,Unknown,48,-1,6527,success,1
1393909,Unknown,10,-1,6528,success,0
1394106,Unknown,12,-1,6529,success,0
1394394,Unknown,11,-1,6530,success,1
1394627,Unknown,0,-1,6531,success,0
1394860,Unknown,48,-1,6532,success,1
1395075,Unknown,9,-1,6533,success,1
1395291,Unknown,19,-1,6534,success,1
1395579,Unknown,21,-1,6535,success,1
1395776,Unknown,42,-1,6536,success,0
1396046,Unknown,48,-1,6537,success,1
1396242,Unknown,47,-1,6538,success,0
1396439,Unknown,13,-1,6539,success,1
1396653,Unknown,10,-1,6540,success,1
1396869,Unknown,10,-1,6541,success,0
1397067,Unknown,27,-1,6542,success,0
1397300,Unknown,4,-1,6543,success,0
1397498,Unknown,21,-1,6544,success,0
1397695,Unknown,2,-1,6545,success,0
1397892,Unknown,15,-1,6546,success,1
1398143,Unknown,3,-1,6547,success,1
1398358,Unknown,4,-1,6548,success,0
1398573,Unknown,37,-1,6549,success,1
1398772,Unknown,34,-1,6550,success,1
1398987,Unknown,5,-1,6551,success,0
1399220,Unknown,1,-1,6552,success,0
1399418,Unknown,39,-1,6553,success,0
1399633,Unknown,0,-1,6554,success,1
1399848,Unknown,43,-1,6555,success,1
1400120,Unknown,8,-1,6556,success,0
1400318,Unknown,33,-1,6557,success,0
1400516,Unknown,37,-1,6558,success,1
1400731,Unknown,3,-1,6559,success,1
1400928,Unknown,14,-1,6560,success,0
1401144,Unknown,43,-1,6561,success,1
1401378,Unknown,34,-1,6562,success,1
1401574,Unknown,42,-1,6563,success,0
1401771,Unknown,44,-1,6564,success,1
1402005,Unknown,6,-1,6565,success,0
1402203,Unknown,18,-1,6566,success,0
1402400,Unknown,3,-1,6567,success,0
1402597,Unknown,33,-1,6568,success,1
1402905,Unknown,39,-1,6569,success,1
1403102,Unknown,4,-1,6570,success,0
1403299,Unknown,37,-1,6571,success,1
1403495,Unknown,5,-1,6572,success,0
1403692,Unknown,10,-1,6573,success,0
1403889,Unknown,27,-1,6574,success,0
1404088,Unknown,14,-1,6575,success,1
1404286,Unknown,2,-1,6576,success,1
1404520,Unknown,25,-1,6577,success,0
1404716,Unknown,16,-1,6578,success,0
1404932,Unknown,46,-1,6579,success,1
1405168,Unknown,15,-1,6580,success,1
1405407,Unknown,1,-1,6581,success,0
1405604,Unknown,14,-1,6582,success,1
1405804,Unknown,24,-1,6583,success,0
1406000,Unknown,21,-1,6584,success,0
1406198,Unknown,4,-1,6585,success,1
1406413,Unknown,40,-1,6586,success,1
1406646,Unknown,1,-1,6587,success,0
1406845,Unknown,2,-1,6588,success,1
1407060,Unknown,22,-1,6589,success,0
1407256,Unknown,26,-1,6590,success,0
1407454,Unknown,31,-1,6591,success,0
1407690,Unknown,34,-1,6592,success,0
1407904,Unknown,36,-1,6593,success,0
1408120,Unknown,43,-1,6594,success,1
1408321,Unknown,13,-1,6595,success,0
1408521,Unknown,9,-1,6596,success,0
1408717,Unknown,1,-1,6597,success,0
1408915,Unknown,6,-1,6598,success,0
1409113,Unknown,40,-1,6599,success,1
1409310,Unknown,20,-1,6600,success,1
1409508,Unknown,9,-1,6601,success,0
1409706,Unknown,49,-1,6602,success,0
1409903,Unknown,25,-1,6603,success,1
1410099,Unknown,20,-1,6604,success,0
1410296,Unknown,17,-1,6605,success,0
1410492,Unknown,34,-1,6606,success,0
1410707,Unknown,32,-1,6607,success,1
1410942,Unknown,44,-1,6608,success,0
1411139,Unknown,1,-1,6609,success,0
1411355,Unknown,28,-1,6610,success,0
1411569,Unknown,41,-1,6611,success,0
1411766,Unknown,44,-1,6612,success,0
1411980,Unknown,3,-1,6613,success,1
1412196,Unknown,13,-1,6614,success,1
1412465,Unknown,17,-1,6615,success,0
1412662,Unknown,14,-1,6616,success,0
1412877,Unknown,16,-1,6617,success,1
1413112,Unknown,6,-1,6618,success,0
1413309,Unknown,26,-1,6619,success,1
1413542,Unknown,3,-1,6620,success,0
1413739,Unknown,5,-1,6621,success,1
1413936,Unknown,14,-1,6622,success,1
1414132,Unknown,3,-1,6623,success,0
1414401,Unknown,48,-1,6624,success,0
1414600,Unknown,5,-1,6625,success,0
1414833,Unknown,21,-1,6626,success,0
1415032,Unknown,35,-1,6627,success,0
1415247,Unknown,25,-1,6628,success,0
1415480,Unknown,27,-1,6629,success,1
1415678,Unknown,25,-1,6630,success,0
1415875,Unknown,45,-1,6631,success,1
1416072,Unknown,49,-1,6632,success,0
1416269,Unknown,39,-1,6633,success,0
1416540,Unknown,1,-1,6634,success,1
1416772,Unknown,9,-1,6635,success,1
1416968,Unknown,11,-1,6636,success,0
1417202,Unknown,32,-1,6637,success,0
1417400,Unknown,26,-1,6638,success,0
1417632,Unknown,44,-1,6639,success,1
1417902,Unknown,1,-1,6640,success,0
1418099,Unknown,30,-1,6641,success,0
1418314,Unknown,14,-1,6642,success,1
1418511,Unknown,4,-1,6643,success,1
1418708,Unknown,37,-1,6644,success,1
1418997,Unknown,28,-1,6645,success,1
1419213,Unknown,45,-1,6646,success,0
1419430,Unknown,15,-1,6647,success,0
1419627,Unknown,3,-1,6648,success,1
1419824,Unknown,31,-1,6649,success,0
1420020,Unknown,25,-1,6650,success,0
1420217,Unknown,19,-1,6651,success,1
1420452,Unknown,3,-1,6652,success,0
1420703,Unknown,36,-1,6653,success,0
1420918,Unknown,13,-1,6654,success,0
1421151,Unknown,1,-1,6655,success,0
1421349,Unknown,21,-1,6656,success,0
1421546,Unknown,49,-1,6657,success,1
1421744,Unknown,41,-1,6658,success,0
1421941,Unknown,12,-1,6659,success,0
1422138,Unknown,17,-1,6660,success,0
1422335,Unknown,22,-1,6661,success,0
1422532,Unknown,26,-1,6662,success,0
1422748,Unknown,42,-1,6663,success,1
1422945,Unknown,22,-1,6664,success,0
1423178,Unknown,4,-1,6665,success,1
1423414,Unknown,26,-1,6666,success,0
1423647,Unknown,21,-1,6667,success,0
1423880,Unknown,20,-1,6668,success,1
1424096,Unknown,26,-1,6669,success,0
1424311,Unknown,42,-1,6670,success,1
1424508,Unknown,8,-1,6671,success,0
1424705,Unknown,11,-1,6672,success,0
1424901,Unknown,34,-1,6673,success,0
1425190,Unknown,18,-1,6674,success,1
1425387,Unknown,19,-1,6675,success,1
1425585,Unknown,13,-1,6676,success,0
1425781,Unknown,23,-1,6677,success,0
1425977,Unknown,23,-1,6678,success,0
1426176,Unknown,18,-1,6679,success,0
1426393,Unknown,3,-1,6680,success,0
1426590,Unknown,20,-1,6681,success,1
1426805,Unknown,10,-1,6682,success,0
1427020,Unknown,21,-1,6683,success,1
1427217,Unknown,25,-1,6684,success,1
1427414,Unknown,0,-1,6685,success,0
1427632,Unknown,5,-1,6686,success,0
1427846,Unknown,39,-1,6687,success,1
1428062,Unknown,37,-1,6688,success,0
1428260,Unknown,49,-1,6689,success,0
1428457,Unknown,4,-1,6690,success,0
1428654,Unknown,8,-1,6691,success,0
1428870,Unknown,2,-1,6692,success,1
1429104,Unknown,14,-1,6693,success,0
1429304,Unknown,15,-1,6694,success,0
1429502,Unknown,25,-1,6695,success,0
1429700,Unknown,9,-1,6696,success,0
1429934,Unknown,27,-1,6697,success,0
1430131,Unknown,21,-1,6698,success,1
1430328,Unknown,29,-1,6699,success,0
1430526,Unknown,40,-1,6700,success,0
1430743,Unknown,21,-1,6701,success,0
1430940,Unknown,18,-1,6702,success,0
1431156,Unknown,40,-1,6703,success,0
1431356,Unknown,22,-1,6704,success,0
1431553,Unknown,44,-1,6705,success,0
1431750,Unknown,36,-1,6706,success,0
1431946,Unknown,14,-1,6707,success,0
1432142,Unknown,30,-1,6708,success,0
1432340,Unknown,16,-1,6709,success,0
1432574,Unknown,14,-1,6710,success,0
1432809,Unknown,44,-1,6711,success,0
1433006,Unknown,21,-1,6712,success,1
1433221,Unknown,15,-1,6713,success,1
1433418,Unknown,1,-1,6714,success,0
1433635,Unknown,42,-1,6715,success,1
1433852,Unknown,11,-1,6716,success,0
1434103,Unknown,17,-1,6717,success,1
1434302,Unknown,7,-1,6718,success,1
1434517,Unknown,30,-1,6719,success,1
1434714,Unknown,45,-1,6720,success,0
1434948,Unknown,49,-1,6721,success,1
1435145,Unknown,14,-1,6722,success,0
1435361,Unknown,42,-1,6723,success,1
1435557,Unknown,24,-1,6724,success,0
1435772,Unknown,21,-1,6725,success,0
1435989,Unknown,21,-1,6726,success,0
1436259,Unknown,18,-1,6727,success,1
1436456,Unknown,15,-1,6728,success,0
1436691,Unknown,46,-1,6729,success,0
1436888,Unknown,36,-1,6730,success,0
1437121,Unknown,47,-1,6731,success,0
1437318,Unknown,16,-1,6732,success,0
1437515,Unknown,43,-1,6733,success,0
1437713,Unknown,4,-1,6734,success,1
1437909,Unknown,41,-1,6735,success,0
1438108,Unknown,21,-1,6736,success,0
1438305,Unknown,3,-1,6737,success,1
1438503,Unknown,13,-1,6738,success,0
1438736,Unknown,10,-1,6739,success,0
1438951,Unknown,44,-1,6740,success,1
1439187,Unknown,5,-1,6741,success,1
1439384,Unknown,3,-1,6742,success,0
1439580,Unknown,33,-1,6743,success,0
1439777,Unknown,26,-1,6744,success,0
1439991,Unknown,4,-1,6745,success,1
1440189,Unknown,30,-1,6746,success,1
1440405,Unknown,33,-1,6747,success,0
1440639,Unknown,2,-1,6748,success,0
1440873,Unknown,21,-1,6749,success,0
1441107,Unknown,15,-1,6750,success,1
1441360,Unknown,32,-1,6751,success,1
1441594,Unknown,20,-1,6752,success,0
1441846,Unknown,8,-1,6753,success,1
1442042,Unknown,31,-1,6754,success,0
1442257,Unknown,18,-1,6755,success,0
1442492,Unknown,6,-1,6756,success,0
1442762,Unknown,44,-1,6757,success,1
1442961,Unknown,19,-1,6758,success,0
1443177,Unknown,38,-1,6759,success,0
1443374,Unknown,15,-1,6760,success,1
1443571,Unknown,38,-1,6761,success,0
1443768,Unknown,25,-1,6762,success,0
1444059,Unknown,24,-1,6763,success,0
1444274,Unknown,40,-1,6764,success,1
1444489,Unknown,43,-1,6765,success,1
1444686,Unknown,17,-1,6766,success,0
1444901,Unknown,45,-1,6767,success,1
1445136,Unknown,39,-1,6768,success,0
1445370,Unknown,38,-1,6769,success,0
1445567,Unknown,21,-1,6770,success,1
1445787,Unknown,12,-1,6771,success,0
1445985,Unknown,36,-1,6772,success,1
1446182,Unknown,21,-1,6773,success,0
1446381,Unknown,8,-1,6774,success,0
1446638,Unknown,15,-1,6775,success,0
1446836,Unknown,0,-1,6776,success,1
1447035,Unknown,20,-1,6777,success,0
1447232,Unknown,20,-1,6778,success,0
1447456,Unknown,22,-1,6779,success,1
1447655,Unknown,6,-1,6780,success,1
1447851,Unknown,1,-1,6781,success,0
1448049,Unknown,32,-1,6782,success,1
1448286,Unknown,38,-1,6783,success,1
1448502,Unknown,18,-1,6784,success,0
1448746,Unknown,31,-1,6785,success,1
1448945,Unknown,6,-1,6786,success,1
1449143,Unknown,0,-1,6787,success,1
1449342,Unknown,20,-1,6788,success,0
1449540,Unknown,43,-1,6789,success,0
1449737,Unknown,35,-1,6790,success,0
1449934,Unknown,4,-1,6791,success,0
1450131,Unknown,37,-1,6792,success,0
1450329,Unknown,46,-1,6793,success,1
1450526,Unknown,48,-1,6794,success,1
1450722,Unknown,18,-1,6795,success,0
1450959,Unknown,6,-1,6796,success,1
1451228,Unknown,1,-1,6797,success,0
1451432,Unknown,35,-1,6798,success,0
1451629,Unknown,12,-1,6799,success,1
1451868,Unknown,29,-1,6800,success,1
1452065,Unknown,22,-1,6801,success,1
1452262,Unknown,30,-1,6802,success,0
1452514,Unknown,11,-1,6803,success,0
1452729,Unknown,14,-1,6804,success,1
1452925,Unknown,10,-1,6805,success,0
1453122,Unknown,38,-1,6806,success,0
1453337,Unknown,49,-1,6807,success,1
1453553,Unknown,40,-1,6808,success,0
1453805,Unknown,27,-1,6809,success,1
1454001,Unknown,19,-1,6810,success,0
1454235,Unknown,34,-1,6811,success,0
1454432,Unknown,33,-1,6812,success,1
1454630,Unknown,46,-1,6813,success,0
1454827,Unknown,11,-1,6814,success,1
1455061,Unknown,22,-1,6815,success,0
1455258,Unknown,3,-1,6816,success,1
1455473,Unknown,8,-1,6817,success,1
1455670,Unknown,8,-1,6818,success,0
1455885,Unknown,48,-1,6819,success,0
1456081,Unknown,47,-1,6820,success,0
1456296,Unknown,20,-1,6821,success,0
1456548,Unknown,2,-1,6822,success,0
1456745,Unknown,10,-1,6823,success,0
1456960,Unknown,40,-1,6824,success,1
1457212,Unknown,46,-1,6825,success,1
1457522,Unknown,48,-1,6826,success,0
1457719,Unknown,32,-1,6827,success,0
1457915,Unknown,20,-1,6828,success,0
1458113,Unknown,12,-1,6829,success,0
1458309,Unknown,43,-1,6830,success,0
1458525,Unknown,30,-1,6831,success,0
1458722,Unknown,23,-1,6832,success,1
1458919,Unknown,23,-1,6833,success,0
1459116,Unknown,12,-1,6834,success,0
1459387,Unknown,44,-1,6835,success,0
1459584,Unknown,11,-1,6836,success,1
1459780,Unknown,45,-1,6837,success,0
1459997,Unknown,47,-1,6838,success,0
1460212,Unknown,26,-1,6839,success,0
1460445,Unknown,28,-1,6840,success,1
1460716,Unknown,27,-1,6841,success,0
1460912,Unknown,34,-1,6842,success,0
1461109,Unknown,44,-1,6843,success,1
1461343,Unknown,20,-1,6844,success,0
1461540,Unknown,2,-1,6845,success,0
1461774,Unknown,41,-1,6846,success,1
1462045,Unknown,12,-1,6847,success,1
1462243,Unknown,7,-1,6848,success,0
1462458,Unknown,45,-1,6849,success,0
1462674,Unknown,39,-1,6850,success,0
1462874,Unknown,29,-1,6851,success,0
1463110,Unknown,11,-1,6852,success,0
1463307,Unknown,29,-1,6853,success,0
1463504,Unknown,49,-1,6854,success,1
1463700,Unknown,41,-1,6855,success,0
1463899,Unknown,40,-1,6856,success,0
1464096,Unknown,44,-1,6857,success,0
1464330,Unknown,9,-1,6858,success,1
1464547,Unknown,39,-1,6859,success,0
1464743,Unknown,32,-1,6860,success,0
1464976,Unknown,23,-1,6861,success,0
1465173,Unknown,47,-1,6862,success,1
1465370,Unknown,27,-1,6863,success,0
1465640,Unknown,20,-1,6864,success,0
1465837,Unknown,18,-1,6865,success,0
1466034,Unknown,34,-1,6866,success,1
1466231,Unknown,10,-1,6867,success,0
1466445,Unknown,13,-1,6868,success,1
1466642,Unknown,4,-1,6869,success,0
1466839,Unknown,21,-1,6870,success,0
1467092,Unknown,6,-1,6871,success,0
1467289,Unknown,31,-1,6872,success,0
1467488,Unknown,19,-1,6873,success,1
1467686,Unknown,1,-1,6874,success,0
1467919,Unknown,28,-1,6875,success,0
1468115,Unknown,36,-1,6876,success,0
1468312,Unknown,31,-1,6877,success,0
1468527,Unknown,45,-1,6878,success,0
1468726,Unknown,8,-1,6879,success,1
1468925,Unknown,29,-1,6880,success,1
1469122,Unknown,33,-1,6881,success,1
1469319,Unknown,17,-1,6882,success,0
1469534,Unknown,35,-1,6883,success,0
1469750,Unknown,10,-1,6884,success,1
1469949,Unknown,19,-1,6885,success,0
1470165,Unknown,25,-1,6886,success,1
1470400,Unknown,48,-1,6887,success,0
1470596,Unknown,21,-1,6888,success,0
1470811,Unknown,5,-1,6889,success,1
1471062,Unknown,40,-1,6890,success,0
1471259,Unknown,43,-1,6891,success,0
1471475,Unknown,22,-1,6892,success,0
1471708,Unknown,33,-1,6893,success,0
1471923,Unknown,44,-1,6894,success,1
1472139,Unknown,8,-1,6895,success,0
1472354,Unknown,42,-1,6896,success,1
1472552,Unknown,5,-1,6897,success,0
1472767,Unknown,47,-1,6898,success,1
1472964,Unknown,17,-1,6899,success,0
1473180,Unknown,34,-1,6900,success,0
1473395,Unknown,30,-1,6901,success,1
1473592,Unknown,46,-1,6902,success,1
1473825,Unknown,23,-1,6903,success,1
1474041,Unknown,42,-1,6904,success,0
1474238,Unknown,31,-1,6905,success,0
1474435,Unknown,41,-1,6906,success,1
1474633,Unknown,29,-1,6907,success,0
1474903,Unknown,37,-1,6908,success,1
1475100,Unknown,2,-1,6909,success,0
1475335,Unknown,18,-1,6910,success,1
1475534,Unknown,0,-1,6911,success,0
1475787,Unknown,28,-1,6912,success,0
1475984,Unknown,27,-1,6913,success,0
1476217,Unknown,49,-1,6914,success,1
1476435,Unknown,35,-1,6915,success,1
1476632,Unknown,37,-1,6916,success,1
1476846,Unknown,38,-1,6917,success,0
1477042,Unknown,8,-1,6918,success,0
1477257,Unknown,9,-1,6919,success,0
1477453,Unknown,15,-1,6920,success,0
1477669,Unknown,46,-1,6921,success,0
1477920,Unknown,16,-1,6922,success,1
1478118,Unknown,3,-1,6923,success,1
1478333,Unknown,39,-1,6924,success,0
1478566,Unknown,38,-1,6925,success,0
1478763,Unknown,27,-1,6926,success,0
1478960,Unknown,6,-1,6927,success,1
1479175,Unknown,32,-1,6928,success,0
1479372,Unknown,43,-1,6929,success,0
1479586,Unknown,4,-1,6930,success,1
1479783,Unknown,12,-1,6931,success,0
1480092,Unknown,23,-1,6932,success,0
1480309,Unknown,16,-1,6933,success,1
1480542,Unknown,17,-1,6934,success,1
1480739,Unknown,18,-1,6935,success,0
1480935,Unknown,46,-1,6936,success,0
1481169,Unknown,11,-1,6937,success,0
1481366,Unknown,11,-1,6938,success,0
1481600,Unknown,49,-1,6939,success,0
1481796,Unknown,41,-1,6940,success,0
1482011,Unknown,38,-1,6941,success,0
1482298,Unknown,17,-1,6942,success,0
1482532,Unknown,28,-1,6943,success,0
1482747,Unknown,24,-1,6944,success,0
1482945,Unknown,1,-1,6945,success,0
1483162,Unknown,48,-1,6946,success,1
1483396,Unknown,33,-1,6947,success,0
1483593,Unknown,20,-1,6948,success,0
1483790,Unknown,13,-1,6949,success,0
1483989,Unknown,38,-1,6950,success,1
1484187,Unknown,32,-1,6951,success,1
1484421,Unknown,3,-1,6952,success,1
1484618,Unknown,4,-1,6953,success,0
1484814,Unknown,9,-1,6954,success,0
1485011,Unknown,7,-1,6955,success,0
1485226,Unknown,17,-1,6956,success,0
1485459,Unknown,3,-1,6957,success,0
1485676,Unknown,29,-1,6958,success,0
1485872,Unknown,41,-1,6959,success,0
1486069,Unknown,27,-1,6960,success,0
1486266,Unknown,23,-1,6961,success,0
1486518,Unknown,32,-1,6962,success,0
1486715,Unknown,25,-1,6963,success,1
1486912,Unknown,38,-1,6964,success,0
1487109,Unknown,34,-1,6965,success,0
1487343,Unknown,27,-1,6966,success,0
1487558,Unknown,45,-1,6967,success,1
1487755,Unknown,14,-1,6968,success,1
1487971,Unknown,5,-1,6969,success,0
1488186,Unknown,9,-1,6970,success,0
1488441,Unknown,4,-1,6971,success,1
1488640,Unknown,5,-1,6972,success,0
1488837,Unknown,21,-1,6973,success,0
1489053,Unknown,42,-1,6974,success,1
1489249,Unknown,42,-1,6975,success,0
1489446,Unknown,11,-1,6976,success,0
1489643,Unknown,16,-1,6977,success,1
1489840,Unknown,18,-1,6978,success,1
1490072,Unknown,16,-1,6979,success,1
1490322,Unknown,43,-1,6980,success,0
1490518,Unknown,31,-1,6981,success,0
1490715,Unknown,47,-1,6982,success,1
1490950,Unknown,5,-1,6983,success,0
1491147,Unknown,32,-1,6984,success,0
1491343,Unknown,15,-1,6985,success,0
1491593,Unknown,16,-1,6986,success,1
1491790,Unknown,30,-1,6987,success,1
1492041,Unknown,21,-1,6988,success,0
1492238,Unknown,29,-1,6989,success,0
1492507,Unknown,15,-1,6990,success,1
1492703,Unknown,22,-1,6991,success,0
1492918,Unknown,8,-1,6992,success,0
1493114,Unknown,19,-1,6993,success,0
1493425,Unknown,46,-1,6994,success,0
1493660,Unknown,14,-1,6995,success,0
1493857,Unknown,14,-1,6996,success,0
1494053,Unknown,40,-1,6997,success,0
1494287,Unknown,20,-1,6998,success,0
1494501,Unknown,23,-1,6999,success,1
1494698,Unknown,21,-1,7000,success,1
1494932,Unknown,1,-1,7001,success,0
1495129,Unknown,32,-1,7002,success,0
1495326,Unknown,47,-1,7003,success,1
1495523,Unknown,36,-1,7004,success,0
1495740,Unknown,46,-1,7005,success,0
1495954,Unknown,18,-1,7006,success,1
1496151,Unknown,1,-1,7007,success,0
1496347,Unknown,4,-1,7008,success,0
1496562,Unknown,15,-1,7009,success,0
1496795,Unknown,38,-1,7010,success,1
1497010,Unknown,11,-1,7011,success,0
1497207,Unknown,9,-1,7012,success,1
1497406,Unknown,12,-1,7013,success,0
1497604,Unknown,35,-1,7014,success,0
1497818,Unknown,45,-1,7015,success,1
1498073,Unknown,17,-1,7016,success,0
1498271,Unknown,9,-1,7017,success,1
1498468,Unknown,31,-1,7018,success,0
1498665,Unknown,9,-1,7019,success,0
1498861,Unknown,40,-1,7020,success,0
1499057,Unknown,12,-1,7021,success,0
1499253,Unknown,0,-1,7022,success,0
1499450,Unknown,32,-1,7023,success,0
1499684,Unknown,14,-1,7024,success,0
1499882,Unknown,25,-1,7025,success,1
1500097,Unknown,42,-1,7026,success,0
1500330,Unknown,48,-1,7027,success,0
1500546,Unknown,25,-1,7028,success,1
1500761,Unknown,8,-1,7029,success,0
1500975,Unknown,46,-1,7030,success,1
1501192,Unknown,24,-1,7031,success,1
1501443,Unknown,2,-1,7032,success,0
1501641,Unknown,12,-1,7033,success,0
1501837,Unknown,29,-1,7034,success,0
1502052,Unknown,24,-1,7035,success,0
1502309,Unknown,17,-1,7036,success,1
1502507,Unknown,5,-1,7037,success,0
1502704,Unknown,10,-1,7038,success,0
1502919,Unknown,27,-1,7039,success,0
1503116,Unknown,31,-1,7040,success,1
1503312,Unknown,9,-1,7041,success,0
1503530,Unknown,2,-1,7042,success,1
1503727,Unknown,20,-1,7043,success,0
1503943,Unknown,38,-1,7044,success,0
1504139,Unknown,9,-1,7045,success,0
1504336,Unknown,6,-1,7046,success,0
1504553,Unknown,47,-1,7047,success,0
1504749,Unknown,35,-1,7048,success,0
1504982,Unknown,36,-1,7049,success,0
1505273,Unknown,47,-1,7050,success,0
1505470,Unknown,34,-1,7051,success,1
1505685,Unknown,25,-1,7052,success,0
1505882,Unknown,1,-1,7053,success,0
1506097,Unknown,44,-1,7054,success,0
1506294,Unknown,3,-1,7055,success,1
1506544,Unknown,6,-1,7056,success,0
1506741,Unknown,39,-1,7057,success,1
1506956,Unknown,33,-1,7058,success,0
1507172,Unknown,44,-1,7059,success,0
1507369,Unknown,31,-1,7060,success,0
1507566,Unknown,18,-1,7061,success,0
1507781,Unknown,25,-1,7062,success,1
1507998,Unknown,20,-1,7063,success,1
1508267,Unknown,40,-1,7064,success,0
1508464,Unknown,3,-1,7065,success,1
1508661,Unknown,15,-1,7066,success,1
1508876,Unknown,18,-1,7067,success,0
1509145,Unknown,21,-1,7068,success,0
1509360,Unknown,36,-1,7069,success,1
1509574,Unknown,49,-1,7070,success,1
1509806,Unknown,7,-1,7071,success,1
1510003,Unknown,3,-1,7072,success,0
1510200,Unknown,34,-1,7073,success,0
1510397,Unknown,28,-1,7074,success,0
1510612,Unknown,20,-1,7075,success,1
1510827,Unknown,17,-1,7076,success,0
1511024,Unknown,3,-1,7077,success,0
1511221,Unknown,49,-1,7078,success,1
1511510,Unknown,5,-1,7079,success,0
1511707,Unknown,4,-1,7080,success,1
1511904,Unknown,22,-1,7081,success,0
1512120,Unknown,41,-1,7082,success,1
1512317,Unknown,16,-1,7083,success,1
1512514,Unknown,4,-1,7084,success,0
1512729,Unknown,15,-1,7085,success,0
1512925,Unknown,26,-1,7086,success,0
1513214,Unknown,13,-1,7087,success,1
1513429,Unknown,44,-1,7088,success,0
1513626,Unknown,41,-1,7089,success,0
1513822,Unknown,28,-1,7090,success,0
1514019,Unknown,10,-1,7091,success,1
1514216,Unknown,13,-1,7092,success,0
1514431,Unknown,6,-1,7093,success,1
1514627,Unknown,6,-1,7094,success,0
1514897,Unknown,18,-1,7095,success,1
1515093,Unknown,28,-1,7096,success,0
1515309,Unknown,0,-1,7097,success,1
1515524,Unknown,9,-1,7098,success,0
1515738,Unknown,10,-1,7099,success,1
1516081,Unknown,0,-1,7100,success,0
1516277,Unknown,22,-1,7101,success,0
1516529,Unknown,13,-1,7102,success,0
1516744,Unknown,14,-1,7103,success,0
1516960,Unknown,2,-1,7104,success,1
1517157,Unknown,5,-1,7105,success,0
1517390,Unknown,27,-1,7106,success,1
1517605,Unknown,3,-1,7107,success,1
1517802,Unknown,18,-1,7108,success,0
1517998,Unknown,46,-1,7109,success,0
1518267,Unknown,19,-1,7110,success,0
1518517,Unknown,9,-1,7111,success,0
1518714,Unknown,24,-1,7112,success,0
1518965,Unknown,18,-1,7113,success,0
1519165,Unknown,39,-1,7114,success,0
1519362,Unknown,20,-1,7115,success,1
1519559,Unknown,35,-1,7116,success,1
1519791,Unknown,4,-1,7117,success,0
1520006,Unknown,9,-1,7118,success,1
1520203,Unknown,8,-1,7119,success,1
1520400,Unknown,34,-1,7120,success,0
1520597,Unknown,22,-1,7121,success,1
1520794,Unknown,38,-1,7122,success,0
1520991,Unknown,17,-1,7123,success,0
1521188,Unknown,0,-1,7124,success,0
1521385,Unknown,20,-1,7125,success,0
1521620,Unknown,16,-1,7126,success,1
1521889,Unknown,23,-1,7127,success,1
1522086,Unknown,2,-1,7128,success,1
1522283,Unknown,0,-1,7129,success,0
1522479,Unknown,35,-1,7130,success,0
1522676,Unknown,45,-1,7131,success,1
1522891,Unknown,36,-1,7132,success,1
1523125,Unknown,48,-1,7133,success,1
1523322,Unknown,9,-1,7134,success,1
1523575,Unknown,2,-1,7135,success,1
1523807,Unknown,45,-1,7136,success,0
1524022,Unknown,20,-1,7137,success,0
1524273,Unknown,19,-1,7138,success,1
1524470,Unknown,23,-1,7139,success,1
1524668,Unknown,19,-1,7140,success,0
1524883,Unknown,7,-1,7141,success,0
1525080,Unknown,4,-1,7142,success,1
1525277,Unknown,11,-1,7143,success,0
1525492,Unknown,8,-1,7144,success,1
1525725,Unknown,18,-1,7145,success,1
1525922,Unknown,24,-1,7146,success,1
1526137,Unknown,5,-1,7147,success,0
1526334,Unknown,40,-1,7148,success,1
1526567,Unknown,11,-1,7149,success,1
1526818,Unknown,40,-1,7150,success,1
1527015,Unknown,16,-1,7151,success,1
1527211,Unknown,42,-1,7152,success,0
1527467,Unknown,48,-1,7153,success,0
1527663,Unknown,49,-1,7154,success,0
1527861,Unknown,16,-1,7155,success,0
1528057,Unknown,40,-1,7156,success,0
1528308,Unknown,18,-1,7157,success,0
1528505,Unknown,12,-1,7158,success,1
1528702,Unknown,46,-1,7159,success,0
1528898,Unknown,19,-1,7160,success,0
1529095,Unknown,22,-1,7161,success,0
1529292,Unknown,12,-1,7162,success,0
1529508,Unknown,31,-1,7163,success,0
1529723,Unknown,37,-1,7164,success,1
1529921,Unknown,15,-1,7165,success,1
1530118,Unknown,28,-1,7166,success,1
1530315,Unknown,15,-1,7167,success,0
1530530,Unknown,30,-1,7168,success,1
1530763,Unknown,36,-1,7169,success,0
1530960,Unknown,21,-1,7170,success,1
1531157,Unknown,15,-1,7171,success,0
1531354,Unknown,37,-1,7172,success,0
1531551,Unknown,41,-1,7173,success,1
1531748,Unknown,40,-1,7174,success,0
1531946,Unknown,28,-1,7175,success,0
1532160,Unknown,30,-1,7176,success,1
1532393,Unknown,13,-1,7177,success,0
1532644,Unknown,44,-1,7178,success,1
1532879,Unknown,46,-1,7179,success,1
1533113,Unknown,4,-1,7180,success,0
1533327,Unknown,21,-1,7181,success,0
1533581,Unknown,22,-1,7182,success,0
1533778,Unknown,16,-1,7183,success,1
1533974,Unknown,3,-1,7184,success,0
1534190,Unknown,42,-1,7185,success,0
1534387,Unknown,32,-1,7186,success,1
1534584,Unknown,47,-1,7187,success,1
1534800,Unknown,27,-1,7188,success,1
1534997,Unknown,28,-1,7189,success,1
1535194,Unknown,16,-1,7190,success,0
1535427,Unknown,25,-1,7191,success,0
1535624,Unknown,44,-1,7192,success,0
1535895,Unknown,46,-1,7193,success,1
1536092,Unknown,28,-1,7194,success,0
1536344,Unknown,35,-1,7195,success,0
1536562,Unknown,46,-1,7196,success,0
1536759,Unknown,21,-1,7197,success,0
1536956,Unknown,17,-1,7198,success,0
1537189,Unknown,37,-1,7199,success,1
1537385,Unknown,2,-1,7200,success,0
1537637,Unknown,20,-1,7201,success,0
1537834,Unknown,24,-1,7202,success,1
1538049,Unknown,18,-1,7203,success,0
1538245,Unknown,18,-1,7204,success,0
1538479,Unknown,40,-1,7205,success,1
1538694,Unknown,47,-1,7206,success,0
1538892,Unknown,42,-1,7207,success,0
1539111,Unknown,29,-1,7208,success,1
1539310,Unknown,10,-1,7209,success,0
1539508,Unknown,46,-1,7210,success,1
1539707,Unknown,36,-1,7211,success,0
1539922,Unknown,29,-1,7212,success,0
1540139,Unknown,11,-1,7213,success,0
1540354,Unknown,9,-1,7214,success,1
1540588,Unknown,26,-1,7215,success,0
1540805,Unknown,37,-1,7216,success,1
1541021,Unknown,21,-1,7217,success,0
1541238,Unknown,9,-1,7218,success,0
1541456,Unknown,29,-1,7219,success,1
1541653,Unknown,30,-1,7220,success,1
1541850,Unknown,39,-1,7221,success,0
1542047,Unknown,44,-1,7222,success,0
1542303,Unknown,2,-1,7223,success,0
1542535,Unknown,41,-1,7224,success,0
1542732,Unknown,24,-1,7225,success,0
1542928,Unknown,8,-1,7226,success,0
1543166,Unknown,36,-1,7227,success,1
1543364,Unknown,30,-1,7228,success,0
1543579,Unknown,41,-1,7229,success,1
1543776,Unknown,22,-1,7230,success,0
1543973,Unknown,34,-1,7231,success,1
1544171,Unknown,25,-1,7232,success,0
1544368,Unknown,19,-1,7233,success,0
1544566,Unknown,39,-1,7234,success,1
1544783,Unknown,10,-1,7235,success,0
1544979,Unknown,10,-1,7236,success,0
1545176,Unknown,48,-1,7237,success,0
1545409,Unknown,41,-1,7238,success,1
1545661,Unknown,34,-1,7239,success,1
1545858,Unknown,47,-1,7240,success,1
1546073,Unknown,49,-1,7241,success,0
1546270,Unknown,15,-1,7242,success,1
1546486,Unknown,15,-1,7243,success,0
1546685,Unknown,24,-1,7244,success,0
1546901,Unknown,11,-1,7245,success,1
1547100,Unknown,5,-1,7246,success,1
1547296,Unknown,2,-1,7247,success,0
1547512,Unknown,34,-1,7248,success,1
1547709,Unknown,41,-1,7249,success,0
1547906,Unknown,16,-1,7250,success,0
1548103,Unknown,34,-1,7251,success,0
1548301,Unknown,30,-1,7252,success,0
1548498,Unknown,11,-1,7253,success,0
1548695,Unknown,46,-1,7254,success,0
1548891,Unknown,37,-1,7255,success,0
1549106,Unknown,16,-1,7256,success,0
1549304,Unknown,42,-1,7257,success,0
1549537,Unknown,49,-1,7258,success,0
1549733,Unknown,17,-1,7259,success,0
1549930,Unknown,33,-1,7260,success,0
1550146,Unknown,44,-1,7261,success,0
1550362,Unknown,42,-1,7262,success,0
1550559,Unknown,36,-1,7263,success,0
1550792,Unknown,5,-1,7264,success,0
1550990,Unknown,43,-1,7265,success,1
1551186,Unknown,43,-1,7266,success,0
1551402,Unknown,7,-1,7267,success,0
1551616,Unknown,33,-1,7268,success,0
1551921,Unknown,45,-1,7269,success,0
1552137,Unknown,20,-1,7270,success,1
1552334,Unknown,18,-1,7271,success,1
1552531,Unknown,47,-1,7272,success,0
1552728,Unknown,11,-1,7273,success,1
1552942,Unknown,10,-1,7274,success,0
1553195,Unknown,11,-1,7275,success,0
1553428,Unknown,29,-1,7276,success,0
1553662,Unknown,7,-1,7277,success,0
1553877,Unknown,0,-1,7278,success,1
1554074,Unknown,29,-1,7279,success,0
1554271,Unknown,15,-1,7280,success,1
1554486,Unknown,29,-1,7281,success,0
1554683,Unknown,5,-1,7282,success,1
1554880,Unknown,31,-1,7283,success,0
1555117,Unknown,48,-1,7284,success,1
1555332,Unknown,20,-1,7285,success,1
1555530,Unknown,14,-1,7286,success,1
1555727,Unknown,1,-1,7287,success,0
1555924,Unknown,8,-1,7288,success,1
1556157,Unknown,37,-1,7289,success,1
1556409,Unknown,28,-1,7290,success,1
1556605,Unknown,19,-1,7291,success,0
1556801,Unknown,24,-1,7292,success,0
1556998,Unknown,14,-1,7293,success,0
1557268,Unknown,44,-1,7294,success,1
1557466,Unknown,18,-1,7295,success,1
1557662,Unknown,0,-1,7296,success,0
1557949,Unknown,15,-1,7297,success,1
1558146,Unknown,48,-1,7298,success,0
1558343,Unknown,17,-1,7299,success,1
1558541,Unknown,9,-1,7300,success,1
1558738,Unknown,25,-1,7301,success,1
1558953,Unknown,17,-1,7302,success,1
1559149,Unknown,46,-1,7303,success,0
1559346,Unknown,12,-1,7304,success,1
1559651,Unknown,35,-1,7305,success,1
1559884,Unknown,2,-1,7306,success,0
1560117,Unknown,33,-1,7307,success,1
1560313,Unknown,17,-1,7308,success,0
1560546,Unknown,44,-1,7309,success,0
1560780,Unknown,49,-1,7310,success,1
1560995,Unknown,30,-1,7311,success,0
1561192,Unknown,23,-1,7312,success,1
1561389,Unknown,41,-1,7313,success,1
1561604,Unknown,21,-1,7314,success,0
1561801,Unknown,31,-1,7315,success,1
1562017,Unknown,5,-1,7316,success,0
1562232,Unknown,27,-1,7317,success,0
1562447,Unknown,18,-1,7318,success,1
1562698,Unknown,33,-1,7319,success,1
1562913,Unknown,20,-1,7320,success,0
1563128,Unknown,30,-1,7321,success,1
1563363,Unknown,18,-1,7322,success,1
1563560,Unknown,8,-1,7323,success,0
1563776,Unknown,3,-1,7324,success,1
1563991,Unknown,22,-1,7325,success,1
1564187,Unknown,47,-1,7326,success,0
1564440,Unknown,0,-1,7327,success,1
1564637,Unknown,11,-1,7328,success,1
1564872,Unknown,45,-1,7329,success,1
1565105,Unknown,5,-1,7330,success,1
1565302,Unknown,33,-1,7331,success,1
1565572,Unknown,13,-1,7332,success,0
1565805,Unknown,28,-1,7333,success,1
1566019,Unknown,38,-1,7334,success,1
1566254,Unknown,40,-1,7335,success,0
1566450,Unknown,37,-1,7336,success,0
1566647,Unknown,4,-1,7337,success,0
1566844,Unknown,1,-1,7338,success,0
1567098,Unknown,39,-1,7339,success,1
1567295,Unknown,14,-1,7340,success,0
1567491,Unknown,30,-1,7341,success,0
1567725,Unknown,8,-1,7342,success,1
1567940,Unknown,25,-1,7343,success,0
1568192,Unknown,28,-1,7344,success,1
1568424,Unknown,15,-1,7345,success,1
1568639,Unknown,25,-1,7346,success,0
1568854,Unknown,42,-1,7347,success,0
1569051,Unknown,45,-1,7348,success,1
1569248,Unknown,31,-1,7349,success,1
1569482,Unknown,21,-1,7350,success,1
1569697,Unknown,18,-1,7351,success,0
1569930,Unknown,16,-1,7352,success,0
1570127,Unknown,28,-1,7353,success,1
1570414,Unknown,45,-1,7354,success,1
1570611,Unknown,45,-1,7355,success,0
1570808,Unknown,5,-1,7356,success,1
1571005,Unknown,26,-1,7357,success,1
1571257,Unknown,41,-1,7358,success,1
1571476,Unknown,24,-1,7359,success,1
1571676,Unknown,22,-1,7360,success,1
1571873,Unknown,49,-1,7361,success,0
1572070,Unknown,30,-1,7362,success,0
1572268,Unknown,11,-1,7363,success,0
1572538,Unknown,6,-1,7364,success,1
1572736,Unknown,33,-1,7365,success,0
1572933,Unknown,18,-1,7366,success,0
1573147,Unknown,26,-1,7367,success,1
1573344,Unknown,8,-1,7368,success,0
1573541,Unknown,4,-1,7369,success,0
1573756,Unknown,10,-1,7370,success,0
1573970,Unknown,7,-1,7371,success,1
1574168,Unknown,46,-1,7372,success,0
1574365,Unknown,30,-1,7373,success,1
1574580,Unknown,13,-1,7374,success,1
1574779,Unknown,47,-1,7375,success,0
1575015,Unknown,37,-1,7376,success,0
1575233,Unknown,40,-1,7377,success,0
1575430,Unknown,41,-1,7378,success,0
1575628,Unknown,26,-1,7379,success,1
1575879,Unknown,48,-1,7380,success,1
1576118,Unknown,19,-1,7381,success,0
1576316,Unknown,42,-1,7382,success,1
1576514,Unknown,19,-1,7383,success,0
1576713,Unknown,24,-1,7384,success,0
1576910,Unknown,33,-1,7385,success,1
1577106,Unknown,9,-1,7386,success,0
1577303,Unknown,37,-1,7387,success,1
1577500,Unknown,11,-1,7388,success,1
1577697,Unknown,10,-1,7389,success,0
1577894,Unknown,18,-1,7390,success,1
1578108,Unknown,4,-1,7391,success,0
1578305,Unknown,15,-1,7392,success,0
1578559,Unknown,2,-1,7393,success,0
1578756,Unknown,31,-1,7394,success,0
1578989,Unknown,7,-1,7395,success,0
1579189,Unknown,46,-1,7396,success,0
1579387,Unknown,36,-1,7397,success,1
1579584,Unknown,37,-1,7398,success,1
1579854,Unknown,39,-1,7399,success,0
1580052,Unknown,25,-1,7400,success,0
1580268,Unknown,14,-1,7401,success,1
1580465,Unknown,42,-1,7402,success,1
1580698,Unknown,41,-1,7403,success,1
1580973,Unknown,33,-1,7404,success,0
1581170,Unknown,33,-1,7405,success,0
1581385,Unknown,28,-1,7406,success,1
1581600,Unknown,12,-1,7407,success,1
1581796,Unknown,1,-1,7408,success,0
1582030,Unknown,37,-1,7409,success,1
1582227,Unknown,48,-1,7410,success,0
1582460,Unknown,0,-1,7411,success,1
1582675,Unknown,21,-1,7412,success,0
1582872,Unknown,12,-1,7413,success,1
1583164,Unknown,17,-1,7414,success,1
1583382,Unknown,25,-1,7415,success,0
1583581,Unknown,14,-1,7416,success,1
1583796,Unknown,32,-1,7417,success,0
1584030,Unknown,5,-1,7418,success,0
1584245,Unknown,35,-1,7419,success,1
1584446,Unknown,36,-1,7420,success,1
1584661,Unknown,2,-1,7421,success,0
1584914,Unknown,1,-1,7422,success,0
1585110,Unknown,20,-1,7423,success,0
1585325,Unknown,4,-1,7424,success,0
1585522,Unknown,9,-1,7425,success,0
1585719,Unknown,5,-1,7426,success,0
1585917,Unknown,38,-1,7427,success,0
1586114,Unknown,33,-1,7428,success,0
1586310,Unknown,19,-1,7429,success,0
1586507,Unknown,22,-1,7430,success,0
1586703,Unknown,24,-1,7431,success,0
1586994,Unknown,23,-1,7432,success,0
1587229,Unknown,7,-1,7433,success,1
1587498,Unknown,16,-1,7434,success,0
1587731,Unknown,43,-1,7435,success,0
1587929,Unknown,36,-1,7436,success,1
1588126,Unknown,32,-1,7437,success,0
1588325,Unknown,21,-1,7438,success,1
1588523,Unknown,0,-1,7439,success,0
1588720,Unknown,34,-1,7440,success,0
1588916,Unknown,8,-1,7441,success,0
1589114,Unknown,14,-1,7442,success,1
1589329,Unknown,27,-1,7443,success,1
1589526,Unknown,29,-1,7444,success,1
1589741,Unknown,4,-1,7445,success,1
1589937,Unknown,31,-1,7446,success,0
1590134,Unknown,1,-1,7447,success,0
1590331,Unknown,14,-1,7448,success,0
1590602,Unknown,40,-1,7449,success,1
1590799,Unknown,16,-1,7450,success,0
1590998,Unknown,14,-1,7451,success,0
1591235,Unknown,13,-1,7452,success,1
1591468,Unknown,27,-1,7453,success,0
1591665,Unknown,21,-1,7454,success,0
1591865,Unknown,10,-1,7455,success,1
1592061,Unknown,37,-1,7456,success,0
1592258,Unknown,7,-1,7457,success,1
1592454,Unknown,2,-1,7458,success,0
1592668,Unknown,28,-1,7459,success,0
1592865,Unknown,17,-1,7460,success,1
1593079,Unknown,10,-1,7461,success,1
1593294,Unknown,5,-1,7462,success,1
1593528,Unknown,41,-1,7463,success,0
1593725,Unknown,11,-1,7464,success,1
1593958,Unknown,19,-1,7465,success,1
1594155,Unknown,28,-1,7466,success,0
1594352,Unknown,28,-1,7467,success,0
1594550,Unknown,17,-1,7468,success,0
1594855,Unknown,39,-1,7469,success,1
1595054,Unknown,46,-1,7470,success,0
1595270,Unknown,45,-1,7471,success,1
1595467,Unknown,46,-1,7472,success,0
1595664,Unknown,21,-1,7473,success,0
1595861,Unknown,44,-1,7474,success,1
1596058,Unknown,37,-1,7475,success,0
1596255,Unknown,48,-1,7476,success,0
1596453,Unknown,19,-1,7477,success,1
1596667,Unknown,40,-1,7478,success,0
1596882,Unknown,30,-1,7479,success,0
1597079,Unknown,6,-1,7480,success,1
1597311,Unknown,39,-1,7481,success,1
1597508,Unknown,18,-1,7482,success,0
1597723,Unknown,48,-1,7483,success,0
1597975,Unknown,20,-1,7484,success,1
1598211,Unknown,41,-1,7485,success,0
1598407,Unknown,19,-1,7486,success,0
1598605,Unknown,16,-1,7487,success,1
1598820,Unknown,24,-1,7488,success,0
1599074,Unknown,40,-1,7489,success,0
1599397,Unknown,2,-1,7490,success,1
1599596,Unknown,21,-1,7491,success,1
1599793,Unknown,47,-1,7492,success,0
1599991,Unknown,14,-1,7493,success,0
1600189,Unknown,38,-1,7494,success,1
1600423,Unknown,5,-1,7495,success,0
1600621,Unknown,6,-1,7496,success,1
1600820,Unknown,34,-1,7497,success,0
1601017,Unknown,40,-1,7498,success,0
1601214,Unknown,32,-1,7499,success,0
1601447,Unknown,29,-1,7500,success,1
1601755,Unknown,44,-1,7501,success,0
1601977,Unknown,27,-1,7502,success,1
1602192,Unknown,32,-1,7503,success,0
1602390,Unknown,9,-1,7504,success,1
1602587,Unknown,38,-1,7505,success,1
1602784,Unknown,39,-1,7506,success,1
1602981,Unknown,30,-1,7507,success,1
1603233,Unknown,46,-1,7508,success,0
1603484,Unknown,16,-1,7509,success,0
1603681,Unknown,11,-1,7510,success,1
1603896,Unknown,48,-1,7511,success,0
1604203,Unknown,40,-1,7512,success,0
1604420,Unknown,26,-1,7513,success,1
1604617,Unknown,7,-1,7514,success,1
1604814,Unknown,22,-1,7515,success,1
1605010,Unknown,26,-1,7516,success,0
1605208,Unknown,5,-1,7517,success,1
1605405,Unknown,12,-1,7518,success,0
1605601,Unknown,1,-1,7519,success,0
1605855,Unknown,38,-1,7520,success,0
1606054,Unknown,43,-1,7521,success,0
1606270,Unknown,38,-1,7522,success,0
1606486,Unknown,32,-1,7523,success,1
1606683,Unknown,13,-1,7524,success,1
1606880,Unknown,14,-1,7525,success,0
1607078,Unknown,7,-1,7526,success,0
1607275,Unknown,21,-1,7527,success,1
1607494,Unknown,19,-1,7528,success,0
1607693,Unknown,8,-1,7529,success,1
1607890,Unknown,10,-1,7530,success,1
1608087,Unknown,42,-1,7531,success,0
1608303,Unknown,44,-1,7532,success,0
1608501,Unknown,17,-1,7533,success,1
1608735,Unknown,43,-1,7534,success,1
1608932,Unknown,25,-1,7535,success,0
1609147,Unknown,44,-1,7536,success,0
1609344,Unknown,13,-1,7537,success,0
1609559,Unknown,38,-1,7538,success,0
1609755,Unknown,2,-1,7539,success,0
1609971,Unknown,1,-1,7540,success,1
1610247,Unknown,45,-1,7541,success,1
1610444,Unknown,45,-1,7542,success,0
1610642,Unknown,16,-1,7543,success,1
1610839,Unknown,33,-1,7544,success,1
1611036,Unknown,8,-1,7545,success,1
1611256,Unknown,42,-1,7546,success,0
1611454,Unknown,32,-1,7547,success,0
1611650,Unknown,32,-1,7548,success,0
1611885,Unknown,15,-1,7549,success,1
1612082,Unknown,38,-1,7550,success,0
1612280,Unknown,35,-1,7551,success,0
1612477,Unknown,36,-1,7552,success,0
1612692,Unknown,0,-1,7553,success,0
1612908,Unknown,41,-1,7554,success,0
1613104,Unknown,41,-1,7555,success,0
1613320,Unknown,5,-1,7556,success,0
1613535,Unknown,42,-1,7557,success,0
1613787,Unknown,44,-1,7558,success,1
1613984,Unknown,13,-1,7559,success,0
1614181,Unknown,7,-1,7560,success,1
1614380,Unknown,42,-1,7561,success,1
1614615,Unknown,15,-1,7562,success,1
1614812,Unknown,9,-1,7563,success,0
1615028,Unknown,2,-1,7564,success,1
1615243,Unknown,42,-1,7565,success,0
1615440,Unknown,28,-1,7566,success,0
1615637,Unknown,3,-1,7567,success,1
1615873,Unknown,33,-1,7568,success,1
1616070,Unknown,5,-1,7569,success,0
1616267,Unknown,7,-1,7570,success,0
1616464,Unknown,20,-1,7571,success,1
1616661,Unknown,14,-1,7572,success,0
1616895,Unknown,27,-1,7573,success,0
1617092,Unknown,17,-1,7574,success,1
1617289,Unknown,22,-1,7575,success,0
1617590,Unknown,26,-1,7576,success,1
1617789,Unknown,12,-1,7577,success,1
1618004,Unknown,13,-1,7578,success,1
1618201,Unknown,41,-1,7579,success,0
1618400,Unknown,9,-1,7580,success,0
1618617,Unknown,34,-1,7581,success,0
1618834,Unknown,26,-1,7582,success,0
1619074,Unknown,28,-1,7583,success,1
1619290,Unknown,46,-1,7584,success,0
1619487,Unknown,9,-1,7585,success,1
1619686,Unknown,2,-1,7586,success,0
1619885,Unknown,4,-1,7587,success,0
1620102,Unknown,41,-1,7588,success,0
1620316,Unknown,39,-1,7589,success,1
1620513,Unknown,23,-1,7590,success,0
1620710,Unknown,30,-1,7591,success,0
1620910,Unknown,18,-1,7592,success,1
1621125,Unknown,29,-1,7593,success,0
1621340,Unknown,35,-1,7594,success,1
1621574,Unknown,10,-1,7595,success,1
1621773,Unknown,18,-1,7596,success,0
1621970,Unknown,46,-1,7597,success,0
1622170,Unknown,1,-1,7598,success,0
1622367,Unknown,10,-1,7599,success,0
1622600,Unknown,40,-1,7600,success,1
1622796,Unknown,8,-1,7601,success,0
1623012,Unknown,15,-1,7602,success,1
1623248,Unknown,19,-1,7603,success,1
1623482,Unknown,5,-1,7604,success,0
1623697,Unknown,13,-1,7605,success,0
1623932,Unknown,27,-1,7606,success,1
1624129,Unknown,32,-1,7607,success,0
1624327,Unknown,21,-1,7608,success,1
1624526,Unknown,5,-1,7609,success,0
1624783,Unknown,21,-1,7610,success,1
1624982,Unknown,22,-1,7611,success,0
1625179,Unknown,49,-1,7612,success,1
1625376,Unknown,21,-1,7613,success,0
1625573,Unknown,39,-1,7614,success,0
1625770,Unknown,15,-1,7615,success,0
1625985,Unknown,49,-1,7616,success,0
1626184,Unknown,2,-1,7617,success,0
1626400,Unknown,21,-1,7618,success,0
1626615,Unknown,12,-1,7619,success,1
1626813,Unknown,40,-1,7620,success,1
1627009,Unknown,43,-1,7621,success,0
1627226,Unknown,28,-1,7622,success,1
1627444,Unknown,47,-1,7623,success,1
1627641,Unknown,18,-1,7624,success,0
1627838,Unknown,33,-1,7625,success,0
1628076,Unknown,27,-1,7626,success,1
1628272,Unknown,9,-1,7627,success,0
1628469,Unknown,16,-1,7628,success,1
1628666,Unknown,10,-1,7629,success,1
1628863,Unknown,5,-1,7630,success,0
1629061,Unknown,48,-1,7631,success,0
1629259,Unknown,21,-1,7632,success,0
1629456,Unknown,34,-1,7633,success,0
1629689,Unknown,40,-1,7634,success,1
1629904,Unknown,22,-1,7635,success,1
1630119,Unknown,2,-1,7636,success,0
1630317,Unknown,18,-1,7637,success,0
1630513,Unknown,31,-1,7638,success,0
1630710,Unknown,48,-1,7639,success,0
1630908,Unknown,6,-1,7640,success,0
1631143,Unknown,44,-1,7641,success,0
1631358,Unknown,10,-1,7642,success,0
1631555,Unknown,35,-1,7643,success,0
1631752,Unknown,19,-1,7644,success,0
1631986,Unknown,39,-1,7645,success,0
1632202,Unknown,2,-1,7646,success,0
1632399,Unknown,16,-1,7647,success,1
1632614,Unknown,0,-1,7648,success,1
1632811,Unknown,18,-1,7649,success,1
1633008,Unknown,22,-1,7650,success,1
1633223,Unknown,6,-1,7651,success,0
1633419,Unknown,16,-1,7652,success,0
1633652,Unknown,42,-1,7653,success,0
1633869,Unknown,45,-1,7654,success,0
1634066,Unknown,5,-1,7655,success,0
1634354,Unknown,31,-1,7656,success,1
1634551,Unknown,4,-1,7657,success,1
1634750,Unknown,47,-1,7658,success,0
1634983,Unknown,0,-1,7659,success,1
1635234,Unknown,9,-1,7660,success,0
1635431,Unknown,21,-1,7661,success,0
1635646,Unknown,39,-1,7662,success,0
1635899,Unknown,33,-1,7663,success,1
1636133,Unknown,35,-1,7664,success,1
1636330,Unknown,31,-1,7665,success,0
1636527,Unknown,36,-1,7666,success,1
1636743,Unknown,38,-1,7667,success,1
1636958,Unknown,19,-1,7668,success,0
1637156,Unknown,31,-1,7669,success,0
1637371,Unknown,26,-1,7670,success,1
1637642,Unknown,32,-1,7671,success,1
1637966,Unknown,14,-1,7672,success,1
1638182,Unknown,32,-1,7673,success,0
1638381,Unknown,16,-1,7674,success,0
1638596,Unknown,38,-1,7675,success,1
1638793,Unknown,38,-1,7676,success,0
1639008,Unknown,15,-1,7677,success,1
1639226,Unknown,1,-1,7678,success,0
1639423,Unknown,39,-1,7679,success,1
1639638,Unknown,36,-1,7680,success,1
1639835,Unknown,13,-1,7681,success,1
1640032,Unknown,0,-1,7682,success,1
1640247,Unknown,18,-1,7683,success,0
1640464,Unknown,26,-1,7684,success,1
1640679,Unknown,13,-1,7685,success,0
1640893,Unknown,39,-1,7686,success,1
1641108,Unknown,21,-1,7687,success,1
1641306,Unknown,26,-1,7688,success,0
1641507,Unknown,33,-1,7689,success,1
1641705,Unknown,0,-1,7690,success,1
1641920,Unknown,20,-1,7691,success,1
1642137,Unknown,4,-1,7692,success,0
1642351,Unknown,40,-1,7693,success,1
1642566,Unknown,17,-1,7694,success,1
1642781,Unknown,39,-1,7695,success,0
1642996,Unknown,5,-1,7696,success,0
1643211,Unknown,20,-1,7697,success,0
1643408,Unknown,14,-1,7698,success,0
1643698,Unknown,20,-1,7699,success,0
1643895,Unknown,3,-1,7700,success,1
1644093,Unknown,37,-1,7701,success,0
1644290,Unknown,30,-1,7702,success,1
1644504,Unknown,26,-1,7703,success,0
1644702,Unknown,9,-1,7704,success,1
1644898,Unknown,27,-1,7705,success,0
1645113,Unknown,6,-1,7706,success,1
1645310,Unknown,12,-1,7707,success,0
1645507,Unknown,41,-1,7708,success,0
1645704,Unknown,29,-1,7709,success,1
1645938,Unknown,23,-1,7710,success,0
1646135,Unknown,45,-1,7711,success,1
1646332,Unknown,2,-1,7712,success,0
1646547,Unknown,49,-1,7713,success,0
1646744,Unknown,0,-1,7714,success,1
1646996,Unknown,20,-1,7715,success,0
1647193,Unknown,27,-1,7716,success,0
1647429,Unknown,18,-1,7717,success,0
1647627,Unknown,33,-1,7718,success,0
1647824,Unknown,27,-1,7719,success,0
1648039,Unknown,47,-1,7720,success,0
1648236,Unknown,36,-1,7721,success,0
1648433,Unknown,39,-1,7722,success,0
1648648,Unknown,13,-1,7723,success,1
1648917,Unknown,14,-1,7724,success,1
1649168,Unknown,34,-1,7725,success,1
1649383,Unknown,36,-1,7726,success,0
1649580,Unknown,47,-1,7727,success,1
1649795,Unknown,39,-1,7728,success,0
1649992,Unknown,7,-1,7729,success,1
1650206,Unknown,48,-1,7730,success,1
1650403,Unknown,34,-1,7731,success,0
1650620,Unknown,42,-1,7732,success,1
1650873,Unknown,15,-1,7733,success,1
1651070,Unknown,17,-1,7734,success,1
1651268,Unknown,48,-1,7735,success,0
1651501,Unknown,23,-1,7736,success,1
1651698,Unknown,0,-1,7737,success,1
1651914,Unknown,46,-1,7738,success,0
1652149,Unknown,20,-1,7739,success,0
1652364,Unknown,22,-1,7740,success,0
1652562,Unknown,33,-1,7741,success,0
1652779,Unknown,34,-1,7742,success,1
1652976,Unknown,10,-1,7743,success,0
1653173,Unknown,45,-1,7744,success,1
1653410,Unknown,28,-1,7745,success,0
1653629,Unknown,47,-1,7746,success,0
1653826,Unknown,44,-1,7747,success,1
1654045,Unknown,12,-1,7748,success,0
1654245,Unknown,14,-1,7749,success,1
1654442,Unknown,13,-1,7750,success,1
1654657,Unknown,41,-1,7751,success,1
1654855,Unknown,37,-1,7752,success,1
1655055,Unknown,1,-1,7753,success,0
1655254,Unknown,18,-1,7754,success,0
1655506,Unknown,15,-1,7755,success,0
1655703,Unknown,34,-1,7756,success,0
1655937,Unknown,12,-1,7757,success,1
1656135,Unknown,38,-1,7758,success,0
1656370,Unknown,8,-1,7759,success,0
1656584,Unknown,32,-1,7760,success,0
1656782,Unknown,1,-1,7761,success,0
1656979,Unknown,26,-1,7762,success,1
1657176,Unknown,49,-1,7763,success,0
1657393,Unknown,45,-1,7764,success,1
1657647,Unknown,6,-1,7765,success,1
1657866,Unknown,30,-1,7766,success,1
1658063,Unknown,9,-1,7767,success,1
1658259,Unknown,9,-1,7768,success,0
1658492,Unknown,16,-1,7769,success,0
1658688,Unknown,24,-1,7770,success,0
1658885,Unknown,6,-1,7771,success,0
1659102,Unknown,31,-1,7772,success,0
1659335,Unknown,20,-1,7773,success,0
1659569,Unknown,27,-1,7774,success,0
1659786,Unknown,31,-1,7775,success,0
1660021,Unknown,11,-1,7776,success,1
1660219,Unknown,24,-1,7777,success,0
1660416,Unknown,33,-1,7778,success,0
1660615,Unknown,45,-1,7779,success,0
1660812,Unknown,13,-1,7780,success,0
1661027,Unknown,9,-1,7781,success,0
1661319,Unknown,11,-1,7782,success,1
1661516,Unknown,33,-1,7783,success,0
1661713,Unknown,9,-1,7784,success,1
1661932,Unknown,7,-1,7785,success,1
1662130,Unknown,37,-1,7786,success,1
1662327,Unknown,30,-1,7787,success,1
1662524,Unknown,21,-1,7788,success,0
1662721,Unknown,45,-1,7789,success,1
1662917,Unknown,34,-1,7790,success,0
1663113,Unknown,2,-1,7791,success,0
1663328,Unknown,47,-1,7792,success,0
1663542,Unknown,13,-1,7793,success,1
1663738,Unknown,22,-1,7794,success,0
1663935,Unknown,17,-1,7795,success,0
1664151,Unknown,3,-1,7796,success,1
1664366,Unknown,43,-1,7797,success,0
1664601,Unknown,15,-1,7798,success,1
1664853,Unknown,35,-1,7799,success,1
1665050,Unknown,7,-1,7800,success,1
1665247,Unknown,20,-1,7801,success,1
1665483,Unknown,27,-1,7802,success,1
1665681,Unknown,20,-1,7803,success,0
1665878,Unknown,8,-1,7804,success,0
1666093,Unknown,4,-1,7805,success,1
1666290,Unknown,3,-1,7806,success,0
1666487,Unknown,20,-1,7807,success,0
