timestamp,uav_id,x,y,z,vx,vy,vz,speed
0.0,0,39.9816,181.7161,41.3146,0.0,0.0,0.0,0.0
0.0,1,1.4725,139.9414,44.808,0.0,0.0,0.0,0.0
0.0,2,157.3849,53.174,7.0125,0.0,0.0,0.0,0.0
0.0,3,132.9702,193.8353,27.7018,0.0,0.0,0.0,0.0
0.0,4,141.0331,155.7502,5.4288,0.0,0.0,0.0,0.0
0.0,5,156.1458,143.378,33.612,0.0,0.0,0.0,0.0
0.0,6,91.7832,89.8723,14.0617,0.0,0.0,0.0,0.0
0.0,7,113.7482,54.4483,32.9711,0.0,0.0,0.0,0.0
0.0,8,27.9594,19.2782,36.3497,0.0,0.0,0.0,0.0
0.0,9,22.906,180.5205,38.4324,0.0,0.0,0.0,0.0
0.0,10,133.6806,91.1553,5.387,0.0,0.0,0.0,0.0
0.0,11,94.2192,40.4727,45.8006,0.0,0.0,0.0,0.0
0.0,12,113.0472,61.1913,11.5107,0.0,0.0,0.0,0.0
0.0,13,152.9998,115.8439,1.8706,0.0,0.0,0.0,0.0
0.0,14,126.9437,35.3546,27.7426,0.0,0.0,0.0,0.0
0.0,15,110.7159,171.3229,18.5461,0.0,0.0,0.0,0.0
0.0,16,111.8414,151.7039,41.4895,0.0,0.0,0.0,0.0
0.0,17,60.79,143.8926,40.4126,0.0,0.0,0.0,0.0
0.0,18,6.1636,86.4186,15.8569,0.0,0.0,0.0,0.0
0.0,19,87.3435,125.4618,47.645,0.0,0.0,0.0,0.0
0.0,20,42.9169,116.8196,14.5459,0.0,0.0,0.0,0.0
0.0,21,81.7057,129.9693,25.7529,0.0,0.0,0.0,0.0
0.0,22,170.6806,16.8889,12.7983,0.0,0.0,0.0,0.0
0.0,23,46.7879,83.1615,46.8022,0.0,0.0,0.0,0.0
0.0,24,11.6605,8.3228,8.2304,0.0,0.0,0.0,0.0
0.0,25,56.2768,98.7982,2.2455,0.0,0.0,0.0,0.0
0.0,26,58.7188,65.9722,21.7549,0.0,0.0,0.0,0.0
0.0,27,132.3833,28.9048,49.6188,0.0,0.0,0.0,0.0
0.0,28,111.4064,20.6806,44.5839,0.0,0.0,0.0,0.0
0.0,29,156.7796,117.5289,37.4304,0.0,0.0,0.0,0.0
0.0,30,132.8627,34.1186,44.5396,0.0,0.0,0.0,0.0
0.0,31,81.2774,185.024,44.6723,0.0,0.0,0.0,0.0
0.0,32,162.8041,116.2122,25.9429,0.0,0.0,0.0,0.0
0.0,33,33.3946,69.374,15.7965,0.0,0.0,0.0,0.0
0.0,34,4.5424,118.1831,38.6006,0.0,0.0,0.0,0.0
0.0,35,18.0096,4.5608,33.0831,0.0,0.0,0.0,0.0
0.0,36,144.4719,191.7118,18.6829,0.0,0.0,0.0,0.0
0.0,37,92.3754,96.4607,4.7233,0.0,0.0,0.0,0.0
0.0,38,32.2544,156.547,37.3395,0.0,0.0,0.0,0.0
0.0,39,100.209,16.546,13.123,0.0,0.0,0.0,0.0
0.0,40,30.4624,97.3317,46.8407,0.0,0.0,0.0,0.0
0.0,41,139.2641,98.1414,12.0485,0.0,0.0,0.0,0.0
0.0,42,89.2313,187.5653,6.1379,0.0,0.0,0.0,0.0
0.0,43,76.2042,114.3456,41.5556,0.0,0.0,0.0,0.0
0.0,44,60.3024,94.6979,7.6642,0.0,0.0,0.0,0.0
0.0,45,126.0565,53.3951,8.9634,0.0,0.0,0.0,0.0
0.0,46,72.3625,66.3138,29.9691,0.0,0.0,0.0,0.0
0.0,47,17.53,104.1345,43.7281,0.0,0.0,0.0,0.0
0.0,48,23.6012,87.7823,9.8217,0.0,0.0,0.0,0.0
0.0,49,192.3795,4.3224,15.5162,0.0,0.0,0.0,0.0
0.1,0,40.4592,179.1237,42.3217,4.776,-25.924,10.0712,28.2187
0.1,1,2.0901,140.6381,43.2481,6.177,6.9668,-15.5989,18.1664
0.1,2,154.4499,52.4972,7.6357,-29.3497,-6.7675,6.2326,30.7579
0.1,3,130.455,193.6099,28.2866,-25.1521,-2.2537,5.8475,25.921
0.1,4,141.5198,155.1432,5.3453,4.8676,-6.0701,-0.8346,7.8253
0.1,5,152.8205,144.1697,33.8554,-33.2526,7.9171,2.4344,34.2687
0.1,6,90.3721,91.1149,16.114,-14.1108,12.4262,20.5236,27.8342
0.1,7,112.6703,53.1526,35.2795,-10.7793,-12.9574,23.0833,28.5819
0.1,8,27.8681,20.1575,36.3279,-0.9129,8.7935,-0.218,8.8434
0.1,9,24.0307,181.8759,39.0022,11.2466,13.5546,5.6979,18.5116
0.1,10,133.3383,91.2031,6.962,-3.4229,0.4789,15.7492,16.1239
0.1,11,93.1748,41.0737,42.7496,-10.4441,6.0104,-30.5095,32.8029
0.1,12,113.1428,62.0606,9.2418,0.9558,8.6928,-22.6889,24.316
0.1,13,152.4562,116.4412,0.9857,-5.4356,5.9728,28.5631,29.6828
0.1,14,125.8686,36.5527,28.6136,-10.7506,11.9812,8.7094,18.3024
0.1,15,110.1809,172.3333,18.2472,-5.3495,10.1042,-2.9888,11.8172
0.1,16,110.8178,152.6717,43.1318,-10.2368,9.6781,16.4233,21.6375
0.1,17,60.5567,143.3465,40.7669,-2.3328,-5.4605,3.5428,6.9145
0.1,18,5.4132,88.892,14.368,-7.5032,24.7338,-14.8898,29.8289
0.1,19,88.0568,125.2243,49.9189,7.1329,-2.3744,22.7395,23.9499
0.1,20,44.5457,115.8748,16.5833,16.2881,-9.4475,20.3739,27.7426
0.1,21,80.5396,130.1099,24.7208,-11.6615,1.4055,-10.3204,15.6358
0.1,22,169.2123,19.6261,11.3862,-14.6833,27.3726,-14.1201,34.1209
0.1,23,44.1992,82.5754,45.052,-25.8875,-5.8608,-17.5022,31.7936
0.1,24,12.4425,7.2258,5.7358,7.8195,-10.97,-24.9464,28.3515
0.1,25,55.9979,98.4009,1.2764,-2.7886,-3.9724,-9.6918,10.8392
0.1,26,58.8457,65.6154,23.6169,1.2693,-3.5683,18.6204,19.0016
0.1,27,131.7769,28.7784,49.4964,-6.0639,-1.2646,-1.224,6.3141
0.1,28,110.8032,20.0142,44.2388,-6.0322,-6.6644,-3.451,9.6287
0.1,29,156.3252,119.388,39.1143,-4.5443,18.5907,16.8389,25.4915
0.1,30,132.6071,31.4343,44.9927,-2.5556,-26.8434,4.5311,27.3429
0.1,31,81.4771,185.672,48.0066,1.9976,6.4796,33.3428,34.0253
0.1,32,162.4843,115.3275,27.0822,-3.1977,-8.8468,11.3931,14.7748
0.1,33,34.4251,68.1396,15.6921,10.3056,-12.3434,-1.0436,16.1138
0.1,34,5.7345,119.4867,37.8777,11.9212,13.0357,-7.2288,19.0867
0.1,35,17.9758,4.5312,34.1505,-0.3376,-0.2953,10.6747,10.6841
0.1,36,145.0419,192.0998,19.2452,5.7008,3.8793,5.6232,8.8976
0.1,37,92.3307,96.1698,6.6278,-0.4473,-2.909,19.0451,19.2711
0.1,38,32.6247,156.7645,36.2396,3.703,2.1741,-10.9988,11.8073
0.1,39,101.2537,16.1012,15.3609,10.4477,-4.448,22.3784,25.0944
0.1,40,31.5322,98.5827,47.5968,10.6976,12.5107,7.5618,18.1146
0.1,41,140.3473,97.8551,9.2677,10.8327,-2.8628,-27.8079,29.9803
0.1,42,90.0175,185.1906,6.8498,7.862,-23.747,7.1192,26.008
0.1,43,75.2075,113.6802,42.3488,-9.9673,-6.6538,7.9313,14.371
0.1,44,60.326,94.5845,4.6697,0.2357,-1.1337,-29.9454,29.9678
0.1,45,126.8632,50.6259,8.5466,8.067,-27.6923,-4.1681,29.1429
0.1,46,73.18,66.0254,31.3877,8.1747,-2.8836,14.1855,16.6244
0.1,47,17.5068,105.2267,42.9098,-0.2322,10.9223,-8.1833,13.6498
0.1,48,21.4691,86.4278,9.4909,-21.3206,-13.5447,-3.3081,25.4749
0.1,49,193.1272,4.8309,15.3505,7.4769,5.0847,-1.6568,9.1926
0.2,0,40.3393,179.4783,39.5248,-1.1998,3.5459,-27.9693,28.2187
0.2,1,2.6538,140.321,44.9458,5.6362,-3.1708,16.9763,18.1664
0.2,2,154.9252,50.1113,9.5177,4.7529,-23.8597,18.8195,30.7579
0.2,3,131.4853,194.4687,26.0685,10.3036,8.5882,-22.1806,25.921
0.2,4,141.7422,155.139,4.5951,2.2234,-0.0414,-7.5027,7.8253
0.2,5,154.176,142.884,30.9826,13.5542,-12.8571,-28.7284,34.2687
0.2,6,90.3352,91.2855,18.892,-0.369,1.7059,27.7794,27.8342
0.2,7,114.1419,50.7306,34.9084,14.7159,-24.2198,-3.7105,28.5819
0.2,8,28.3035,20.5015,37.0165,4.3542,3.4401,6.8857,8.8434
0.2,9,25.7144,181.8665,39.7714,16.8374,-0.0947,7.6924,18.5116
0.2,10,132.5445,89.8476,7.3256,-7.938,-13.5552,3.6365,16.1239
0.2,11,92.3268,39.9046,39.8044,-8.4804,-11.6916,-29.452,32.8029
0.2,12,113.4887,62.2814,11.6385,3.4586,2.2084,23.9672,24.316
0.2,13,154.3782,114.9893,0.7489,19.2198,-14.5189,17.3457,29.6828
0.2,14,127.6148,36.8744,29.0577,17.4615,3.2173,4.4411,18.3024
0.2,15,110.236,173.2882,18.9412,0.5509,9.5493,6.9392,11.8172
0.2,16,112.0197,154.1821,44.1095,12.0195,15.104,9.7768,21.6375
0.2,17,60.5782,143.2201,41.4463,0.2148,-1.2649,6.7945,6.9145
0.2,18,5.8421,90.1627,11.7036,4.288,12.7076,-26.6439,29.8289
0.2,19,90.0834,123.9496,49.9818,20.2659,-12.7474,0.6284,23.9499
0.2,20,43.0742,113.672,15.7595,-14.7152,-22.0285,-8.2379,27.7426
0.2,21,82.058,130.4609,24.5941,15.1838,3.5106,-1.2675,15.6358
0.2,22,170.4598,19.6687,8.2107,12.4755,0.4258,-31.7556,34.1209
0.2,23,45.4314,82.99,42.1506,12.3222,4.1461,-29.0139,31.7936
0.2,24,10.7328,5.8837,3.9154,-17.0967,-13.4215,-18.2037,28.3515
0.2,25,56.2796,97.5607,0.6523,2.8169,-8.4027,-6.2408,10.8392
0.2,26,58.9787,67.4623,23.1902,1.3306,18.4684,-4.2671,19.0016
0.2,27,132.1239,28.297,49.7121,3.4702,-4.8138,2.1573,6.3141
0.2,28,111.6251,20.3231,44.634,8.2186,3.0898,3.9521,9.6287
0.2,29,157.097,117.0607,38.417,7.718,-23.273,-6.9725,25.4915
0.2,30,134.9646,30.2848,44.2199,23.5747,-11.4949,-7.7287,27.3429
0.2,31,81.7747,183.5434,45.3688,2.976,-21.2856,-26.3778,34.0253
0.2,32,162.0293,113.9814,27.4869,-4.5503,-13.4616,4.0465,14.7748
0.2,33,35.1353,66.9886,14.8161,7.1013,-11.5101,-8.7603,16.1138
0.2,34,5.9435,119.5405,35.9813,2.0893,0.5386,-18.9643,19.0867
0.2,35,18.2842,5.5177,33.8796,3.0834,9.8643,-2.709,10.6841
0.2,36,145.6693,192.7266,19.173,6.2738,6.2678,-0.7223,8.8976
0.2,37,91.0769,96.1341,5.1648,-12.5378,-0.357,-14.6306,19.2711
0.2,38,32.5899,155.6147,36.5061,-0.3477,-11.4974,2.6646,11.8073
0.2,39,99.5726,14.3107,15.8757,-16.8116,-17.9052,5.1484,25.0944
0.2,40,32.398,97.4087,48.6708,8.6581,-11.7405,10.7394,18.1146
0.2,41,141.8508,100.0737,10.6116,15.0341,22.1858,13.4383,29.9803
0.2,42,89.7948,182.8931,8.0482,-2.2269,-22.9747,11.9841,26.008
0.2,43,75.6293,114.8081,41.5644,4.218,11.2785,-7.8441,14.371
0.2,44,60.0846,96.4245,7.0227,-2.4137,18.4003,23.5303,29.9678
0.2,45,126.1454,47.8372,8.9948,-7.178,-27.8873,4.4816,29.1429
0.2,46,74.7914,65.824,31.0323,16.1145,-2.0147,-3.5542,16.6244
0.2,47,16.5442,104.4146,43.4361,-9.6256,-8.1215,5.2637,13.6498
0.2,48,23.6424,87.2026,8.411,21.7331,7.7474,-10.799,25.4749
0.2,49,192.4433,4.2178,15.3873,-6.8397,-6.1308,0.3678,9.1926
0.3,0,40.1049,176.6793,39.2533,-2.3435,-27.9898,-2.715,28.2187
0.3,1,3.2798,139.7789,43.3289,6.2601,-5.4217,-16.1689,18.1664
0.3,2,156.3813,49.3233,6.9255,14.5612,-7.8796,-25.9217,30.7579
0.3,3,130.7397,194.4517,28.551,-7.456,-0.1702,24.825,25.921
0.3,4,141.6337,155.1251,3.8202,-1.0852,-0.139,-7.7485,7.8253
0.3,5,154.8816,140.7063,28.4325,7.0562,-21.7771,-25.5012,34.2687
0.3,6,89.4644,93.3171,17.2003,-8.7082,20.3155,-16.9171,27.8342
0.3,7,115.6328,48.2936,34.8204,14.9089,-24.3696,-0.8801,28.5819
0.3,8,27.4522,20.5329,37.2537,-8.5135,0.3135,2.3722,8.8434
0.3,9,27.0961,183.0978,39.7324,13.8166,12.3138,-0.3902,18.5116
0.3,10,132.9232,90.0318,5.7692,3.7871,1.8423,-15.5642,16.1239
0.3,11,93.5686,38.0009,37.4392,12.4183,-19.0369,-23.652,32.8029
0.3,12,114.5668,62.6739,13.7824,10.7811,3.925,21.4389,24.316
0.3,13,153.863,117.6349,1.9923,-5.1521,26.4558,12.4345,29.6828
0.3,14,126.7912,38.2845,29.8842,-8.2356,14.1009,8.2655,18.3024
0.3,15,110.709,174.1883,19.5433,4.7298,9.0006,6.0219,11.8172
0.3,16,111.4466,155.5322,45.7002,-5.7314,13.5013,15.9075,21.6375
0.3,17,60.5725,143.0947,40.7663,-0.0576,-1.2539,-6.7996,6.9145
0.3,18,8.5553,90.4138,10.4898,27.132,2.5102,-12.1375,29.8289
0.3,19,91.1911,121.847,49.7216,11.0775,-21.0259,-2.9664,23.9499
0.3,20,44.5788,111.7707,14.4112,15.0462,-19.0126,-13.4828,27.7426
0.3,21,81.548,130.9887,25.9747,-5.0994,5.278,13.8064,15.6358
0.3,22,172.3993,22.4698,8.024,19.3949,28.0105,-1.8672,34.1209
0.3,23,43.7287,81.7391,44.5264,-17.0272,-12.5089,23.7579,31.7936
0.3,24,11.6612,6.7519,6.4496,9.2839,8.6823,25.3424,28.3515
0.3,25,55.5633,98.374,0.6686,-7.1631,8.1333,0.1632,10.8392
0.3,26,59.4934,67.3247,25.0141,5.1463,-1.3756,18.2397,19.0016
0.3,27,132.7316,28.2797,49.8828,6.0766,-0.1732,1.7067,6.3141
0.3,28,111.6855,19.8909,45.4923,0.6042,-4.3219,8.583,9.6287
0.3,29,156.2613,119.1348,37.1931,-8.3571,20.7407,-12.2391,25.4915
0.3,30,133.9209,27.7575,44.2097,-10.4374,-25.2722,-0.1016,27.3429
0.3,31,80.8384,180.2895,45.7041,-9.3635,-32.5393,3.3522,34.0253
0.3,32,161.6648,114.2914,26.089,-3.6451,3.0997,-13.9785,14.7748
0.3,33,34.1665,65.8041,14.3112,-9.6881,-11.8449,-5.0491,16.1138
0.3,34,6.4325,119.5735,37.826,4.89,0.3301,18.4467,19.0867
0.3,35,18.5333,6.4649,34.3065,2.4919,9.472,4.2688,10.6841
0.3,36,145.2043,192.6526,18.418,-4.6502,-0.7392,-7.5496,8.8976
0.3,37,91.9462,97.578,4.2303,8.6929,14.4391,-9.3446,19.2711
0.3,38,32.9269,156.1921,35.5329,3.3705,5.774,-9.732,11.8073
0.3,39,99.6735,14.1432,13.3739,1.0089,-1.6745,-25.0182,25.0944
0.3,40,32.8063,97.3808,49.5646,4.0829,-0.2792,-17.6462,18.1146
0.3,41,139.0734,99.0546,10.1259,-27.7738,-10.1907,-4.8566,29.9803
0.3,42,90.9307,181.0799,6.5698,11.3592,-18.1326,-14.7848,26.008
0.3,43,76.9957,114.7249,42.0019,13.6634,-0.8319,4.3754,14.371
0.3,44,60.128,96.478,4.0267,0.4336,0.5349,-29.9599,29.9678
0.3,45,124.0286,48.5509,7.1232,-21.1684,7.1369,-18.7156,29.1429
0.3,46,73.7487,66.6585,32.0222,-10.427,8.3458,9.8993,16.6244
0.3,47,17.6361,105.0153,43.993,10.9188,6.0071,5.569,13.6498
0.3,48,23.6473,87.0571,10.9543,0.0487,-1.4545,25.4333,25.4749
0.3,49,191.6618,4.5631,15.7266,-7.8143,3.453,3.3936,9.1926
0.4,0,37.4443,177.0579,38.3927,-26.6065,3.7857,-8.6057,28.2187
0.4,1,3.3218,139.1953,45.0488,0.4199,-5.835,17.1986,18.1664
0.4,2,158.5487,47.8168,8.5046,21.6737,-15.0647,15.791,30.7579
0.4,3,130.4174,192.721,26.6484,-3.2231,-17.3071,-19.0256,25.921
0.4,4,141.9735,155.0451,4.5205,3.3987,-0.7999,7.0032,7.8253
0.4,5,155.4895,137.724,26.8579,6.0795,-29.8235,-15.7462,34.2687
0.4,6,90.2932,92.3981,19.6935,8.2884,-9.1895,24.9319,27.8342
0.4,7,117.3717,49.8093,33.1327,17.3887,15.1571,-16.8767,28.5819
0.4,8,27.3586,19.6891,37.5013,-0.9362,-8.438,2.4758,8.8434
0.4,9,25.464,183.743,39.1434,-16.3209,6.4514,-5.8894,18.5116
0.4,10,131.7653,89.6305,4.7214,-11.5791,-4.0136,-10.4784,16.1239
0.4,11,92.92,37.0579,40.5134,-6.4862,-9.4293,30.7417,32.8029
0.4,12,115.8941,62.4191,11.761,13.2728,-2.5479,-20.214,24.316
0.4,13,154.6409,117.5593,0.8712,7.7789,-0.7561,28.6354,29.6828
0.4,14,126.4084,39.8475,29.0122,-3.8281,15.6297,-8.72,18.3024
0.4,15,110.6156,173.2769,20.2898,-0.9335,-9.1132,7.4648,11.8172
0.4,16,111.4464,154.3016,47.48,-0.0013,-12.3061,17.7973,21.6375
0.4,17,60.5709,143.0969,41.4578,-0.0156,0.0224,6.9145,6.9145
0.4,18,10.2593,92.0938,8.7091,17.0409,16.8006,-17.8077,29.8289
0.4,19,93.4111,122.4311,49.0386,22.1997,5.8409,-6.8304,23.9499
0.4,20,44.7765,110.6317,11.8893,1.9764,-11.3908,-25.219,27.7426
0.4,21,80.0307,131.0871,26.3391,-15.1734,0.9834,3.644,15.6358
0.4,22,172.4252,22.4674,11.436,0.2583,-0.0235,34.12,34.1209
0.4,23,41.2236,82.2995,46.4023,-25.0506,5.6039,18.7589,31.7936
0.4,24,14.3444,6.3772,7.2851,26.8322,-3.7471,8.3546,28.3515
0.4,25,54.6946,98.9133,0.309,-8.6874,5.3933,-3.5956,10.8392
0.4,26,59.6288,66.8437,26.8474,1.3543,-4.8098,18.3329,19.0016
0.4,27,133.2754,28.6005,49.8767,5.4382,3.2078,-0.0612,6.3141
0.4,28,111.3147,19.7562,44.6139,-3.7078,-1.347,-8.7835,9.6287
0.4,29,157.0082,116.9335,36.1469,7.4688,-22.0129,-10.4625,25.4915
0.4,30,134.4307,27.4966,41.5361,5.0978,-2.6095,-26.7364,27.3429
0.4,31,81.7267,178.4786,42.9638,8.8832,-18.1089,-27.4022,34.0253
0.4,32,161.7445,114.3102,24.6138,0.7977,0.1887,-14.752,14.7748
0.4,33,33.0557,66.9474,14.0755,-11.1078,11.4332,-2.3566,16.1138
0.4,34,8.0923,120.0979,38.6089,16.5985,5.2435,7.8293,19.0867
0.4,35,19.2615,7.0617,33.8015,7.2816,5.9688,-5.05,10.6841
0.4,36,144.8144,191.8838,18.1978,-3.899,-7.6887,-2.2024,8.8976
0.4,37,91.8899,97.3382,6.1416,-0.5635,-2.3975,19.1131,19.2711
0.4,38,33.0501,155.3716,36.3729,1.2321,-8.2054,8.4003,11.8073
0.4,39,101.3247,12.2811,13.6951,16.5122,-18.6215,3.2122,25.0944
0.4,40,32.7126,95.9718,48.43,-0.937,-14.0897,-11.3464,18.1146
0.4,41,139.3729,98.1496,12.9683,2.9955,-9.0502,28.4243,29.9803
0.4,42,92.5994,181.6101,4.6467,16.6874,5.3022,-19.2309,26.008
0.4,43,77.1146,115.9452,41.2523,1.1895,12.2035,-7.4956,14.371
0.4,44,59.5193,95.8926,6.902,-6.087,-5.8542,28.7532,29.9678
0.4,45,125.8518,46.2934,7.3933,18.2318,-22.5747,2.7008,29.1429
0.4,46,74.9518,66.6926,33.169,12.0306,0.3403,11.4681,16.6244
0.4,47,16.3317,104.895,44.3769,-13.0436,-1.2023,3.8388,13.6498
0.4,48,22.6516,85.0314,12.1353,-9.9574,-20.257,11.8099,25.4749
0.4,49,192.3917,4.7005,15.1849,7.2983,1.3736,-5.4177,9.1926
0.5,0,37.5558,179.1141,36.4633,1.1157,20.5614,-19.2945,28.2187
0.5,1,2.6437,140.5796,44.0874,-6.7806,13.8426,-9.6137,18.1664
0.5,2,159.7371,49.576,6.2789,11.884,17.5916,-22.2567,30.7579
0.5,3,132.2387,190.8839,26.4846,18.2133,-18.3709,-1.6387,25.921
0.5,4,141.8374,155.6873,4.9466,-1.3612,6.4212,4.2604,7.8253
0.5,5,153.4035,136.8754,24.2749,-20.8609,-8.4861,-25.8293,34.2687
0.5,6,90.9186,90.082,18.2821,6.2541,-23.1612,-14.1133,27.8342
0.5,7,117.5025,49.2032,35.9229,1.308,-6.0617,27.9011,28.5819
0.5,8,27.2341,19.7398,36.6272,-1.2447,0.5075,-8.7407,8.8434
0.5,9,23.6473,184.016,38.9159,-18.1671,2.7305,-2.2757,18.5116
0.5,10,133.0338,89.5882,5.7158,12.6849,-0.4224,9.9447,16.1239
0.5,11,92.2387,35.729,37.5928,-6.8135,-13.289,-29.2064,32.8029
0.5,12,116.0365,62.0879,9.3563,1.4244,-3.3123,-24.0471,24.316
0.5,13,155.6627,116.8416,1.8217,10.2184,-7.1765,26.9287,29.6828
0.5,14,126.5164,39.3986,30.7833,1.0804,-4.489,17.7105,18.3024
0.5,15,110.6293,173.3085,19.1086,0.1362,0.3156,-11.8122,11.8172
0.5,16,110.3306,153.8421,45.684,-11.1585,-4.595,-17.9599,21.6375
0.5,17,60.6253,143.1374,40.7697,0.5441,0.4053,-6.8812,6.9145
0.5,18,9.6774,91.2611,5.9045,-5.8198,-8.3276,-28.0454,29.8289
0.5,19,95.5504,121.8146,49.9213,21.3935,-6.1645,8.827,23.9499
0.5,20,42.8731,110.4791,9.8768,-19.0339,-1.5259,-20.1255,27.7426
0.5,21,78.6373,131.7112,26.6764,-13.9335,6.2415,3.3731,15.6358
0.5,22,175.6185,23.199,12.3899,31.933,7.3156,9.5395,34.1209
0.5,23,42.626,81.9373,49.2325,14.0241,-3.622,28.3027,31.7936
0.5,24,14.3781,6.4027,4.4502,0.3369,0.2546,-28.3484,28.3515
0.5,25,55.1604,99.0363,1.28,4.6588,1.2299,9.7093,10.8392
0.5,26,59.6725,68.6118,27.542,0.4371,17.6812,6.946,19.0016
0.5,27,133.5585,28.7241,49.326,2.8312,1.2364,-5.5067,6.3141
0.5,28,110.7095,19.9316,45.342,-6.0518,1.7533,7.281,9.6287
0.5,29,155.8959,116.8207,38.4378,-11.1223,-1.1281,22.9093,25.4915
0.5,30,133.6801,29.3063,39.6287,-7.5053,18.0969,-19.0736,27.3429
0.5,31,82.5417,178.7489,46.2562,8.1502,2.7026,32.924,34.0253
0.5,32,162.8619,115.2537,24.4032,11.1735,9.4344,-2.1067,14.7748
0.5,33,31.9134,67.9609,14.5899,-11.4232,10.1343,5.144,16.1138
0.5,34,8.1777,120.132,40.5154,0.8544,0.3415,19.0645,19.0867
0.5,35,18.9516,6.1437,33.3513,-3.0987,-9.1803,-4.5024,10.6841
0.5,36,144.9459,192.3587,18.9386,1.3147,4.7493,7.4083,8.8976
0.5,37,91.3686,98.8741,5.1009,-5.2123,15.3587,-10.4077,19.2711
0.5,38,32.5023,155.8014,37.3264,-5.4789,4.2983,9.5351,11.8073
0.5,39,99.2598,13.4742,14.4761,-20.6489,11.9315,7.8096,25.0944
0.5,40,33.8511,95.9837,47.0211,11.3855,0.1188,-14.0888,18.1146
0.5,41,141.5751,100.0202,12.1684,22.0213,18.7054,-7.9994,29.9803
0.5,42,94.0216,179.9506,3.2368,14.2214,-16.5951,-14.0985,26.008
0.5,43,77.4637,115.9479,39.8583,3.491,0.027,-13.9405,14.371
0.5,44,59.2392,95.8782,3.9184,-2.801,-0.1439,-29.8363,29.9678
0.5,45,123.2755,46.4636,6.0416,-25.7624,1.7018,-13.5171,29.1429
0.5,46,74.9023,66.7787,31.5095,-0.4955,0.8611,-16.5946,16.6244
0.5,47,15.7158,105.1786,43.1923,-6.1596,2.836,-11.8463,13.6498
0.5,48,23.0213,83.1309,13.7909,3.6974,-19.0054,16.5558,25.4749
0.5,49,192.7873,4.0873,15.7439,3.9565,-6.1315,5.5905,9.1926
0.6,0,37.4483,177.6176,34.0733,-1.0756,-14.9649,-23.8996,28.2187
0.6,1,2.2073,141.5518,42.6162,-4.3642,9.7221,-14.7122,18.1664
0.6,2,160.7531,48.7357,9.0578,10.1602,-8.4032,27.7886,30.7579
0.6,3,131.6545,190.4931,28.9795,-5.8429,-3.9084,24.9497,25.921
0.6,4,142.1773,156.0315,4.3315,3.3987,3.4428,-6.1507,7.8253
0.6,5,155.516,139.554,23.9503,21.1254,26.7866,-3.2463,34.2687
0.6,6,90.195,88.1452,20.1456,-7.2358,-19.3679,18.6352,27.8342
0.6,7,117.9986,50.1465,38.5749,4.9609,9.4331,26.5204,28.5819
0.6,8,26.4137,19.7022,36.2992,-8.204,-0.3762,-3.2799,8.8434
0.6,9,25.4933,183.9205,39.0148,18.4604,-0.9549,0.9893,18.5116
0.6,10,134.2028,89.6177,6.8259,11.6905,0.2944,11.1008,16.1239
0.6,11,94.6782,35.9841,39.7708,24.3953,2.5506,21.7807,32.8029
0.6,12,117.5675,62.0214,11.2442,15.3102,-0.6657,18.8791,24.316
0.6,13,153.1659,115.3726,2.4686,-24.9685,-14.69,6.4691,29.6828
0.6,14,126.9291,39.8213,29.051,4.1268,4.2271,-17.3228,18.3024
0.6,15,110.9098,173.0973,20.237,2.8052,-2.1116,11.2835,11.8172
0.6,16,110.9785,153.2366,47.6576,6.4795,-6.0556,19.7365,21.6375
0.6,17,60.2261,143.045,41.3266,-3.9921,-0.924,5.5696,6.9145
0.6,18,9.0135,90.6234,3.0672,-6.6391,-6.3767,-28.373,29.8289
0.6,19,95.3422,123.2338,48.0033,-2.0823,14.1918,-19.1796,23.9499
0.6,20,44.7739,111.1035,11.7986,19.0079,6.2447,19.2187,27.7426
0.6,21,78.5432,131.6476,25.117,-0.941,-0.6358,-15.5945,15.6358
0.6,22,175.5567,23.4128,15.7947,-0.6176,2.138,34.0483,34.1209
0.6,23,41.1047,79.4151,48.0357,-15.2128,-25.2221,-11.9687,31.7936
0.6,24,15.5068,4.5278,6.2527,11.287,-18.7489,18.0247,28.3515
0.6,25,55.5329,99.079,2.297,3.725,0.4269,10.17,10.8392
0.6,26,58.1908,67.5951,26.9244,-14.8172,-10.1672,-6.1759,19.0016
0.6,27,133.621,29.2526,48.9862,0.6245,5.2852,-3.3978,6.3141
0.6,28,111.3465,19.2856,45.6646,6.3701,-6.4597,3.2257,9.6287
0.6,29,155.8391,119.2871,39.0794,-0.568,24.6642,6.4162,25.4915
0.6,30,131.6667,27.6241,38.8588,-20.1344,-16.8214,-7.6993,27.3429
0.6,31,79.4927,177.6826,47.3257,-30.4903,-10.6624,10.6947,34.0253
0.6,32,162.6252,115.4345,25.8503,-2.367,1.8084,14.4714,14.7748
0.6,33,31.2092,66.5207,14.4264,-7.0416,-14.4013,-1.6353,16.1138
0.6,34,8.01,119.0388,38.9598,-1.6774,-10.9323,-15.5555,19.0867
0.6,35,18.048,5.7396,32.9493,-9.0363,-4.0417,-4.0201,10.6841
0.6,36,144.9904,191.5189,18.648,0.4448,-8.398,-2.9057,8.8976
0.6,37,92.136,98.7939,3.3349,7.6732,-0.8024,-17.6594,19.2711
0.6,38,31.9969,156.0822,36.2969,-5.0534,2.8083,-10.2951,11.8073
0.6,39,97.1693,13.2821,15.8509,-20.905,-1.9209,13.7485,25.0944
0.6,40,35.4322,96.1078,46.1458,15.8109,1.2413,-8.7528,18.1146
0.6,41,141.6958,99.6144,15.1364,1.2074,-4.0579,29.6799,29.9803
0.6,42,92.2344,179.7222,1.3612,-17.8714,-2.2839,-18.7566,26.008
0.6,43,77.0957,116.1882,38.49,-3.6801,2.4021,-13.6826,14.371
0.6,44,60.9792,97.046,6.0607,17.4006,11.6777,21.4224,29.9678
0.6,45,124.0939,45.7836,8.7547,8.1836,-6.7999,27.1312,29.1429
0.6,46,73.8951,67.5599,30.4423,-10.0719,7.8118,-10.6725,16.6244
0.6,47,15.383,104.4406,42.0933,-3.3276,-7.3799,-10.9901,13.6498
0.6,48,23.8509,84.2633,11.6651,8.2956,11.324,-21.2584,25.4749
0.6,49,193.6777,3.8679,15.8075,8.9043,-2.194,0.6352,9.1926
0.7,0,34.6948,178.1713,34.3464,-27.535,5.537,2.7307,28.2187
0.7,1,2.1315,142.8277,41.3252,-0.7576,12.7586,-12.9097,18.1664
0.7,2,162.8066,49.3347,6.8476,20.5349,5.9902,-22.1018,30.7579
0.7,3,130.4053,190.639,26.713,-12.492,1.4593,-22.6654,25.921
0.7,4,142.3191,155.9945,5.1002,1.4183,-0.3705,7.6868,7.8253
0.7,5,154.8369,138.5876,27.1672,-6.7906,-9.6645,32.1687,34.2687
0.7,6,88.4038,88.1958,22.2755,-17.9124,0.5059,21.2987,27.8342
0.7,7,120.1895,51.9751,38.7334,21.9096,18.2862,1.5851,28.5819
0.7,8,26.4002,20.5861,36.2732,-0.1353,8.8385,-0.2609,8.8434
0.7,9,24.9816,185.6912,39.1875,-5.1169,17.7063,1.7274,18.5116
0.7,10,134.3516,88.0229,7.0107,1.4877,-15.9484,1.8483,16.1239
0.7,11,96.9731,33.738,39.1012,22.9495,-22.4614,-6.6961,32.8029
0.7,12,118.3646,61.4547,9.018,7.971,-5.6666,-22.2625,24.316
0.7,13,154.3021,115.2621,0.2714,11.3627,-1.1052,27.3996,29.6828
0.7,14,127.201,39.791,30.8607,2.7185,-0.3024,18.0969,18.3024
0.7,15,112.0385,172.754,20.1703,11.2876,-3.4338,-0.6667,11.8172
0.7,16,111.2637,153.3748,49.7981,2.8522,1.3822,21.4042,21.6375
0.7,17,60.4464,143.3039,40.7245,2.2027,2.5887,-6.0214,6.9145
0.7,18,8.027,93.3924,3.5747,-9.8641,27.6896,5.0746,29.8289
0.7,19,93.9675,122.7593,46.1004,-13.7471,-4.7451,-19.0289,23.9499
0.7,20,46.3986,112.2374,9.8567,16.2467,11.3389,-19.4198,27.7426
0.7,21,78.6267,131.5261,23.5603,0.8347,-1.2151,-15.5661,15.6358
0.7,22,174.6315,22.5788,12.6181,-9.2522,-8.3401,-31.766,34.1209
0.7,23,40.3125,79.1991,48.8928,-7.9221,-2.16,-30.715,31.7936
0.7,24,16.725,6.5969,4.7451,12.1821,20.691,-15.076,28.3515
0.7,25,55.512,100.1008,2.6581,-0.209,10.2176,3.6116,10.8392
0.7,26,59.1997,69.1918,26.716,10.0889,15.9666,-2.0843,19.0016
0.7,27,133.98,28.7709,48.792,3.5901,-4.8172,-1.9427,6.3141
0.7,28,110.5196,18.8019,45.7609,-8.2698,-4.8368,0.9629,9.6287
0.7,29,155.7072,117.8788,36.9587,-1.3197,-14.0832,-21.207,25.4915
0.7,30,131.6388,27.718,41.5913,-0.2791,0.9381,27.3253,27.3429
0.7,31,78.2237,179.0128,49.8112,-12.6899,13.302,-28.6312,34.0253
0.7,32,161.7392,116.0378,26.8671,-8.8599,6.033,10.1685,14.7748
0.7,33,31.3101,64.9203,14.2685,1.0084,-16.0045,-1.579,16.1138
0.7,34,8.1335,118.1656,37.2671,1.2345,-8.7317,-16.9273,19.0867
0.7,35,18.1186,5.9935,33.9847,0.7064,2.539,10.354,10.6841
0.7,36,145.7198,191.2382,18.2228,7.2943,-2.8067,-4.2525,8.8976
0.7,37,92.3553,99.0016,1.4316,2.1937,2.0771,-19.0329,19.2711
0.7,38,32.8223,155.4513,35.7359,8.254,-6.3097,-5.6099,11.8073
0.7,39,98.3888,14.1728,17.8551,12.1952,8.9067,20.0419,25.0944
0.7,40,35.2791,97.7793,46.827,-1.5313,16.7151,6.8115,18.1146
0.7,41,142.9004,97.8767,17.2619,12.0463,-17.3761,21.2551,29.9803
0.7,42,92.9076,181.141,3.4343,6.7321,14.1886,20.731,26.008
0.7,43,76.3357,116.6469,37.3599,-7.6004,4.5877,-11.301,14.371
0.7,44,60.3035,97.2662,8.9719,-6.7574,2.2022,29.1128,29.9678
0.7,45,124.179,48.6415,8.1906,0.8516,28.579,-5.6415,29.1429
0.7,46,73.5227,66.1002,31.1455,-3.7238,-14.5965,7.0317,16.6244
0.7,47,15.3889,104.4327,40.7283,0.0589,-0.0796,-13.6495,13.6498
0.7,48,23.8883,84.2257,14.212,0.3743,-0.3763,25.4693,25.4749
0.7,49,193.2999,4.469,15.2235,-3.7785,6.0104,-5.8396,9.1926
0.8,0,36.9503,179.0983,35.7664,22.5548,9.2701,14.2,28.2187
0.8,1,1.4379,143.0139,39.6565,-6.9358,1.8618,-16.6867,18.1664
0.8,2,164.4187,51.0305,4.8512,16.1207,16.9585,-19.9645,30.7579
0.8,3,131.0351,191.5332,24.3629,6.2988,8.9416,-23.5005,25.921
0.8,4,141.909,155.545,4.6081,-4.101,-4.4946,-4.9211,7.8253
0.8,5,152.5506,140.4093,28.9553,-22.8638,18.2168,17.8811,34.2687
0.8,6,89.0862,87.8309,24.9492,6.8238,-3.6487,26.737,27.8342
0.8,7,119.4746,53.5156,36.4345,-7.1494,15.4046,-22.9894,28.5819
0.8,8,26.2694,19.7193,36.3897,-1.3071,-8.6683,1.1657,8.8434
0.8,9,23.5331,186.0524,40.2822,-14.4848,3.6126,10.9462,18.5116
0.8,10,134.2242,87.8223,8.6055,-1.2737,-2.0058,15.9479,16.1239
0.8,11,94.4729,31.9287,40.213,-25.0022,-18.0921,11.1175,32.8029
0.8,12,116.6433,61.7519,7.3264,-17.2128,2.9725,-16.9159,24.316
0.8,13,156.9089,114.4162,1.4114,26.0682,-8.459,11.4003,29.6828
0.8,14,126.35,41.0828,29.8824,-8.5098,12.9172,-9.7831,18.3024
0.8,15,112.0776,172.8334,21.3487,0.3908,0.7945,11.7839,11.8172
0.8,16,110.3656,151.524,49.1273,-8.9813,-18.5076,-6.7073,21.6375
0.8,17,60.7739,142.8284,41.1049,3.2757,-4.755,3.804,6.9145
0.8,18,8.2376,93.4468,0.5997,2.1055,0.5442,-29.7496,29.8289
0.8,19,91.8027,123.4682,45.3608,-21.648,7.0891,-7.3965,23.9499
0.8,20,47.2264,111.5741,12.4201,8.2783,-6.6332,25.6344,27.7426
0.8,21,78.6232,130.0554,24.091,-0.0352,-14.7076,5.3069,15.6358
0.8,22,177.9864,22.4059,12.0203,33.5487,-1.7284,-5.978,34.1209
0.8,23,39.6893,79.0745,47.992,-6.2322,-1.2463,-31.1519,31.7936
0.8,24,16.0523,5.5369,7.2872,-6.7271,-10.5996,25.4205,28.3515
0.8,25,55.2144,100.9704,2.0837,-2.9764,8.6968,-5.7441,10.8392
0.8,26,60.9799,68.5827,26.9811,17.8028,-6.0908,2.6507,19.0016
0.8,27,133.5587,29.2408,48.7718,-4.213,4.6987,-0.2018,6.3141
0.8,28,110.456,17.9232,46.1494,-0.6354,-8.7872,3.8851,9.6287
0.8,29,153.8934,119.1427,35.6896,-18.1381,12.639,-12.6917,25.4915
0.8,30,129.8822,26.9992,39.623,-17.5654,-7.1879,-19.6831,27.3429
0.8,31,78.0497,178.1076,46.9135,-1.7397,-9.0525,-32.7528,34.0253
0.8,32,161.3897,116.0182,28.3026,-3.4944,-0.1964,14.3542,14.7748
0.8,33,31.9454,64.5006,15.6885,6.3538,-4.1974,14.2009,16.1138
0.8,34,8.0193,118.2291,39.1713,-1.1416,0.6341,19.0419,19.0867
0.8,35,17.6563,5.3811,34.7282,-4.6234,-6.1234,7.435,10.6841
0.8,36,145.3911,191.7396,18.8803,-3.2871,5.0136,6.5747,8.8976
0.8,37,91.2594,99.715,2.8471,-10.9596,7.1346,14.1549,19.2711
0.8,38,31.7264,155.8848,35.664,-10.9591,4.335,-0.7189,11.8073
0.8,39,100.1377,15.9396,17.5129,17.4893,17.6675,-3.4225,25.0944
0.8,40,36.3196,98.4556,45.5073,10.4052,6.7625,-13.1961,18.1146
0.8,41,141.566,95.5376,18.5793,-13.3445,-23.392,13.1742,29.9803
0.8,42,91.76,179.4404,1.8358,-11.4766,-17.006,-15.9843,26.008
0.8,43,75.7941,115.7581,36.369,-5.4153,-8.8883,-9.9095,14.371
0.8,44,63.1694,97.624,9.7714,28.6592,3.5778,7.995,29.9678
0.8,45,122.8843,51.1225,7.3773,-12.9468,24.8104,-8.1322,29.1429
0.8,46,73.8625,67.0991,29.8607,3.3981,9.9885,-12.8473,16.6244
0.8,47,15.5201,103.6987,41.8717,1.312,-7.3398,11.4334,13.6498
0.8,48,24.5804,83.3958,16.519,6.9205,-8.2983,23.0697,25.4749
0.8,49,193.3095,4.9311,14.4289,0.0964,4.6211,-7.946,9.1926
0.9,0,38.1816,179.1564,33.228,12.3138,0.5813,-25.3836,28.2187
0.9,1,1.0909,143.5913,41.3436,-3.4704,5.7742,16.871,18.1664
0.9,2,164.6876,50.1565,1.9145,2.6896,-8.7407,-29.3669,30.7579
0.9,3,131.6741,190.5147,22.0665,6.3895,-10.1846,-22.9641,25.921
0.9,4,142.4113,156.1393,4.6911,5.0226,5.9431,0.8304,7.8253
0.9,5,152.6604,139.6962,25.6052,1.0989,-7.1304,-33.5006,34.2687
0.9,6,89.4296,88.1364,22.204,3.4344,3.0549,-27.452,27.8342
0.9,7,119.471,53.5185,33.5763,-0.0359,0.0297,-28.5819,28.5819
0.9,8,27.1361,19.7117,36.214,8.6667,-0.0757,-1.7575,8.8434
0.9,9,23.958,187.1788,41.6884,4.249,11.2642,14.0621,18.5116
0.9,10,134.3242,87.9673,7.0028,0.9994,1.4502,-16.0275,16.1239
0.9,11,91.8967,33.2866,41.7229,-25.7621,13.5781,15.0991,32.8029
0.9,12,115.7065,60.8758,9.3921,-9.3686,-8.7611,20.6577,24.316
0.9,13,158.2729,113.8045,1.1529,13.6401,-6.1174,25.6437,29.6828
0.9,14,127.1589,40.9848,28.2435,8.089,-0.9795,-16.3887,18.3024
0.9,15,112.5309,173.0455,22.4192,4.5331,2.1206,10.7051,11.8172
0.9,16,111.1042,152.3943,49.0345,7.3857,8.7025,-18.3821,21.6375
0.9,17,60.9477,142.1645,41.1893,1.7375,-6.6392,0.8438,6.9145
0.9,18,8.0302,95.038,3.1142,-2.0744,15.9118,25.1451,29.8289
0.9,19,92.3184,123.0127,43.0667,5.157,-4.5552,-22.9403,23.9499
0.9,20,45.8692,109.3293,11.5172,-13.5721,-22.4483,-9.0291,27.7426
0.9,21,79.4985,130.7968,25.1535,8.7538,7.4143,10.6243,15.6358
0.9,22,179.2098,20.2619,9.6648,12.2345,-21.4402,-23.5557,34.1209
0.9,23,40.6854,81.0714,49.7435,9.9616,19.9697,-22.6454,31.7936
0.9,24,13.5387,6.8478,7.3244,-25.1364,13.1084,0.3722,28.3515
0.9,25,54.4894,100.7238,2.8508,-7.2501,-2.4662,7.6708,10.8392
0.9,26,59.0915,68.5736,26.7707,-18.8846,-0.0909,-2.1041,19.0016
0.9,27,133.3331,28.7088,48.5172,-2.256,-5.3196,-2.5457,6.3141
0.9,28,110.1048,17.4222,45.4059,-3.5124,-5.0101,-7.4346,9.6287
0.9,29,155.4435,119.0651,33.6674,15.5017,-0.7758,-20.2215,25.4915
0.9,30,131.8066,26.9922,41.5655,19.2434,-0.0699,19.4247,27.3429
0.9,31,76.8146,177.9794,43.7457,-12.3508,-1.2819,-31.6786,34.0253
0.9,32,161.7156,116.2402,26.8787,3.2581,2.2202,-14.239,14.7748
0.9,33,31.8278,63.6612,14.3181,-1.1761,-8.3931,-13.705,16.1138
0.9,34,9.0076,118.0831,37.545,9.8833,-1.4596,-16.2632,19.0867
0.9,35,17.4217,5.8936,35.6358,-2.3461,5.125,9.0764,10.6841
0.9,36,144.5711,191.9435,18.6013,-8.1994,2.039,-2.7892,8.8976
0.9,37,91.2076,99.7415,4.7734,-0.518,0.2649,19.2624,19.2711
0.9,38,32.1942,156.0414,34.5913,4.6783,1.5663,-10.7272,11.8073
0.9,39,99.0946,13.9764,18.6769,-10.4317,-19.6318,11.6406,25.0944
0.9,40,35.2386,99.8797,45.2168,-10.8107,14.2417,-2.9051,18.1146
0.9,41,142.226,92.7856,17.5897,6.6002,-27.5194,-9.8965,29.9803
0.9,42,92.2507,178.5753,4.2389,4.9074,-8.6515,24.0308,26.008
0.9,43,75.8418,115.6589,37.8019,0.4764,-0.9923,14.3288,14.371
0.9,44,62.1601,98.2067,12.5323,-10.0928,5.8271,27.6089,29.9678
0.9,45,122.165,52.6135,4.9789,-7.1937,14.9098,-23.9845,29.1429
0.9,46,73.8546,66.0362,28.5825,-0.0788,-10.6285,-12.7827,16.6244
0.9,47,15.9022,102.5568,42.5145,3.8209,-11.4194,6.4278,13.6498
0.9,48,22.575,83.5061,14.9518,-20.0538,1.1027,-15.6716,25.4749
0.9,49,193.842,4.5074,15.047,5.3246,-4.2367,6.1808,9.1926
1.0,0,37.3858,178.8035,30.5438,-7.9586,-3.5287,-26.8422,28.2187
1.0,1,0.52,143.4022,39.6294,-5.7089,-1.891,-17.142,18.1664
1.0,2,165.2041,49.1964,0.9616,5.1645,-9.6007,28.7612,30.7579
1.0,3,131.0822,188.1771,23.0175,-5.9186,-23.376,9.5095,25.921
1.0,4,142.6998,156.188,3.9653,2.8849,0.4863,-7.2578,7.8253
1.0,5,154.1199,140.165,28.6702,14.5945,4.6873,30.6492,34.2687
1.0,6,87.8701,86.9799,24.1984,-15.5953,-11.5656,19.9441,27.8342
1.0,7,117.9438,53.6513,35.9886,-15.2718,1.3283,24.1233,28.5819
1.0,8,27.0798,20.5913,36.2863,-0.5636,8.7957,0.7232,8.8434
1.0,9,23.9412,187.1883,43.5394,-0.1685,0.0945,18.5106,18.5116
1.0,10,134.3353,87.7445,5.4059,0.1108,-2.2278,-15.9689,16.1239
1.0,11,93.343,30.5178,40.7216,14.4626,-27.6878,-10.0126,32.8029
1.0,12,113.7887,60.0994,8.1147,-19.1782,-7.7642,-12.7742,24.316
1.0,13,157.9146,114.119,4.0827,-3.5839,3.1449,29.2974,29.6828
1.0,14,126.9284,42.7469,28.6812,-2.3045,17.6214,4.3766,18.3024
1.0,15,111.8615,172.9527,23.3885,-6.6947,-0.9279,9.6936,11.8172
1.0,16,110.6675,153.4077,47.1732,-4.3663,10.1337,-18.6125,21.6375
1.0,17,60.905,142.1463,41.8792,-0.4267,-0.1818,6.8989,6.9145
1.0,18,6.7036,92.3663,3.1015,-13.2653,-26.7167,-0.1275,29.8289
1.0,19,94.5095,123.9786,43.0191,21.9108,9.6586,-0.4761,23.9499
1.0,20,46.1226,109.331,14.2799,2.534,0.017,27.6267,27.7426
1.0,21,79.8402,132.2112,24.5812,3.4167,14.1442,-5.7225,15.6358
1.0,22,181.7613,18.2702,8.5852,25.5147,-19.917,-10.7959,34.1209
1.0,23,38.8252,78.6326,49.4199,-18.6027,-24.3883,-8.3657,31.7936
1.0,24,14.0614,7.827,4.7156,5.2274,9.7924,-26.0881,28.3515
1.0,25,55.197,100.1404,2.2731,7.0765,-5.8344,-5.7767,10.8392
1.0,26,58.0269,68.777,25.2099,-10.6458,2.0339,-15.6074,19.0016
1.0,27,133.1341,28.7389,47.9187,-1.9903,0.3013,-5.9846,6.3141
1.0,28,110.4661,17.2673,46.2849,3.6128,-1.5488,8.7898,9.6287
1.0,29,157.7238,119.9594,34.3735,22.8031,8.9434,7.0604,25.4915
1.0,30,132.3425,29.4025,40.3909,5.3594,24.1032,-11.7451,27.3429
1.0,31,74.0138,176.3046,42.7828,-28.0089,-16.7482,-9.6293,34.0253
1.0,32,162.2003,117.5998,26.5632,4.8479,13.5957,-3.1542,14.7748
1.0,33,31.1969,62.3308,14.9726,-6.3089,-13.3044,6.5456,16.1138
1.0,34,9.105,118.5073,39.4033,0.9737,4.2422,18.5838,19.0867
1.0,35,17.6036,6.0243,36.6805,1.8188,1.3067,10.4468,10.6841
1.0,36,144.795,192.7516,18.3039,2.2389,8.0812,-2.9747,8.8976
1.0,37,89.7425,100.5145,3.7885,-14.6507,7.7296,-9.8482,19.2711
1.0,38,32.7165,157.0848,34.4104,5.2226,10.4338,-1.8087,11.8073
1.0,39,100.72,15.8129,19.2084,16.2543,18.3651,5.3151,25.0944
1.0,40,36.3874,98.4961,45.0001,11.4882,-13.8369,-2.1677,18.1146
1.0,41,141.099,95.1651,19.0237,-11.2695,23.7945,14.3401,29.9803
1.0,42,90.6077,180.5422,4.6812,-16.4305,19.6694,4.4231,26.008
1.0,43,76.9843,116.0724,37.0345,11.4257,4.1355,-7.6731,14.371
1.0,44,60.5039,100.2775,11.1361,-16.5624,20.708,-13.962,29.9678
1.0,45,121.9137,55.3067,3.8941,-2.5129,26.9317,-10.8479,29.1429
1.0,46,73.4803,65.7246,26.993,-3.7431,-3.1158,-15.895,16.6244
1.0,47,16.0904,103.2105,41.3311,1.8818,6.537,-11.834,13.6498
1.0,48,24.0623,82.2498,16.5948,14.8728,-12.5634,16.4295,25.4749
1.0,49,194.623,4.1379,14.7331,7.8102,-3.6952,-3.1384,9.1926
1.1,0,37.7606,180.4577,32.7991,3.7478,16.5415,22.5528,28.2187
1.1,1,0.2987,143.062,41.215,8.1871,-3.4016,15.8561,18.1664
1.1,2,165.2875,46.8011,0.966,0.8341,-23.9534,19.2766,30.7579
1.1,3,130.9836,190.2899,21.519,-0.986,21.1278,-14.9848,25.921
1.1,4,142.8394,155.9214,4.6877,1.3965,-2.6662,7.2234,7.8253
1.1,5,154.3514,140.0515,25.253,2.3153,-1.1342,-34.1716,34.2687
1.1,6,85.5965,85.3842,24.3772,-22.7361,-15.9567,1.7876,27.8342
1.1,7,116.5594,51.1721,35.6631,-13.8441,-24.7926,-3.2546,28.5819
1.1,8,27.7714,20.8284,36.7837,6.9169,2.3719,4.9736,8.8434
1.1,9,24.7975,186.8832,41.9268,8.563,-3.0513,-16.1259,18.5116
1.1,10,133.2489,88.615,6.2194,-10.8639,8.7053,8.1349,16.1239
1.1,11,96.0397,29.1202,39.4828,26.9674,-13.9761,-12.3879,32.8029
1.1,12,111.7974,59.0213,9.0007,-19.9131,-10.7813,8.8599,24.316
1.1,13,158.2873,114.1298,1.1379,3.7275,0.1082,-29.4477,29.6828
1.1,14,128.6924,43.1827,28.4616,17.6401,4.3574,-2.1953,18.3024
1.1,15,111.3623,171.8847,23.4711,-4.9911,-10.6795,0.8254,11.8172
1.1,16,109.4215,152.89,45.4817,-12.4604,-5.1767,-16.9152,21.6375
1.1,17,61.1946,142.195,41.2532,2.8959,0.4873,-6.2599,6.9145
1.1,18,6.6352,90.7029,0.6264,-0.6839,-16.6339,-24.751,29.8289
1.1,19,95.7747,122.2855,41.8927,12.6527,-16.9302,-11.264,23.9499
1.1,20,45.292,109.3497,11.6329,-8.306,0.187,-26.4694,27.7426
1.1,21,79.5885,132.2662,26.1234,-2.5165,0.5499,15.4221,15.6358
1.1,22,185.0206,18.3823,7.5818,32.5931,1.1213,-10.0335,34.1209
1.1,23,39.235,76.8844,47.9563,4.0983,-17.4817,-26.2379,31.7936
1.1,24,13.9509,8.026,7.5416,-1.1055,1.9897,28.26,28.3515
1.1,25,55.3938,99.9526,1.2239,1.9682,-1.8772,-10.4924,10.8392
1.1,26,56.8476,69.9854,26.0815,-11.7932,12.0842,8.7152,19.0016
1.1,27,132.9063,28.6403,48.4993,-2.2773,-0.9868,5.8059,6.3141
1.1,28,110.3541,18.1387,46.679,-1.1198,8.7135,3.9412,9.6287
1.1,29,159.0482,122.0634,33.8098,13.2432,21.0394,-5.6369,25.4915
1.1,30,132.7587,26.7647,39.8035,4.1622,-26.378,-5.8744,27.3429
1.1,31,73.6309,176.3128,39.4018,-3.8284,0.082,-33.8091,34.0253
1.1,32,160.77,117.266,26.7235,-14.3033,-3.3379,1.6029,14.7748
1.1,33,31.2289,62.3238,16.5837,0.3192,-0.0705,16.1105,16.1138
1.1,34,9.3455,118.4513,41.296,2.4047,-0.5601,18.9263,19.0867
1.1,35,17.6869,5.9178,35.6207,0.8332,-1.0652,-10.5982,10.6841
1.1,36,145.0664,193.4079,18.8399,2.7133,6.5632,5.3601,8.8976
1.1,37,88.4438,99.6406,2.6645,-12.9866,-8.7392,-11.2407,19.2711
1.1,38,32.9719,156.8392,35.5367,2.5544,-2.4553,11.2632,11.8073
1.1,39,100.4702,16.0644,16.7242,-2.4981,2.515,-24.8428,25.0944
1.1,40,36.6791,98.7111,46.7749,2.9175,2.1509,17.7482,18.1146
1.1,41,141.6466,93.8061,21.6394,5.4757,-13.5893,26.1566,29.9803
1.1,42,89.6754,180.6495,2.2556,-9.3227,1.0729,-24.2559,26.008
1.1,43,76.7375,115.9667,35.6228,-2.4683,-1.057,-14.1179,14.371
1.1,44,61.9817,100.111,13.7379,14.7782,-1.665,26.0173,29.9678
1.1,45,120.8431,54.4522,1.3218,-10.7059,-8.5452,-25.723,29.1429
1.1,46,72.0081,66.475,27.1749,-14.7225,7.5039,1.819,16.6244
1.1,47,15.8459,103.4708,42.6485,-2.4443,2.6034,13.1744,13.6498
1.1,48,21.898,83.4821,17.1305,-21.6426,12.3232,5.3577,25.4749
1.1,49,195.2645,4.7282,14.4415,6.4146,5.9034,-2.9165,9.1926
1.2,0,36.2039,181.0179,35.0851,-15.5671,5.6027,22.8598,28.2187
1.2,1,1.8609,143.7162,41.872,15.6222,6.542,6.57,18.1664
1.2,2,166.5363,46.5527,3.7659,12.4887,-2.484,27.9985,30.7579
1.2,3,130.8293,190.6749,24.0777,-1.5428,3.8504,25.587,25.921
1.2,4,143.0978,156.5664,4.3278,2.5839,6.4506,-3.5985,7.8253
1.2,5,154.1354,140.989,21.9639,-2.1604,9.3748,-32.8905,34.2687
1.2,6,87.3651,84.9815,22.2659,17.686,-4.0265,-21.1124,27.8342
1.2,7,118.8855,52.7377,35.1086,23.2607,15.6559,-5.546,28.5819
1.2,8,27.8724,20.7173,37.6552,1.0091,-1.1118,8.715,8.8434
1.2,9,24.3479,185.2255,41.2363,-4.4963,-16.5762,-6.9059,18.5116
1.2,10,133.7613,87.6833,7.4314,5.1239,-9.3176,12.1206,16.1239
1.2,11,99.2563,28.6293,39.8988,32.1657,-4.9088,4.16,32.8029
1.2,12,112.5202,57.9156,6.9592,7.2285,-11.0566,-20.4149,24.316
1.2,13,160.64,113.2556,0.4468,23.5272,-8.7414,15.847,29.6828
1.2,14,129.8256,44.3437,29.3089,11.3314,11.6103,8.4722,18.3024
1.2,15,111.6494,170.9146,24.0817,2.8707,-9.7014,6.1064,11.8172
1.2,16,107.3897,152.2903,45.0413,-20.3182,-5.9966,-4.4038,21.6375
1.2,17,60.7565,142.0722,40.7326,-4.3817,-1.2282,-5.2061,6.9145
1.2,18,8.4763,89.3462,2.5415,18.4101,-13.5673,19.151,29.8289
1.2,19,96.9676,122.072,39.827,11.9288,-2.1357,-20.6577,23.9499
1.2,20,45.1385,108.8233,14.3525,-1.5351,-5.264,27.1954,27.7426
1.2,21,78.7232,132.3593,24.8245,-8.6533,0.9312,-12.9897,15.6358
1.2,22,183.934,18.6876,4.3618,-10.8658,3.0531,-32.2002,34.1209
1.2,23,36.8326,78.9667,47.9328,-24.0245,20.8232,-0.235,31.7936
1.2,24,12.1253,10.1881,7.7156,-18.256,21.6217,1.7402,28.3515
1.2,25,54.5525,100.6354,1.2518,-8.414,6.8275,0.279,10.8392
1.2,26,58.4218,70.981,25.7059,15.7425,9.9563,-3.7558,19.0016
1.2,27,132.9154,28.6451,49.1306,0.0909,0.0481,6.3133,6.3141
1.2,28,110.5336,17.1936,46.6376,1.7948,-9.4508,-0.4149,9.6287
1.2,29,156.6497,122.9086,33.6333,-23.9844,8.4527,-1.7647,25.4915
1.2,30,135.1633,25.6458,39.1382,24.0454,-11.1888,-6.6529,27.3429
1.2,31,73.0909,175.8532,36.074,-5.4,-4.5957,-33.2782,34.0253
1.2,32,162.1505,117.5762,27.1489,13.805,3.1018,4.2536,14.7748
1.2,33,31.8095,63.208,15.3682,5.8067,8.8427,-12.1549,16.1138
1.2,34,9.8204,120.118,42.0956,4.7493,16.6672,7.9968,19.0867
1.2,35,17.8548,5.892,34.5658,1.6793,-0.258,-10.5482,10.6841
1.2,36,145.0765,193.4589,19.7281,0.1016,0.51,8.8824,8.8976
1.2,37,86.5352,99.451,2.4771,-19.086,-1.8956,-1.8735,19.2711
1.2,38,33.3184,156.6924,36.6559,3.4644,-1.4689,11.1916,11.8073
1.2,39,102.9466,15.7071,16.5317,24.764,-3.5732,-1.9248,25.0944
1.2,40,36.7083,99.0512,44.9959,0.2921,3.4003,-17.7902,18.1146
1.2,41,143.1603,94.2887,24.1818,15.1372,4.8258,25.4243,29.9803
1.2,42,90.9985,182.5601,3.4231,13.2313,19.1061,11.6749,26.008
1.2,43,77.5763,116.3193,36.7351,8.3883,3.5258,11.1234,14.371
1.2,44,62.969,102.8599,13.0673,9.8724,27.489,-6.7053,29.9678
1.2,45,118.4399,53.3476,2.5455,-24.0322,-11.046,12.2373,29.1429
1.2,46,72.6266,66.0957,28.6706,6.1855,-3.7932,14.9573,16.6244
1.2,47,14.6291,103.1809,43.1948,-12.1685,-2.8987,5.4629,13.6498
1.2,48,20.309,81.8732,15.9574,-15.8902,-16.089,-11.7309,25.4749
1.2,49,195.5033,5.4938,14.8907,2.3887,7.6561,4.4924,9.1926
1.3,0,35.672,180.0233,32.4984,-5.3184,-9.9468,-25.8664,28.2187
1.3,1,3.5897,143.2791,41.525,17.2879,-4.3709,-3.4701,18.1664
1.3,2,164.811,48.3689,1.9812,-17.253,18.1628,-17.8465,30.7579
1.3,3,128.7113,191.7528,23.0428,-21.1808,10.7785,-10.3488,25.921
1.3,4,143.2989,156.0777,3.7507,2.0108,-4.8872,-5.7713,7.8253
1.3,5,151.8159,140.905,24.4852,-23.1945,-0.8401,25.2121,34.2687
1.3,6,87.3139,84.3765,24.9823,-0.5116,-6.05,27.1639,27.8342
1.3,7,116.1184,53.4535,35.09,-27.6704,7.1584,-0.1857,28.5819
1.3,8,28.0437,21.4952,38.0392,1.7135,7.7795,3.8405,8.8434
1.3,9,24.3253,184.4756,42.9286,-0.2261,-7.4991,16.9231,18.5116
1.3,10,133.7653,87.6876,9.0438,0.0403,0.0435,16.1238,16.1239
1.3,11,100.2322,31.5442,41.044,9.7587,29.1489,11.4519,32.8029
1.3,12,111.9434,57.3254,9.2465,-5.7682,-5.902,22.8727,24.316
1.3,13,160.6256,112.4152,3.2936,-0.1442,-8.4046,28.4678,29.6828
1.3,14,130.7054,43.6585,30.7601,8.7981,-6.8522,14.5128,18.3024
1.3,15,111.4835,172.0756,23.937,-1.6588,11.6104,-1.4468,11.8172
1.3,16,107.8086,152.6401,42.9475,4.1888,3.4975,-20.9381,21.6375
1.3,17,60.7895,142.0628,40.042,0.3302,-0.0936,-6.906,6.9145
1.3,18,10.1575,91.8009,2.328,16.8124,24.5469,-2.1347,29.8289
1.3,19,97.7409,124.3383,39.7842,7.7328,22.6632,-0.4278,23.9499
1.3,20,44.4561,111.3918,13.5564,-6.824,25.685,-7.9604,27.7426
1.3,21,77.2213,132.0788,25.1568,-15.0188,-2.8055,3.3229,15.6358
1.3,22,186.4285,16.4271,4.9185,24.9451,-22.6052,5.5665,34.1209
1.3,23,36.9359,77.4089,49.2976,1.0338,-15.578,-27.6964,31.7936
1.3,24,11.8786,9.2716,5.044,-2.4666,-9.165,-26.7157,28.3515
1.3,25,54.8715,101.2634,0.428,3.1908,6.2799,-8.2382,10.8392
1.3,26,57.7015,71.878,27.2182,-7.2031,8.9698,15.1235,19.0016
1.3,27,132.6276,28.6844,49.6913,-2.878,0.3929,5.6063,6.3141
1.3,28,110.543,17.2061,47.6003,0.0941,0.1252,9.6274,9.6287
1.3,29,156.5044,123.8889,35.982,-1.4535,9.8023,23.4865,25.4915
1.3,30,134.8311,26.5113,41.7106,-3.3221,8.6545,25.7234,27.3429
1.3,31,75.0702,177.8899,34.2001,19.7928,20.3672,-18.7389,34.0253
1.3,32,160.8125,117.1392,26.6997,-13.3798,-4.3697,-4.4922,14.7748
1.3,33,31.4743,62.0534,14.2953,-3.3522,-11.546,-10.7288,16.1138
1.3,34,11.4523,120.8851,42.7213,16.3194,7.6707,6.2562,19.0867
1.3,35,17.6521,5.9161,35.6146,-2.027,0.2416,10.4873,10.6841
1.3,36,145.2345,192.6891,19.3109,1.5797,-7.6983,-4.1723,8.8976
1.3,37,86.5113,97.5549,2.8204,-0.2395,-18.9615,3.4326,19.2711
1.3,38,33.6949,155.8233,35.9508,3.7654,-8.6903,-7.0507,11.8073
1.3,39,101.7374,16.1148,14.3709,-12.0916,4.0771,-21.6078,25.0944
1.3,40,37.1555,98.1095,43.5144,4.4716,-9.4169,-14.8143,18.1146
1.3,41,143.1919,94.8305,21.2333,0.3152,5.4184,-29.485,29.9803
1.3,42,90.7339,182.8767,5.991,-2.6459,3.1654,25.6787,26.008
1.3,43,78.1882,117.5459,36.3034,6.1187,12.2658,-4.3171,14.371
1.3,44,61.508,103.1626,15.6663,-14.6094,3.0269,25.9899,29.9678
1.3,45,116.5289,54.8873,4.1173,-19.1099,15.3968,15.7182,29.1429
1.3,46,72.6803,67.0369,27.3013,0.5371,9.4118,-13.693,16.6244
1.3,47,14.6371,102.4661,42.032,0.08,-7.1485,-11.628,13.6498
1.3,48,19.755,83.1792,18.0733,-5.5399,13.0608,21.1588,25.4749
1.3,49,195.4063,6.1662,14.2714,-0.9701,6.7239,-6.1929,9.1926
1.4,0,37.4622,178.9383,30.606,17.9019,-10.8492,-18.9238,28.2187
1.4,1,4.4678,144.3413,40.3415,8.7811,10.622,-11.8356,18.1664
1.4,2,163.8427,46.3857,0.1611,-9.6834,-19.832,21.4237,30.7579
1.4,3,129.1318,190.7721,20.6805,4.2051,-9.8061,-23.6232,25.921
1.4,4,143.3116,156.2146,4.521,0.1271,1.3686,7.7037,7.8253
1.4,5,151.2806,144.1267,23.4472,-5.3535,32.2171,-10.3797,34.2687
1.4,6,89.0748,83.9773,22.864,17.6094,-3.9921,-21.1829,27.8342
1.4,7,115.9972,54.7721,37.6229,-1.2128,13.1859,25.3296,28.5819
1.4,8,27.2834,21.8532,37.7638,-7.6029,3.5802,-2.754,8.8434
1.4,9,24.1395,184.5595,41.0887,-1.8576,0.8385,-18.399,18.5116
1.4,10,133.7503,88.4729,7.6356,-0.1497,7.8524,-14.0819,16.1239
1.4,11,100.7116,28.6117,42.4337,4.7941,-29.3245,13.8969,32.8029
1.4,12,112.1532,55.8071,11.1341,2.0977,-15.1837,18.8764,24.316
1.4,13,159.3077,113.6793,0.9535,-13.1793,12.6409,-23.4005,29.6828
1.4,14,130.9448,43.2544,32.5291,2.3939,-4.0406,17.6896,18.3024
1.4,15,111.6061,172.5945,24.9916,1.226,5.189,10.5459,11.8172
1.4,16,108.8003,152.6669,44.8704,9.9176,0.2684,19.229,21.6375
1.4,17,60.3806,141.8668,39.5199,-4.0886,-1.9607,-5.2201,6.9145
1.4,18,10.6288,91.7833,0.6174,4.7126,-0.1754,29.4538,29.8289
1.4,19,98.6814,124.5712,41.9744,9.405,2.3296,21.9025,23.9499
1.4,20,45.0492,113.5868,11.9669,5.9312,21.9504,-15.895,27.7426
1.4,21,75.7759,131.9062,25.7274,-14.4546,-1.726,5.7064,15.6358
1.4,22,187.2876,14.2548,7.4055,8.5913,-21.7228,24.8707,34.1209
1.4,23,37.9928,78.0708,46.373,10.5689,6.6183,-29.246,31.7936
1.4,24,10.4536,10.3737,7.2333,-14.2504,11.0201,21.8927,28.3515
1.4,25,54.8677,101.0553,1.4917,-0.0382,-2.0805,10.6376,10.8392
1.4,26,56.7114,72.9121,28.4675,-9.9016,10.3413,12.4931,19.0016
1.4,27,132.8603,29.2598,49.5753,2.327,5.7541,-1.1593,6.3141
1.4,28,110.6651,17.5488,48.4918,1.2216,3.4265,8.915,9.6287
1.4,29,154.3596,125.249,36.2016,-21.4473,13.6017,2.1962,25.4915
1.4,30,132.8825,26.7647,43.612,-19.4852,2.5341,19.0141,27.3429
1.4,31,76.2453,176.502,37.0759,11.7512,-13.8795,28.7574,34.0253
1.4,32,160.1567,116.3232,27.7423,-6.5581,-8.1598,10.4261,14.7748
1.4,33,31.011,60.8746,13.2991,-4.6327,-11.7879,-9.9618,16.1138
1.4,34,12.139,120.8114,40.9419,6.8665,-0.7368,-17.7935,19.0867
1.4,35,17.0335,6.2987,34.8319,-6.1856,3.8257,-7.8265,10.6841
1.4,36,144.5038,193.1968,19.3189,-7.3067,5.0768,0.0804,8.8976
1.4,37,88.219,96.6623,2.8523,17.0766,-8.9256,0.3195,19.2711
1.4,38,33.7245,156.9641,36.254,0.2957,11.4077,3.0313,11.8073
1.4,39,101.4371,13.7595,13.5588,-3.0033,-23.5534,-8.1209,25.0944
1.4,40,37.1878,96.9858,44.9348,0.323,-11.2372,14.2042,18.1146
1.4,41,143.852,95.2963,24.1204,6.6011,4.6572,28.8714,29.9803
1.4,42,88.95,183.2375,4.1331,-17.8388,3.6088,-18.5786,26.008
1.4,43,78.5117,118.5535,37.2757,3.2347,10.0764,9.7226,14.371
1.4,44,62.5115,105.4965,17.2559,10.0343,23.3388,15.896,29.9678
1.4,45,113.697,55.5422,4.3286,-28.3188,6.5493,2.1122,29.1429
1.4,46,72.4528,67.9366,25.922,-2.2758,8.9973,-13.7927,16.6244
1.4,47,14.8707,101.6814,43.1241,2.3366,-7.8472,10.9215,13.6498
1.4,48,20.0178,83.0069,20.6014,2.6282,-1.7239,25.2802,25.4749
1.4,49,195.6356,5.4996,14.8615,2.2926,-6.6659,5.9003,9.1926
1.5,0,39.6815,177.6791,31.8111,22.1929,-12.5922,12.0501,28.2187
1.5,1,5.5374,144.2347,38.8769,10.6956,-1.0663,-14.6452,18.1664
1.5,2,163.2089,47.2348,3.0487,-6.3376,8.4907,28.8755,30.7579
1.5,3,128.1982,189.669,22.8324,-9.3355,-11.0316,21.5187,25.921
1.5,4,142.6241,156.3282,4.1648,-6.8743,1.1361,-3.5622,7.8253
1.5,5,154.5918,143.8479,24.2849,33.1118,-2.7884,8.3772,34.2687
1.5,6,90.0667,84.6406,20.3494,9.9191,6.6329,-25.1467,27.8342
1.5,7,115.7858,54.9019,40.4704,-2.1135,1.2975,28.4741,28.5819
1.5,8,27.4719,21.666,38.6073,1.8846,-1.8719,8.4351,8.8434
1.5,9,24.044,184.9989,42.8844,-0.9547,4.3942,17.9571,18.5116
1.5,10,134.0781,87.1186,6.8243,3.2778,-13.543,-8.1133,16.1239
1.5,11,99.4802,29.7282,39.6057,-12.3135,11.1644,-28.2802,32.8029
1.5,12,113.6423,55.6187,9.2211,14.8915,-1.8833,-19.1301,24.316
1.5,13,159.9238,113.1259,1.8969,6.1611,-5.5337,28.5042,29.6828
1.5,14,130.7311,43.894,30.8276,-2.137,6.3959,-17.0148,18.3024
1.5,15,111.6394,172.3341,23.8394,0.3322,-2.604,-11.5219,11.8172
1.5,16,108.7644,152.726,47.033,-0.359,0.5912,21.6265,21.6375
1.5,17,60.2555,141.768,38.8471,-1.2513,-0.9879,-6.7282,6.9145
1.5,18,9.9726,90.7709,2.1107,-6.5616,-10.1244,27.2802,29.8289
1.5,19,99.2745,123.4858,44.0253,5.9312,-10.854,20.5088,23.9499
1.5,20,47.7041,113.9979,12.6589,26.5494,4.1112,6.9196,27.7426
1.5,21,75.9656,132.906,26.9145,1.8969,9.998,11.8709,15.6358
1.5,22,186.5464,11.2164,8.7696,-7.4124,-30.3846,13.6407,34.1209
1.5,23,36.9331,77.6238,49.337,-10.5977,-4.4698,29.6403,31.7936
1.5,24,7.8835,10.4446,8.4281,-25.7012,0.7099,11.9478,28.3515
1.5,25,55.8846,101.423,1.567,10.1689,3.6762,0.7528,10.8392
1.5,26,55.8479,74.1281,29.6451,-8.6345,12.1592,11.7755,19.0016
1.5,27,133.2725,28.7928,49.4715,4.1216,-4.6692,-1.0388,6.3141
1.5,28,111.5016,17.7132,48.0441,8.3644,1.6443,-4.4771,9.6287
1.5,29,152.3419,126.7852,35.943,-20.1777,15.3618,-2.5861,25.4915
1.5,30,134.1906,26.2951,41.2572,13.0803,-4.6954,-23.5476,27.3429
1.5,31,78.172,177.1398,39.8069,19.2666,6.3782,27.31,34.0253
1.5,32,160.1547,115.2439,26.7333,-0.02,-10.7927,-10.0902,14.7748
1.5,33,30.9753,61.6212,11.8716,-0.3574,7.4658,-14.2754,16.1138
1.5,34,13.0313,119.8197,39.5769,8.9231,-9.9174,-13.6501,19.0867
1.5,35,17.021,5.7902,35.7715,-0.1256,-5.0846,9.3959,10.6841
1.5,36,145.0807,192.6927,18.8665,5.7693,-5.0411,-4.5244,8.8976
1.5,37,88.5604,98.2328,3.9157,3.4148,15.705,10.6334,19.2711
1.5,38,33.2196,156.8635,37.3166,-5.0483,-1.0056,10.6262,11.8073
1.5,39,101.5481,13.1629,11.1238,1.1097,-5.966,-24.3496,25.0944
1.5,40,37.2207,98.2044,46.2748,0.3293,12.1858,13.399,18.1146
1.5,41,144.1497,97.7454,22.4171,2.9774,24.4916,-17.0329,29.9803
1.5,42,90.5627,183.5157,2.1117,16.1264,2.7813,-20.2143,26.008
1.5,43,79.6628,118.2465,38.0793,11.5113,-3.0704,8.0366,14.371
1.5,44,62.3032,104.6849,20.1332,-2.0829,-8.1161,28.7725,29.9678
1.5,45,112.1619,53.7885,2.5789,-15.351,-17.5364,-17.4966,29.1429
1.5,46,72.3915,66.314,26.2787,-0.6125,-16.2256,3.567,16.6244
1.5,47,13.8138,101.4686,42.287,-10.5692,-2.1274,-8.3717,13.6498
1.5,48,17.5355,83.3819,21.0337,-24.8236,3.7506,4.3235,25.4749
1.5,49,194.8254,5.7655,15.2049,-8.102,2.6588,3.434,9.1926
1.6,0,38.2427,176.4837,29.6983,-14.3884,-11.9543,-21.1273,28.2187
1.6,1,5.1593,143.8635,40.6146,-3.7806,-3.7122,17.3765,18.1664
1.6,2,165.2418,49.543,3.0507,20.329,23.0821,0.0203,30.7579
1.6,3,127.5739,187.9834,24.7,-6.2436,-16.8556,18.6764,25.921
1.6,4,142.4621,156.0114,4.8618,-1.6205,-3.1681,6.9694,7.8253
1.6,5,154.5866,143.8364,27.7117,-0.0518,-0.115,34.2684,34.2687
1.6,6,91.6759,85.4487,18.2269,16.0915,8.081,-21.225,27.8342
1.6,7,113.6685,55.6366,38.6966,-21.1734,7.3477,-17.7377,28.5819
1.6,8,26.9452,22.0048,37.9828,-5.2665,3.3872,-6.2447,8.8434
1.6,9,25.2078,185.7042,41.6294,11.6379,7.0527,-12.5498,18.5116
1.6,10,134.3473,88.6538,7.2373,2.6924,15.3518,4.1297,16.1239
1.6,11,99.418,29.7524,42.8853,-0.6221,0.242,32.7962,32.8029
1.6,12,113.639,55.5446,11.6516,-0.0331,-0.7418,24.3046,24.316
1.6,13,160.164,116.0739,2.1463,2.4018,29.4802,2.4937,29.6828
1.6,14,131.5277,42.4395,31.6018,7.9667,-14.5454,7.7421,18.3024
1.6,15,111.1568,172.1913,24.9086,-4.8256,-1.4282,10.692,11.8172
1.6,16,108.794,152.2745,49.1489,0.2961,-4.5156,21.159,21.6375
1.6,17,59.8484,141.8389,38.2927,-4.0705,0.7089,-5.5443,6.9145
1.6,18,7.0017,90.7859,2.3778,-29.7087,0.1504,2.6711,29.8289
1.6,19,98.3978,122.6654,46.0976,-8.7674,-8.2041,20.7226,23.9499
1.6,20,49.7372,113.0094,11.0509,20.3312,-9.8857,-16.0801,27.7426
1.6,21,74.4319,132.985,26.6206,-15.3368,0.7897,-2.9391,15.6358
1.6,22,186.3948,11.1888,12.1782,-1.5159,-0.2759,34.0861,34.1209
1.6,23,36.8134,77.5345,47.4871,-1.1968,-0.8927,-31.7586,31.7936
1.6,24,7.8189,9.623,11.1408,-0.6459,-8.2169,27.127,28.3515
1.6,25,56.4617,101.7028,2.4408,5.7712,2.7981,8.7379,10.8392
1.6,26,54.4329,73.9881,28.3846,-14.1499,-1.3993,-12.6049,19.0016
1.6,27,132.742,28.8545,49.1346,-5.3045,0.6163,-3.369,6.3141
1.6,28,112.3409,17.2633,48.1866,8.3929,-4.499,1.425,9.6287
1.6,29,149.8411,126.8873,36.4267,-25.0074,1.0209,4.8378,25.4915
1.6,30,131.5107,26.8357,41.3045,-26.799,5.4059,0.4727,27.3429
1.6,31,81.1788,176.4119,41.2233,30.0684,-7.2788,14.1644,34.0253
1.6,32,158.8059,115.6768,26.3136,-13.4886,4.3288,-4.1967,14.7748
1.6,33,31.4559,62.6576,13.008,4.8065,10.3633,11.3646,16.1138
1.6,34,13.3726,121.4377,38.6237,3.4127,16.1801,-9.5321,19.0867
1.6,35,17.7819,6.3087,35.2296,7.6095,5.1845,-5.4191,10.6841
1.6,36,145.427,192.6939,18.0469,3.4624,0.0124,-8.1963,8.8976
1.6,37,87.5806,98.6793,2.3174,-9.798,4.4651,-15.9825,19.2711
1.6,38,33.2841,156.3331,38.3695,0.6444,-5.3042,10.5291,11.8073
1.6,39,101.2915,10.7024,10.7023,-2.5652,-24.6046,-4.2148,25.0944
1.6,40,38.3854,98.4429,44.908,11.6464,2.3851,-13.6679,18.1146
1.6,41,142.2885,96.8699,24.5984,-18.6116,-8.7555,21.8122,29.9803
1.6,42,92.0131,185.6294,2.5507,14.5043,21.137,4.3895,26.008
1.6,43,79.7518,118.2119,36.6454,0.8898,-0.3453,-14.3393,14.371
1.6,44,63.5495,106.8656,18.4986,12.4632,21.8072,-16.3457,29.9678
1.6,45,111.0854,52.6897,0.1037,-10.7649,-10.9889,-24.7522,29.1429
1.6,46,71.7153,67.616,27.0607,-6.7618,13.0194,7.8193,16.6244
1.6,47,13.16,100.6624,41.4006,-6.5379,-8.0627,-8.8639,13.6498
1.6,48,17.0957,83.6523,18.5391,-4.3971,2.7037,-24.9464,25.4749
1.6,49,194.8349,5.6079,14.2993,0.0956,-1.5757,-9.056,9.1926
1.7,0,37.8729,176.2752,32.4881,-3.6979,-2.0855,27.8975,28.2187
1.7,1,5.2274,143.8728,38.7993,0.6813,0.0936,-18.1533,18.1664
1.7,2,166.4541,47.8476,5.3127,12.1221,-16.9537,22.6203,30.7579
1.7,3,127.7095,188.1842,27.2808,1.3569,2.0074,25.8075,25.921
1.7,4,142.2833,155.8699,5.6104,-1.7875,-1.4149,7.4859,7.8253
1.7,5,154.2905,143.9436,31.1241,-2.9606,1.0724,34.1237,34.2687
1.7,6,89.1025,86.4146,18.6651,-25.734,9.6592,4.3822,27.8342
1.7,7,114.2937,55.9395,35.9241,6.2525,3.0289,-27.7247,28.5819
1.7,8,27.076,21.6246,38.7705,1.3082,-3.8012,7.8769,8.8434
1.7,9,26.5649,184.6247,42.2773,13.5706,-10.795,6.4796,18.5116
1.7,10,135.8525,88.7581,7.806,15.0516,1.0435,5.6869,16.1239
1.7,11,100.7929,32.6088,42.0422,13.7486,28.5643,-8.4316,32.8029
1.7,12,115.5899,54.199,12.1957,19.509,-13.4556,5.4416,24.316
1.7,13,158.8528,115.6525,0.4832,-13.1117,-4.2142,26.2944,29.6828
1.7,14,132.3122,43.5198,32.8537,7.8448,10.8031,12.5192,18.3024
1.7,15,111.2374,172.4552,23.7596,0.8065,2.6388,-11.4905,11.8172
1.7,16,107.9237,150.9033,49.4213,-8.7032,-13.7115,-14.298,21.6375
1.7,17,59.7987,141.5269,38.9078,-0.4977,-3.1194,6.1508,6.9145
1.7,18,4.5913,89.0478,2.1201,-24.1047,-17.3808,-2.5768,29.8289
1.7,19,100.6887,121.9709,46.1715,22.9087,-6.9456,0.7395,23.9499
1.7,20,47.4335,113.0953,9.5075,-23.0373,0.8597,-15.4337,27.7426
1.7,21,74.3854,133.1273,28.177,-0.4653,1.4238,15.5639,15.6358
1.7,22,183.8836,11.5505,14.4597,-25.1126,3.6171,22.8147,34.1209
1.7,23,34.9607,79.7836,46.2152,-18.5265,22.4905,-12.7194,31.7936
1.7,24,8.0557,11.0838,8.7225,2.3687,14.6082,-24.1826,28.3515
1.7,25,57.123,101.8992,1.6047,6.6124,1.9646,-8.3608,10.8392
1.7,26,53.3021,75.5,28.1697,-11.3085,15.1183,-2.1491,19.0016
1.7,27,132.7148,28.7445,49.7557,-0.2721,-1.0999,6.2116,6.3141
1.7,28,113.05,17.3458,48.8327,7.0912,0.8252,6.4611,9.6287
1.7,29,148.3609,127.4822,34.4385,-14.8028,5.9494,-19.8821,25.4915
1.7,30,130.7893,25.9176,43.7769,-7.2137,-9.1812,24.7245,27.3429
1.7,31,78.7518,174.3937,39.9529,-24.2698,-20.1817,-12.7042,34.0253
1.7,32,158.9165,115.0225,27.6336,1.106,-6.5435,13.2005,14.7748
1.7,33,31.8677,61.6275,11.8393,4.1173,-10.3008,-11.6874,16.1138
1.7,34,12.949,119.7113,39.3188,-4.2359,-17.2637,6.9515,19.0867
1.7,35,17.9768,6.4555,36.2698,1.9482,1.4684,10.4019,10.6841
1.7,36,144.7903,192.7946,17.4335,-6.3664,1.0074,-6.1336,8.8976
1.7,37,86.3195,97.7211,3.4152,-12.6115,-9.5817,10.9781,19.2711
1.7,38,33.2854,156.3802,39.5493,0.0131,0.4703,11.7979,11.8073
1.7,39,102.3944,11.0045,8.4686,11.0284,3.0209,-22.3378,25.0944
1.7,40,38.4674,98.9327,43.1659,0.8203,4.8982,-17.4204,18.1146
1.7,41,139.8305,97.5858,26.1584,-24.5807,7.159,15.6,29.9803
1.7,42,90.0601,186.8022,1.2958,-19.5298,11.7278,-12.5483,26.008
1.7,43,79.8936,118.4977,35.2441,1.4183,2.8571,-14.0125,14.371
1.7,44,64.8961,104.1985,18.2663,13.4663,-26.6708,-2.3226,29.9678
1.7,45,112.9036,51.7731,2.1887,18.182,-9.1656,20.8498,29.1429
1.7,46,72.1059,68.8536,26.0217,3.9058,12.3765,-10.3893,16.6244
1.7,47,14.2316,100.1546,40.7245,10.7156,-5.0775,-6.7612,13.6498
1.7,48,18.2754,83.7852,20.7931,11.7963,1.3294,22.5399,25.4749
1.7,49,195.6523,5.1912,14.3572,8.1734,-4.167,0.5793,9.1926
1.8,0,37.9331,176.1837,35.3078,0.6024,-0.9142,28.1974,28.2187
1.8,1,5.1401,143.9034,36.985,-0.8739,0.306,-18.1427,18.1664
1.8,2,169.3639,46.962,4.8555,29.0982,-8.8568,-4.5721,30.7579
1.8,3,126.9917,187.1857,29.5626,-7.1786,-9.985,22.8181,25.921
1.8,4,142.7803,156.313,5.1992,4.9693,4.4312,-4.1117,7.8253
1.8,5,156.8572,141.6835,30.9068,25.6668,-22.6017,-2.1734,34.2687
1.8,6,88.9111,86.4276,21.4419,-1.9139,0.1293,27.768,27.8342
1.8,7,116.0872,58.1535,35.6988,17.935,22.1401,-2.2535,28.5819
1.8,8,27.279,21.9141,37.9599,2.0295,2.8951,-8.1059,8.8434
1.8,9,26.4503,184.348,40.4506,-1.1454,-2.767,-18.2677,18.5116
1.8,10,136.1155,88.8388,9.3947,2.6304,0.8069,15.8875,16.1239
1.8,11,100.2386,34.9766,39.8407,-5.5422,23.6782,-22.015,32.8029
1.8,12,117.1422,56.0703,12.2268,15.5233,18.7135,0.3104,24.316
1.8,13,158.0749,115.9544,2.3654,-7.7787,3.0191,28.4859,29.6828
1.8,14,130.7856,44.431,32.419,-15.2658,9.1121,-4.3478,18.3024
1.8,15,110.9825,172.4199,24.9129,-2.5497,-0.3527,11.5334,11.8172
1.8,16,107.5231,153.0296,49.4377,-4.0058,21.2629,0.164,21.6375
1.8,17,59.86,141.5395,39.5964,0.6135,0.1252,6.8861,6.9145
1.8,18,2.9603,87.6211,0.0702,-16.3097,-14.2675,-20.4987,29.8289
1.8,19,99.009,123.6778,46.2057,-16.7965,17.0693,0.342,23.9499
1.8,20,46.7451,112.1309,12.016,-6.8841,-9.6443,25.0848,27.7426
1.8,21,75.5824,134.1009,27.9239,11.9707,9.7353,-2.5307,15.6358
1.8,22,186.4993,11.7775,12.2805,26.1573,2.27,-21.7918,34.1209
1.8,23,34.9757,81.178,49.0724,0.1494,13.9438,28.5724,31.7936
1.8,24,5.4873,11.803,7.7612,-25.6841,7.1919,-9.613,28.3515
1.8,25,56.2744,102.5654,1.7092,-8.4861,6.6621,1.0446,10.8392
1.8,26,53.3539,75.3699,30.0647,0.5178,-1.3007,18.95,19.0016
1.8,27,132.4636,28.9869,49.2296,-2.5122,2.4242,-5.2612,6.3141
1.8,28,112.2828,17.1972,48.2702,-7.6721,-1.4856,-5.6253,9.6287
1.8,29,148.1541,127.3445,31.9015,-2.0676,-1.3771,-25.3701,25.4915
1.8,30,133.343,26.2701,42.8656,25.5373,3.5251,-9.1134,27.3429
1.8,31,76.7593,174.2037,37.2014,-19.925,-1.9003,-27.5155,34.0253
1.8,32,158.2164,116.0549,28.4255,-7.0004,10.3243,7.9181,14.7748
1.8,33,31.1028,62.04,10.4823,-7.6491,4.1253,-13.5694,16.1138
1.8,34,14.2643,120.6706,40.3152,13.1534,9.5929,9.9632,19.0867
1.8,35,18.1379,5.6854,35.547,1.611,-7.7011,-7.2283,10.6841
1.8,36,145.5379,192.5117,17.0426,7.4753,-2.8298,-3.909,8.8976
1.8,37,88.0167,97.9602,2.5342,16.9718,2.3903,-8.8103,19.2711
1.8,38,32.5479,155.8345,40.2926,-7.3751,-5.4562,7.433,11.8073
1.8,39,102.6112,8.5184,8.205,2.168,-24.8613,-2.6354,25.0944
1.8,40,38.1111,100.5358,42.4013,-3.5629,16.0307,-7.6459,18.1146
1.8,41,140.1435,96.2839,28.8408,3.1304,-13.0192,26.8239,29.9803
1.8,42,88.3526,184.929,1.8787,-17.0755,-18.7314,5.8289,26.008
1.8,43,80.7009,118.1126,34.1193,8.0727,-3.8507,-11.2485,14.371
1.8,44,65.8148,104.0883,21.1167,9.1866,-1.1017,28.5037,29.9678
1.8,45,115.3788,52.4476,0.806,24.7514,6.7455,-13.8266,29.1429
1.8,46,71.9149,68.9225,24.3717,-1.9104,0.6886,-16.4999,16.6244
1.8,47,12.9259,99.7575,40.7013,-13.0574,-3.971,-0.2315,13.6498
1.8,48,18.8597,84.5558,18.4362,5.8429,7.7054,-23.5681,25.4749
1.8,49,195.3292,5.7275,13.6841,-3.2302,5.3627,-6.7313,9.1926
1.9,0,37.8879,173.6954,36.6379,-0.4518,-24.8834,13.3006,28.2187
1.9,1,5.2727,144.046,35.1788,1.326,1.4255,-18.0617,18.1664
1.9,2,170.0757,45.058,7.1639,7.1187,-19.0398,23.0838,30.7579
1.9,3,128.4018,186.5954,31.6559,14.1016,-5.9027,20.9333,25.921
1.9,4,142.1981,155.8523,5.4466,-5.8219,-4.6064,2.4744,7.8253
1.9,5,156.49,140.2398,33.993,-3.6719,-14.4363,30.8618,34.2687
1.9,6,88.72,85.607,18.789,-1.9108,-8.2055,-26.5285,27.8342
1.9,7,118.2638,58.0551,33.8488,21.7654,-0.9842,-18.4993,28.5819
1.9,8,26.8153,22.6294,37.7244,-4.6367,7.1525,-2.3556,8.8434
1.9,9,26.5785,184.5582,38.6159,1.2816,2.102,-18.3471,18.5116
1.9,10,134.5359,88.6476,9.1336,-15.7958,-1.9116,-2.6116,16.1239
1.9,11,97.8637,34.4731,37.6346,-23.749,-5.035,-22.0605,32.8029
1.9,12,118.1465,58.1338,11.4228,10.0424,20.6343,-8.0399,24.316
1.9,13,155.8872,114.0714,1.6734,-21.8771,-18.8302,-6.92,29.6828
1.9,14,131.4599,44.491,34.1194,6.7424,0.5999,17.0047,18.3024
1.9,15,111.7797,172.0304,24.1324,7.9719,-3.8949,-7.8053,11.8172
1.9,16,107.4583,153.7356,48.518,-0.6483,7.0598,-20.4431,21.6375
1.9,17,60.5122,141.705,39.437,6.5216,1.6553,-1.5936,6.9145
1.9,18,4.9483,89.2292,1.4658,19.88,16.0811,15.3606,29.8289
1.9,19,99.1556,126.0682,46.2246,1.4664,23.9043,0.189,23.9499
1.9,20,46.3437,114.7828,11.307,-4.0136,26.5195,-7.0896,27.7426
1.9,21,76.6894,134.3324,26.8442,11.0698,2.3149,-10.7972,15.6358
1.9,22,185.8735,15.1316,12.3092,-6.2575,33.541,0.2872,34.1209
1.9,23,35.4878,82.5446,46.2478,5.1207,13.6663,-28.2462,31.7936
1.9,24,3.6553,13.5535,6.4894,-18.3203,17.5051,-12.7179,28.3515
1.9,25,55.4779,103.2662,1.9316,-7.9649,7.0071,2.2244,10.8392
1.9,26,52.3828,76.9213,29.5541,-9.7106,15.5145,-5.1056,19.0016
1.9,27,132.3076,29.2797,49.7668,-1.5602,2.9277,5.3724,6.3141
1.9,28,112.8703,17.5687,47.6039,5.875,3.7145,-6.6632,9.6287
1.9,29,148.3928,127.3826,34.4392,2.3869,0.3812,25.3766,25.4915
1.9,30,133.8502,27.9047,44.998,5.072,16.3457,21.3243,27.3429
1.9,31,76.7738,173.8582,40.5863,0.1444,-3.4551,33.8491,34.0253
1.9,32,158.9346,116.0134,29.716,7.1815,-0.4151,12.9053,14.7748
1.9,33,31.7295,61.738,9.0289,6.2673,-3.0204,-14.5345,16.1138
1.9,34,12.3629,120.6202,40.4736,-19.0141,-0.5042,1.5848,19.0867
1.9,35,17.6049,5.5774,34.6273,-5.3297,-1.0801,-9.1967,10.6841
1.9,36,145.348,192.9535,17.7912,-1.8984,4.4188,7.4859,8.8976
1.9,37,88.2954,96.121,3.0378,2.7874,-18.3914,5.0362,19.2711
1.9,38,32.6284,154.9689,39.4937,0.805,-8.6569,-7.9889,11.8073
1.9,39,102.9185,8.0616,10.6533,3.0734,-4.5672,24.4831,25.0944
1.9,40,38.6191,100.1443,40.7072,5.0797,-3.9145,-16.9414,18.1146
1.9,41,137.452,97.4617,29.4382,-26.9148,11.7779,5.9747,29.9803
1.9,42,88.5641,182.9417,3.5431,2.1151,-19.8729,16.6435,26.008
1.9,43,80.7926,117.8648,32.7067,0.9167,-2.4776,-14.1261,14.371
1.9,44,64.7891,106.7541,22.0235,-10.2571,26.6575,9.0684,29.9678
1.9,45,116.817,51.7625,3.2463,14.3824,-6.8517,24.4031,29.1429
1.9,46,72.2052,69.118,22.7466,2.9032,1.9555,-16.2517,16.6244
1.9,47,14.2889,99.7084,40.7538,13.6309,-0.491,0.5249,13.6498
1.9,48,19.0925,82.7214,16.684,2.328,-18.344,-17.5227,25.4749
1.9,49,195.997,6.1708,14.1343,6.6772,4.4325,4.5024,9.1926
2.0,0,39.9492,175.5991,36.9379,20.6129,19.0369,3.0001,28.2187
2.0,1,6.3739,143.5862,36.5485,11.0125,-4.5979,13.6968,18.1664
2.0,2,172.3292,43.3038,6.0215,22.535,-17.5416,-11.4244,30.7579
2.0,3,129.3786,188.891,32.3597,9.7674,22.9558,7.0375,25.921
2.0,4,142.1612,155.9266,6.2247,-0.3684,0.743,7.7813,7.8253
2.0,5,153.5766,138.4511,34.2294,-29.1341,-17.8874,2.3645,34.2687
2.0,6,88.5649,84.8444,21.4614,-1.5513,-7.6263,26.7241,27.8342
2.0,7,116.6489,58.6635,36.1273,-16.1483,6.0839,22.7848,28.5819
2.0,8,26.9054,22.7643,36.855,0.9008,1.349,-8.6934,8.8434
2.0,9,28.0109,185.6571,38.2069,14.3245,10.9894,-4.0893,18.5116
2.0,10,135.8454,88.6457,10.0744,13.0944,-0.0193,9.4084,16.1239
2.0,11,97.7322,34.511,40.912,-1.3155,0.379,32.7744,32.8029
2.0,12,119.8246,56.4028,11.1057,16.7808,-17.3095,-3.1706,24.316
2.0,13,155.0394,114.1657,1.1696,-8.4781,0.9427,28.4307,29.6828
2.0,14,133.046,43.6493,34.4737,15.8616,-8.4164,3.5429,18.3024
2.0,15,112.1694,172.2701,23.0429,3.8976,2.3972,-10.8953,11.8172
2.0,16,108.6067,154.7355,49.9447,11.4837,9.9991,-15.3729,21.6375
2.0,17,61.1369,141.4092,39.4537,6.2478,-2.9576,0.1667,6.9145
2.0,18,7.1032,88.4913,3.3919,21.5489,-7.3789,19.2603,29.8289
2.0,19,98.7777,126.9459,48.4207,-3.7795,8.7765,21.961,23.9499
2.0,20,44.7789,116.7959,12.4004,-15.6483,20.1305,10.9337,27.7426
2.0,21,75.2874,134.7642,27.3851,-14.0205,4.3181,5.409,15.6358
2.0,22,183.8181,16.327,14.7563,-20.5547,11.9544,24.4711,34.1209
2.0,23,36.0433,83.9488,49.0457,5.5552,14.0425,27.9783,31.7936
2.0,24,4.5656,12.8778,9.088,9.1034,-6.757,25.9861,28.3515
2.0,25,55.4753,103.3899,0.8548,-0.0257,1.2376,-10.7683,10.8392
2.0,26,51.864,75.1241,29.8878,-5.1881,-17.9725,3.3369,19.0016
2.0,27,132.6695,29.4422,49.2757,3.6195,1.6248,-4.9119,6.3141
2.0,28,113.2672,17.6673,48.4755,3.9696,0.9861,8.7167,9.6287
2.0,29,147.0979,125.5096,35.585,-12.949,-18.7308,11.4584,25.4915
2.0,30,132.4448,30.1499,44.3199,-14.0547,22.4524,-6.7814,27.3429
2.0,31,75.7128,172.2872,37.7608,-10.6102,-15.7097,-28.2551,34.0253
2.0,32,160.0081,116.7333,29.0002,10.7348,7.1992,-7.1575,14.7748
2.0,33,32.9582,61.3375,9.9914,12.2868,-4.0049,9.6255,16.1138
2.0,34,12.3522,119.4773,38.945,-0.1067,-11.4288,-15.2863,19.0867
2.0,35,17.8255,5.3602,33.6047,2.2066,-2.1718,-10.2257,10.6841
2.0,36,145.5486,193.1854,18.6265,2.0061,2.3183,8.3528,8.8976
2.0,37,87.7405,97.2972,4.4599,-5.5492,11.7617,14.2213,19.2711
2.0,38,32.159,155.4792,38.538,-4.6938,5.1038,-9.5568,11.8073
2.0,39,100.9787,7.6001,9.1297,-19.3982,-4.6149,-15.2361,25.0944
2.0,40,38.573,100.2962,42.5117,-0.4607,1.5191,18.0449,18.1146
2.0,41,139.6608,98.3463,31.2622,22.0878,8.8466,18.2398,29.9803
2.0,42,86.9026,184.7362,4.4281,-16.6152,17.9451,8.85,26.008
2.0,43,80.7588,119.0469,31.8901,-0.338,11.8206,-8.166,14.371
2.0,44,62.9649,108.3437,20.2554,-18.242,15.8957,-17.6812,29.9678
2.0,45,116.9351,52.1035,0.3545,1.1807,3.4107,-28.9186,29.1429
2.0,46,72.1117,70.3668,23.84,-0.9351,12.4874,10.9343,16.6244
2.0,47,14.16,99.5763,39.4014,-1.2891,-1.3211,-13.5245,13.6498
2.0,48,19.0628,82.7465,14.1368,-0.2966,0.2512,-25.4719,25.4749
2.0,49,195.6075,6.7409,14.7411,-3.895,5.7017,6.0682,9.1926
2.1,0,40.4202,175.4423,34.16,4.7102,-1.5674,-27.7786,28.2187
2.1,1,6.4068,142.7807,38.1764,0.3293,-8.0555,16.2793,18.1664
2.1,2,170.2941,43.6704,3.7446,-20.3518,3.6654,-22.7688,30.7579
2.1,3,126.8261,189.1154,32.7513,-25.5251,2.2438,3.916,25.921
2.1,4,141.4601,156.2241,6.045,-7.0112,2.9748,-1.797,7.8253
2.1,5,152.6486,140.2824,36.9732,-9.2796,18.3135,27.4381,34.2687
2.1,6,85.809,84.466,21.3644,-27.5588,-3.7835,-0.9706,27.8342
2.1,7,114.054,59.8617,36.1332,-25.949,11.9822,0.0593,28.5819
2.1,8,26.8807,22.7468,37.7389,-0.2472,-0.1753,8.8382,8.8434
2.1,9,28.6855,185.1547,36.5579,6.7456,-5.0238,-16.4905,18.5116
2.1,10,136.6627,88.6201,11.4641,8.173,-0.2564,13.8967,16.1239
2.1,11,98.1995,34.7631,37.675,4.6728,2.5211,-32.3704,32.8029
2.1,12,118.0083,58.0105,10.9351,-18.1628,16.077,-1.706,24.316
2.1,13,155.477,115.1064,3.9507,4.376,9.4076,27.8104,29.6828
2.1,14,132.0949,44.9225,35.3816,-9.5115,12.7313,9.0788,18.3024
2.1,15,111.9391,173.2302,23.6923,-2.3031,9.6001,6.4945,11.8172
2.1,16,109.3338,156.1525,48.48,7.2718,14.1696,-14.6467,21.6375
2.1,17,61.196,140.7429,39.2787,0.5909,-6.6634,-1.7495,6.9145
2.1,18,4.3792,88.5548,2.1779,-27.2394,0.6353,-12.1398,29.8289
2.1,19,100.8662,125.7848,48.5819,20.8851,-11.6109,1.6122,23.9499
2.1,20,47.4761,117.3561,12.072,26.9719,5.602,-3.2843,27.7426
2.1,21,76.5086,135.3108,26.5761,12.2127,5.4661,-8.09,15.6358
2.1,22,181.5239,17.9228,12.7986,-22.9415,15.9576,-19.5775,34.1209
2.1,23,38.0167,85.0382,46.8035,19.7344,10.8939,-22.4212,31.7936
2.1,24,4.3592,15.4537,7.9217,-2.0647,25.7588,-11.6632,28.3515
2.1,25,55.9653,103.3468,0.1111,4.9002,-0.4312,9.6587,10.8392
2.1,26,52.0535,75.8426,31.6366,1.895,7.1853,17.4883,19.0016
2.1,27,132.8614,30.0098,49.4748,1.9189,5.6764,1.9911,6.3141
2.1,28,112.9156,17.4919,47.5965,-3.5157,-1.7537,-8.7907,9.6287
2.1,29,145.0072,125.5359,37.0433,-20.9066,0.263,14.5829,25.4915
2.1,30,131.343,29.5403,46.747,-11.0174,-6.0964,24.271,27.3429
2.1,31,74.0617,173.9027,35.2625,-16.5107,16.1545,-24.9829,34.0253
2.1,32,160.3203,116.1369,27.6851,3.1227,-5.9644,-13.1517,14.7748
2.1,33,32.9863,61.3708,8.3806,0.281,0.3336,-16.1079,16.1138
2.1,34,12.098,119.6001,37.0573,-2.5419,1.2276,-18.8768,19.0867
2.1,35,17.5573,4.6858,34.3887,-2.6821,-6.7448,7.8399,10.6841
2.1,36,145.5729,193.159,19.5155,0.2422,-0.2637,8.8904,8.8976
2.1,37,87.5556,97.4951,2.552,-1.8485,1.9791,-19.0799,19.2711
2.1,38,31.394,155.1324,39.3678,-7.6499,-3.4683,8.2983,11.8073
2.1,39,101.4883,7.8366,6.684,5.0956,2.3643,-24.4576,25.0944
2.1,40,39.4063,101.8193,43.0287,8.3332,15.2303,5.1702,18.1146
2.1,41,141.5468,99.2213,33.4222,18.8598,8.7503,21.6,29.9803
2.1,42,86.577,182.4084,3.3148,-3.2562,-23.2783,-11.1324,26.008
2.1,43,80.7471,119.0948,30.4538,-0.1169,0.4795,-14.3625,14.371
2.1,44,62.4946,105.5188,21.1383,-4.7028,-28.249,8.8288,29.9678
2.1,45,117.0084,52.136,3.2676,0.7328,0.3248,29.1319,29.1429
2.1,46,72.8934,69.452,22.6929,7.8176,-9.1477,-11.4705,16.6244
2.1,47,14.5519,98.9188,38.2712,3.9183,-6.5754,-11.3018,13.6498
2.1,48,19.8827,83.2591,11.7799,8.1988,5.126,-23.5685,25.4749
2.1,49,196.5028,6.8756,14.8999,8.9537,1.3465,1.5877,9.1926
2.2,0,38.3784,174.0275,35.4987,-20.4181,-14.1488,13.3869,28.2187
2.2,1,6.774,141.4307,39.3353,3.672,-13.499,11.5892,18.1664
2.2,2,170.3477,40.8942,5.0677,0.5361,-27.7615,13.2312,30.7579
2.2,3,128.065,188.1233,34.8006,12.3892,-9.9203,20.4938,25.921
2.2,4,141.7084,155.5449,6.344,2.4827,-6.7924,2.9892,7.8253
2.2,5,152.7071,143.685,37.3761,0.5843,34.026,4.0287,34.2687
2.2,6,83.3395,83.5616,22.2759,-24.6952,-9.0449,9.1149,27.8342
2.2,7,113.7918,60.7158,33.4183,-2.6223,8.5407,-27.1497,28.5819
2.2,8,26.5591,23.3336,37.1607,-3.2156,5.8679,-5.7822,8.8434
2.2,9,30.3637,184.3899,36.717,16.7824,-7.6482,1.5915,18.5116
2.2,10,136.4027,88.0501,12.9498,-2.5996,-5.6996,14.8573,16.1239
2.2,11,100.9391,34.322,39.4244,27.3958,-4.4114,17.4941,32.8029
2.2,12,117.4176,58.3503,8.601,-5.9062,3.3978,-23.3417,24.316
2.2,13,152.7109,114.4435,4.7992,-27.661,-6.6293,8.4848,29.6828
2.2,14,130.9244,45.0174,33.9778,-11.7048,0.9496,-14.0384,18.3024
2.2,15,112.6239,173.7773,24.4849,6.8477,5.471,7.9261,11.8172
2.2,16,109.427,157.265,49.6665,0.9317,11.1248,-18.5352,21.6375
2.2,17,60.5441,140.6285,39.4788,-6.5191,-1.1435,2.0011,6.9145
2.2,18,6.9876,89.7301,3.0223,26.0833,11.7523,8.4446,29.8289
2.2,19,102.7687,124.9108,47.4189,19.0247,-8.7398,-11.6307,23.9499
2.2,20,49.4239,119.2758,11.6057,19.478,19.197,-4.6624,27.7426
2.2,21,76.7165,135.9239,27.9993,2.0786,6.1315,14.2324,15.6358
2.2,22,181.7744,15.3286,15.0008,2.505,-25.9417,22.0226,34.1209
2.2,23,40.6194,86.8536,47.0007,26.0265,18.154,1.9718,31.7936
2.2,24,6.4618,13.9316,6.7813,21.0261,-15.2203,-11.4041,28.3515
2.2,25,55.9393,103.1779,0.9593,-0.2598,-1.6885,10.7037,10.8392
2.2,26,52.8032,76.1875,29.9251,7.4973,3.4489,-17.116,19.0016
2.2,27,132.7328,29.6737,48.9559,-1.2858,-3.361,-5.1883,6.3141
2.2,28,112.3146,16.8386,47.2235,-6.0101,-6.5328,-3.7299,9.6287
2.2,29,145.0278,125.0913,39.5533,0.2054,-4.4455,25.1,25.4915
2.2,30,132.6329,27.1297,46.7912,12.8987,-24.1052,0.4427,27.3429
2.2,31,73.6096,171.6591,32.7447,-4.5213,-22.4358,-25.1777,34.0253
2.2,32,159.9074,115.8885,26.2884,-4.1294,-2.4835,-13.9669,14.7748
2.2,33,32.3672,62.6353,7.5969,-6.191,12.6448,-7.8379,16.1138
2.2,34,11.7584,118.6126,38.655,-3.3965,-9.8746,15.9768,19.0867
2.2,35,18.5186,4.4194,34.0059,9.6123,-2.664,-3.8286,10.6841
2.2,36,145.0757,192.8542,20.1875,-4.9717,-3.0476,6.7203,8.8976
2.2,37,86.9818,96.5339,4.1206,-5.738,-9.612,15.6864,19.2711
2.2,38,31.0222,155.2874,38.2579,-3.718,1.5502,-11.0989,11.8073
2.2,39,101.5792,5.4737,7.5241,0.9092,-23.629,8.4009,25.0944
2.2,40,39.6384,101.8158,44.8252,2.3211,-0.034,17.9652,18.1146
2.2,41,143.072,101.6377,32.5149,15.252,24.1637,-9.0727,29.9803
2.2,42,86.6991,182.8045,0.7473,1.2211,3.9608,-25.6756,26.008
2.2,43,80.4146,119.0107,31.8494,-3.3246,-0.8411,13.9558,14.371
2.2,44,61.4309,105.6438,23.9372,-10.637,1.2505,27.9886,29.9678
2.2,45,114.3901,50.8723,3.4702,-26.1822,-12.6373,2.0255,29.1429
2.2,46,74.4562,69.9497,22.9646,15.6274,4.9773,2.7168,16.6244
2.2,47,13.8572,99.3955,37.1972,-6.9465,4.7672,-10.7396,13.6498
2.2,48,18.6958,82.5774,13.9285,-11.8687,-6.8171,21.4856,25.4749
2.2,49,195.7122,6.4067,14.8958,-7.9067,-4.6889,-0.0404,9.1926
2.3,0,41.1111,174.6181,35.8815,27.3269,5.9063,3.8276,28.2187
2.3,1,6.0318,139.7727,39.3312,-7.4221,-16.5809,-0.0411,18.1664
2.3,2,172.9824,40.0472,6.4099,26.3468,-8.4699,13.4222,30.7579
2.3,3,128.2584,187.767,37.3608,1.9344,-3.5636,25.6019,25.921
2.3,4,141.6045,156.147,5.8551,-1.0392,6.0215,-4.8885,7.8253
2.3,5,155.3678,144.6115,39.3269,26.6075,9.2642,19.5079,34.2687
2.3,6,83.5431,83.4815,19.501,2.0355,-0.8007,-27.7481,27.8342
2.3,7,115.728,59.9075,31.4774,19.3623,-8.0825,-19.4088,28.5819
2.3,8,25.6987,23.1558,37.0601,-8.6044,-1.7771,-1.0058,8.8434
2.3,9,30.2511,184.2496,34.8746,-1.1268,-1.4032,-18.4239,18.5116
2.3,10,134.9406,88.4002,13.5324,-14.6215,3.5006,5.8257,16.1239
2.3,11,98.5058,35.6643,41.1674,-24.3322,13.4235,17.4295,32.8029
2.3,12,118.688,59.5349,10.3026,12.703,11.8464,17.0165,24.316
2.3,13,155.1441,116.1365,4.9536,24.3318,16.9306,1.5449,29.6828
2.3,14,131.1121,46.7408,34.5649,1.8771,17.2333,5.871,18.3024
2.3,15,113.2036,172.8198,24.1059,5.7966,-9.5749,-3.7903,11.8172
2.3,16,109.5972,157.4868,47.5209,1.7023,2.2185,-21.4561,21.6375
2.3,17,60.5753,140.8398,38.8212,0.3116,2.1129,-6.5764,6.9145
2.3,18,4.4734,88.9373,4.4181,-25.1417,-7.9277,13.9575,29.8289
2.3,19,102.7759,124.9434,49.8136,0.0727,0.3264,23.9476,23.9499
2.3,20,49.4953,119.3935,8.8349,0.7141,1.1771,-27.7084,27.7426
2.3,21,75.2985,135.3281,28.2807,-14.1795,-5.9587,2.8132,15.6358
2.3,22,180.1492,17.1014,17.4212,-16.2525,17.7281,24.2035,34.1209
2.3,23,39.4639,85.6812,49.7208,-11.5544,-11.724,27.2007,31.7936
2.3,24,8.8521,12.4607,7.1826,23.9031,-14.7088,4.0128,28.3515
2.3,25,56.5267,103.997,1.358,5.8733,8.1909,3.9875,10.8392
2.3,26,54.1284,75.3861,31.0261,13.2519,-8.0142,11.0101,19.0016
2.3,27,132.9543,29.518,49.5264,2.2146,-1.5567,5.7044,6.3141
2.3,28,112.4867,16.5214,46.3308,1.7204,-3.1724,-8.9268,9.6287
2.3,29,144.6302,124.661,42.0342,-3.976,-4.3031,24.8091,25.4915
2.3,30,132.4703,26.9768,44.0661,-1.6259,-1.5297,-27.2516,27.3429
2.3,31,72.5357,170.374,35.7066,-10.7384,-12.8505,29.6188,34.0253
2.3,32,159.7785,115.5601,24.8536,-1.2884,-3.2839,-14.3475,14.7748
2.3,33,33.2872,62.7309,6.2774,9.2006,0.9562,-13.1943,16.1138
2.3,34,11.7809,118.6065,36.7465,0.2254,-0.0608,-19.0852,19.0867
2.3,35,17.6145,3.8801,33.823,-9.0402,-5.3928,-1.8284,10.6841
2.3,36,145.2273,192.0973,19.7451,1.5163,-7.5695,-4.424,8.8976
2.3,37,86.2933,97.203,2.4496,-6.885,6.6904,-16.7097,19.2711
2.3,38,32.1855,155.3782,38.0772,11.6328,0.908,-1.8071,11.8073
2.3,39,99.1913,5.3274,6.7664,-23.8786,-1.4623,-7.5766,25.0944
2.3,40,38.4318,101.7613,46.1752,-12.0666,-0.5455,13.4995,18.1146
2.3,41,142.1607,102.0186,35.3456,-9.1135,3.8093,28.3064,29.9803
2.3,42,85.466,184.7552,1.9466,-12.3308,19.5067,11.9939,26.008
2.3,43,80.4152,119.5582,30.5207,0.006,5.4749,-13.2872,14.371
2.3,44,59.068,105.2307,22.1408,-23.6285,-4.1307,-17.9638,29.9678
2.3,45,113.8349,51.4256,6.2771,-5.5523,5.5329,28.069,29.1429
2.3,46,74.9055,69.8638,21.3664,4.4931,-0.8591,-15.9826,16.6244
2.3,47,14.4657,100.5522,36.8035,6.0846,11.5668,-3.9375,13.6498
2.3,48,18.5018,82.9919,16.4345,-1.9399,4.145,25.0604,25.4749
2.3,49,195.6735,6.5432,15.8041,-0.387,1.3653,9.0824,9.1926
2.4,0,41.0592,174.6505,38.7027,-0.519,0.3239,28.212,28.2187
2.4,1,5.1589,138.2446,38.8804,-8.729,-15.2805,-4.5088,18.1664
2.4,2,171.3472,40.5029,8.9749,-16.3513,4.5566,25.65,30.7579
2.4,3,128.299,185.9036,39.1623,0.4052,-18.634,18.0142,25.921
2.4,4,142.3633,156.2996,5.7397,7.5878,1.5257,-1.1544,7.8253
2.4,5,155.8489,145.2249,42.6639,4.8106,6.1344,33.3702,34.2687
2.4,6,81.5602,81.7511,18.5947,-19.8282,-17.3043,-9.0635,27.8342
2.4,7,116.0342,62.6887,32.0611,3.0612,27.8116,5.837,28.5819
2.4,8,25.5533,22.9062,36.2243,-1.4543,-2.4966,-8.3581,8.8434
2.4,9,29.5349,185.2195,33.4699,-7.1614,9.6992,-14.047,18.5116
2.4,10,135.5262,87.8946,14.947,5.8561,-5.0562,14.1465,16.1239
2.4,11,99.8163,32.8455,40.12,13.1047,-28.1886,-10.4739,32.8029
2.4,12,116.3921,59.6383,9.5084,-22.9589,1.0339,-7.9425,24.316
2.4,13,155.4411,114.0857,2.8284,2.9707,-20.5082,-21.2523,29.6828
2.4,14,130.8698,48.5543,34.5166,-2.4228,18.1349,-0.4823,18.3024
2.4,15,112.527,172.8442,25.0745,-6.7657,0.2441,9.6856,11.8172
2.4,16,109.824,158.1489,49.5683,2.2676,6.6207,20.4746,21.6375
2.4,17,60.6722,140.724,38.1465,0.9695,-1.1587,-6.7475,6.9145
2.4,18,5.7589,86.3368,5.1128,12.8549,-26.0049,6.9471,29.8289
2.4,19,104.722,123.5693,49.5678,19.461,-13.7415,-2.458,23.9499
2.4,20,51.3603,117.5857,9.8096,18.6498,-18.0782,9.7477,27.7426
2.4,21,76.7913,134.9408,28.0228,14.9275,-3.8731,-2.5781,15.6358
2.4,22,180.5889,20.312,16.353,4.3974,32.106,-10.682,34.1209
2.4,23,42.3448,84.3657,49.4403,28.8082,-13.1549,-2.805,31.7936
2.4,24,6.3804,11.2746,7.9049,-24.717,-11.8619,7.2231,28.3515
2.4,25,55.5688,104.5042,1.3614,-9.5791,5.0722,0.0335,10.8392
2.4,26,52.3701,74.6852,30.86,-17.5832,-7.0095,-1.6607,19.0016
2.4,27,132.7664,29.8037,49.9428,-1.8792,2.8568,-5.3081,6.3141
2.4,28,112.3211,17.1914,47.0023,-1.6554,6.6995,6.7148,9.6287
2.4,29,144.7523,126.8968,40.8158,1.2214,22.358,-12.1838,25.4915
2.4,30,133.8632,27.7704,46.2811,13.9291,7.9367,22.1499,27.3429
2.4,31,71.0262,170.4066,38.7558,-15.0949,0.3259,30.4919,34.0253
2.4,32,160.3003,115.116,23.5446,5.2173,-4.4412,-13.09,14.7748
2.4,33,32.2223,61.5947,6.6913,-10.6498,-11.3626,4.1387,16.1138
2.4,34,10.3031,118.4106,35.5546,-14.7782,-1.959,-11.9192,19.0867
2.4,35,16.9111,4.2187,34.5524,-7.0347,3.3866,7.2935,10.6841
2.4,36,144.6358,192.2318,19.0942,-5.915,1.3455,-6.5093,8.8976
2.4,37,86.712,98.8035,3.4379,4.1871,16.0055,9.8829,19.2711
2.4,38,32.5607,154.6175,37.2559,3.7526,-7.6071,-8.2135,11.8073
2.4,39,99.9905,7.7046,6.8542,7.9918,23.7716,0.8784,25.0944
2.4,40,38.3712,101.4767,47.9631,-0.6058,-2.846,17.8793,18.1146
2.4,41,142.3357,99.2321,34.2534,1.7505,-27.8652,-10.9219,29.9803
2.4,42,84.5838,184.3066,4.3518,-8.822,-4.4859,24.0512,26.008
2.4,43,80.4536,119.5135,31.9566,0.3839,-0.447,14.3589,14.371
2.4,44,58.7752,106.3409,24.9089,-2.9286,11.1014,27.6813,29.9678
2.4,45,114.9025,50.4432,3.7496,10.6762,-9.8234,-25.2751,29.1429
2.4,46,74.7904,68.979,22.7691,-1.1511,-8.8483,14.0268,16.6244
2.4,47,14.5072,100.4209,35.4454,0.415,-1.3122,-13.5803,13.6498
2.4,48,17.2718,80.9244,15.5965,-12.3007,-20.6745,-8.3802,25.4749
2.4,49,195.8801,6.2446,16.6486,2.0664,-2.9861,8.4449,9.1926
2.5,0,40.3705,172.95,36.5586,-6.8874,-17.0048,-21.4405,28.2187
2.5,1,3.8031,137.9617,40.0559,-13.5583,-2.8292,11.7552,18.1664
2.5,2,170.2014,41.477,11.658,-11.4579,9.7407,26.8307,30.7579
2.5,3,128.5473,185.302,36.6532,2.4829,-6.016,-25.0907,25.921
2.5,4,142.292,156.0254,6.4691,-0.7122,-2.7422,7.2944,7.8253
2.5,5,153.853,145.6264,45.4205,-19.9584,4.0149,27.566,34.2687
2.5,6,82.4249,81.0582,21.1481,8.6462,-6.9283,25.534,27.8342
2.5,7,116.3258,64.9909,33.7297,2.916,23.022,16.6857,28.5819
2.5,8,25.9155,23.5689,36.6843,3.6222,6.6272,4.6006,8.8434
2.5,9,28.3838,183.7771,33.6157,-11.5108,-14.4241,1.4578,18.5116
2.5,10,136.9343,87.6442,15.6916,14.081,-2.5037,7.4456,16.1239
2.5,11,99.8305,33.67,43.2949,0.1421,8.2454,31.7494,32.8029
2.5,12,116.3936,60.3935,7.197,0.0156,7.5519,-23.1135,24.316
2.5,13,157.0311,115.9953,1.2047,15.8991,19.0959,-16.2369,29.6828
2.5,14,131.1342,48.237,32.7336,2.6439,-3.173,-17.8303,18.3024
2.5,15,112.5571,173.0458,26.2385,0.3012,2.0165,11.64,11.8172
2.5,16,107.6926,158.1063,49.1981,-21.3142,-0.4257,-3.7023,21.6375
2.5,17,61.2604,140.6902,38.5084,5.882,-0.3377,3.6192,6.9145
2.5,18,7.1826,86.4456,7.7318,14.2366,1.0881,26.1897,29.8289
2.5,19,104.6586,123.5458,48.0382,-0.6349,-0.2353,-23.9404,23.9499
2.5,20,50.0142,117.4815,7.3861,-13.4608,-1.0414,-24.2358,27.7426
2.5,21,77.1166,134.0791,29.2864,3.2526,-8.6164,12.6355,15.6358
2.5,22,179.8629,21.2445,19.5539,-7.2596,9.3249,32.0091,34.1209
2.5,23,41.9336,84.6254,46.2983,-4.1112,2.5967,-31.4196,31.7936
2.5,24,7.3561,12.9961,9.9352,9.7569,17.2156,20.3035,28.3515
2.5,25,55.5126,103.5329,0.8837,-0.5612,-9.7135,-4.777,10.8392
2.5,26,52.7372,73.0285,31.7152,3.6713,-16.5665,8.5518,19.0016
2.5,27,133.1786,30.2812,49.9707,4.1219,4.775,0.2786,6.3141
2.5,28,111.7711,17.6266,46.3426,-5.5,4.3523,-6.597,9.6287
2.5,29,145.5739,126.242,38.4933,8.2161,-6.5481,-23.2257,25.4915
2.5,30,134.8452,27.7871,43.7293,9.8199,0.1671,-25.5181,27.3429
2.5,31,70.6989,171.4413,35.5309,-3.2728,10.3463,-32.2485,34.0253
2.5,32,159.0385,114.6614,24.1644,-12.6178,-4.5465,6.1978,14.7748
2.5,33,31.4968,62.8374,5.9661,-7.2544,12.4274,-7.2518,16.1138
2.5,34,10.1373,119.6001,34.0711,-1.6583,11.8951,-14.8344,19.0867
2.5,35,16.0586,4.4374,35.1581,-8.5249,2.1867,6.0576,10.6841
2.5,36,144.9448,192.9051,19.587,3.09,6.733,4.9281,8.8976
2.5,37,84.8325,98.4496,3.6744,-18.7951,-3.5395,2.3654,19.2711
2.5,38,32.4963,154.3867,38.4121,-0.6439,-2.3078,11.5616,11.8073
2.5,39,97.8999,6.6345,5.9703,-20.9063,-10.7012,-8.8397,25.0944
2.5,40,39.1159,101.97,49.539,7.4469,4.9326,15.7591,18.1146
2.5,41,142.7277,98.6508,31.3385,3.9195,-5.8137,-29.1489,29.9803
2.5,42,85.4452,185.9965,6.1311,8.6138,16.8998,17.7936,26.008
2.5,43,80.4585,119.4616,33.3927,0.0485,-0.5192,14.3615,14.371
2.5,44,57.886,107.4079,27.5644,-8.8916,10.6707,26.5546,29.9678
2.5,45,115.4796,47.6794,4.4714,5.7711,-27.6389,7.2178,29.1429
2.5,46,75.2061,70.4539,23.4138,4.1573,14.7487,6.447,16.6244
2.5,47,14.981,101.5479,34.8384,4.7379,11.2701,-6.0709,13.6498
2.5,48,15.119,80.9647,16.958,-21.5274,0.4023,13.6153,25.4749
2.5,49,196.4742,6.3693,17.3389,5.9411,1.2473,6.903,9.1926
2.6,0,42.9948,172.9208,35.5218,26.2431,-0.2921,-10.3686,28.2187
2.6,1,2.0306,138.0457,39.6669,-17.7252,0.84,-3.8894,18.1664
2.6,2,171.7661,42.1113,14.229,15.6461,6.3435,25.7101,30.7579
2.6,3,126.7408,184.06,35.27,-18.0648,-12.4197,-13.8316,25.921
2.6,4,142.6874,156.3921,7.0362,3.9531,3.6668,5.6713,7.8253
2.6,5,153.8743,146.273,48.7857,0.2128,6.4659,33.6525,34.2687
2.6,6,81.268,83.2014,22.4957,-11.569,21.4314,13.4757,27.8342
2.6,7,115.9937,62.2181,33.1209,-3.3207,-27.728,-6.0876,28.5819
2.6,8,26.1699,24.1449,37.3053,2.5438,5.7598,6.2097,8.8434
2.6,9,29.3104,185.3609,33.3716,9.266,15.8385,-2.4414,18.5116
2.6,10,138.4272,88.0775,15.2633,14.9285,4.3335,-4.2826,16.1239
2.6,11,102.117,31.3324,43.5552,22.8649,-23.3763,2.6028,32.8029
2.6,12,115.6833,58.4772,5.8794,-7.103,-19.1628,-13.1757,24.316
2.6,13,157.956,116.2325,1.6058,9.2494,2.3715,28.1051,29.6828
2.6,14,132.8716,48.5491,32.2498,17.3733,3.1213,-4.8377,18.3024
2.6,15,112.1389,172.8843,25.1451,-4.1818,-1.6155,-10.9338,11.8172
2.6,16,107.2706,160.1417,48.5973,-4.2197,20.3539,-6.0079,21.6375
2.6,17,60.7018,140.3016,38.6314,-5.5858,-3.8853,1.2302,6.9145
2.6,18,6.592,86.7029,10.6443,-5.9057,2.5731,29.125,29.8289
2.6,19,104.8995,123.4197,45.6586,2.4099,-1.2603,-23.795,23.9499
2.6,20,49.4083,119.984,8.4191,-6.0592,25.0243,10.3308,27.7426
2.6,21,76.4492,132.6804,29.0794,-6.674,-13.9875,-2.07,15.6358
2.6,22,180.0676,21.3168,16.1487,2.0464,0.7231,-34.0518,34.1209
2.6,23,44.0928,84.0108,44.047,21.5917,-6.1466,-22.5134,31.7936
2.6,24,8.3797,12.8718,7.2943,10.2361,-1.2436,-26.4099,28.3515
2.6,25,55.4658,102.852,0.0416,-0.4681,-6.8086,-8.4209,10.8392
2.6,26,51.3283,73.3414,30.4792,-14.0889,3.1295,-12.3601,19.0016
2.6,27,133.2913,30.8719,49.778,1.127,5.9065,-1.9265,6.3141
2.6,28,112.1382,16.7407,46.4303,3.6703,-8.8584,0.8772,9.6287
2.6,29,145.5732,126.2341,35.9441,-0.0068,-0.079,-25.4913,25.4915
2.6,30,135.0786,29.0978,41.341,2.3339,13.1068,-23.883,27.3429
2.6,31,69.7591,171.7387,32.2743,-9.3987,2.9747,-32.5659,34.0253
2.6,32,157.6187,114.9994,24.394,-14.1983,3.3805,2.2963,14.7748
2.6,33,32.1363,61.6094,5.1418,6.395,-12.2806,-8.2429,16.1138
2.6,34,9.3755,117.8741,34.3602,-7.6183,-17.2599,2.8909,19.0867
2.6,35,15.6321,3.9004,34.3388,-4.265,-5.3696,-8.1931,10.6841
2.6,36,144.905,192.8504,18.6998,-0.3983,-0.547,-8.8719,8.8976
2.6,37,84.7873,98.7996,5.569,-0.4527,3.5006,18.9451,19.2711
2.6,38,32.2235,154.6711,37.299,-2.7282,2.8433,-11.1303,11.8073
2.6,39,98.8339,6.9101,3.6575,9.3404,2.7558,-23.1277,25.0944
2.6,40,39.301,101.1867,47.9162,1.8513,-7.8324,-16.2285,18.1146
2.6,41,142.5668,98.7228,34.3313,-1.6086,0.7203,29.9285,29.9803
2.6,42,83.2004,186.9142,7.0707,-22.4481,9.1765,9.3962,26.008
2.6,43,80.4979,120.8127,33.8808,0.3943,13.5112,4.8803,14.371
2.6,44,57.9176,107.5291,30.5585,0.3157,1.2115,29.9416,29.9678
2.6,45,114.7989,47.2603,1.6688,-6.8069,-4.1902,-28.0253,29.1429
2.6,46,75.2207,70.5861,25.0709,0.1455,1.3223,16.571,16.6244
2.6,47,15.7316,101.8684,33.7443,7.5065,3.2042,-10.9409,13.6498
2.6,48,15.378,78.6195,17.9186,2.5902,-23.4517,9.606,25.4749
2.6,49,195.8388,6.9931,17.1105,-6.3542,6.2379,-2.2838,9.1926
2.7,0,42.0184,173.7931,33.022,-9.7638,8.7229,-24.9974,28.2187
2.7,1,3.0953,137.5548,41.0546,10.6475,-4.9091,13.8762,18.1664
2.7,2,172.5818,43.2227,11.4795,8.1577,11.1143,-27.495,30.7579
2.7,3,127.4374,184.0472,37.7667,6.9658,-0.1283,24.9672,25.921
2.7,4,142.1208,156.93,7.0802,-5.6659,5.3796,0.4393,7.8253
2.7,5,152.1018,143.8724,47.1008,-17.725,-24.0055,-16.8494,34.2687
2.7,6,82.5593,82.9374,20.0441,12.9136,-2.6399,-24.5155,27.8342
2.7,7,116.0928,62.2556,30.2647,0.9915,0.3754,-28.5623,28.5819
2.7,8,26.7196,23.8554,36.6759,5.4973,-2.8946,-6.2934,8.8434
2.7,9,28.8606,185.1568,35.1556,-4.498,-2.0415,17.8404,18.5116
2.7,10,138.1561,87.1577,16.5596,-2.7102,-9.1983,12.9625,16.1239
2.7,11,102.301,31.5829,46.8207,1.8398,2.5052,32.6554,32.8029
2.7,12,114.943,58.3196,3.5687,-7.4034,-1.5763,-23.1078,24.316
2.7,13,156.6409,113.71,2.4534,-13.1508,-25.2247,8.4762,29.6828
2.7,14,131.5983,48.9082,30.9851,-12.7325,3.5912,-12.6478,18.3024
2.7,15,112.7972,173.8527,25.304,6.5828,9.6843,1.5894,11.8172
2.7,16,107.3382,161.969,47.4405,0.6755,18.2733,-11.5679,21.6375
2.7,17,61.0297,139.8757,38.1965,3.2784,-4.2599,-4.3492,6.9145
2.7,18,9.4271,87.3268,11.3301,28.3516,6.2385,6.8582,29.8289
2.7,19,104.5662,122.1588,43.65,-3.3339,-12.6098,-20.0867,23.9499
2.7,20,52.1695,119.9734,8.1505,27.6121,-0.1058,-2.686,27.7426
2.7,21,77.839,132.7458,29.7928,13.898,0.6539,7.134,15.6358
2.7,22,180.7767,22.4505,13.0095,7.0907,11.3372,-31.3915,34.1209
2.7,23,43.7773,83.3996,47.1511,-3.1553,-6.1111,31.0408,31.7936
2.7,24,11.0154,13.9151,7.3452,26.3569,10.4337,0.5099,28.3515
2.7,25,54.9739,102.5408,0.9559,-4.9193,-3.1128,9.1432,10.8392
2.7,26,50.6505,71.8017,31.3625,-6.7783,-15.3975,8.8336,19.0016
2.7,27,132.8669,30.6095,49.835,-4.2433,-2.6241,-3.87,6.3141
2.7,28,111.642,17.3022,47.035,-4.9618,5.6149,6.0469,9.6287
2.7,29,145.2562,125.3123,38.2995,-3.1701,-9.2179,23.5541,25.4915
2.7,30,132.9532,27.6672,42.2963,-21.2533,-14.3064,9.5529,27.3429
2.7,31,70.4455,174.2563,30.0908,6.8641,25.1761,-21.835,34.0253
2.7,32,157.1995,114.8239,22.9882,-4.1911,-1.7557,-14.0586,14.7748
2.7,33,33.2585,60.5806,5.6698,11.2222,-10.2881,5.2794,16.1138
2.7,34,9.1783,117.5319,32.4929,-1.9714,-3.4228,-18.6735,19.0867
2.7,35,14.909,4.0299,33.563,-7.2303,1.2951,-7.7586,10.6841
2.7,36,144.8317,193.0023,17.8262,-0.7333,1.5189,-8.7363,8.8976
2.7,37,86.4211,99.7782,5.8638,16.338,9.7855,2.9481,19.2711
2.7,38,32.2428,155.2407,36.2649,0.1924,5.6959,-10.3408,11.8073
2.7,39,101.1881,7.0758,4.5105,23.5417,1.6574,8.5306,25.0944
2.7,40,40.4035,101.0939,49.3505,11.0246,-0.9286,14.3434,18.1146
2.7,41,142.8406,100.2905,36.8721,2.7379,15.6771,25.4077,29.9803
2.7,42,84.0523,184.9413,5.6058,8.5192,-19.7289,-14.6495,26.008
2.7,43,81.1926,122.0513,34.1009,6.9473,12.3861,2.2015,14.371
2.7,44,57.3019,110.4021,31.1479,-6.1573,28.7302,5.8936,29.9678
2.7,45,112.2697,48.6867,1.4209,-25.2927,14.2634,-2.4793,29.1429
2.7,46,74.5587,71.8974,25.8493,-6.6199,13.113,7.7843,16.6244
2.7,47,15.982,101.0698,32.6659,2.5036,-7.9858,-10.7832,13.6498
2.7,48,15.5382,78.5759,20.4607,1.6017,-0.4361,25.4207,25.4749
2.7,49,196.0363,6.7964,16.2345,1.975,-1.9677,-8.7596,9.1926
2.8,0,42.4885,172.928,35.6666,4.7007,-8.6506,26.4455,28.2187
2.8,1,2.6403,137.2493,39.3226,-4.5501,-3.0546,-17.32,18.1664
2.8,2,172.6706,45.9686,12.8625,0.888,27.4589,13.83,30.7579
2.8,3,127.3929,182.4134,39.7786,-0.4441,-16.3379,20.119,25.921
2.8,4,142.7523,157.3008,7.3559,6.3158,3.7074,2.757,7.8253
2.8,5,152.6255,140.4862,47.0527,5.2364,-33.8628,-0.4807,34.2687
2.8,6,80.367,81.5464,21.0472,-21.9235,-13.9102,10.0304,27.8342
2.8,7,117.0989,63.096,27.7248,10.061,8.4034,-25.3985,28.5819
2.8,8,27.206,24.1209,35.9868,4.8644,2.6546,-6.8917,8.8434
2.8,9,28.8679,183.7686,33.931,0.0729,-13.8817,-12.2463,18.5116
2.8,10,137.7465,88.639,17.0471,-4.0961,14.8133,4.8755,16.1239
2.8,11,104.7775,29.5158,46.2253,24.7648,-20.6709,-5.9541,32.8029
2.8,12,115.071,56.6352,1.8197,1.2802,-16.8444,-17.4898,24.316
2.8,13,156.2993,112.6978,5.2228,-3.4165,-10.1219,27.6938,29.6828
2.8,14,131.2965,50.5696,30.2789,-3.0186,16.6134,-7.0613,18.3024
2.8,15,112.5001,172.7265,25.1046,-2.9714,-11.2623,-1.994,11.8172
2.8,16,109.3062,161.3042,46.8349,19.68,-6.6486,-6.0562,21.6375
2.8,17,61.3435,140.0792,37.6149,3.1385,2.0351,-5.8154,6.9145
2.8,18,8.4015,89.304,13.3141,-10.2568,19.7718,19.8403,29.8289
2.8,19,104.7934,124.5115,43.2639,2.2729,23.5271,-3.8611,23.9499
2.8,20,52.0585,120.0614,5.3799,-1.1095,0.8803,-27.7065,27.7426
2.8,21,77.8305,132.5696,31.3464,-0.0849,-1.7619,15.536,15.6358
2.8,22,178.9346,22.7513,15.8659,-18.4208,3.0075,28.5634,34.1209
2.8,23,41.5861,82.3562,49.2049,-21.9118,-10.4341,20.5387,31.7936
2.8,24,10.5708,14.9577,9.944,-4.4459,10.4255,25.9875,28.3515
2.8,25,55.1713,102.7834,1.9937,1.9744,2.4265,10.3779,10.8392
2.8,26,50.4744,73.4502,30.434,-1.7606,16.4848,-9.2851,19.0016
2.8,27,133.2443,30.1515,49.9494,3.7735,-4.5801,-2.1567,6.3141
2.8,28,110.9163,16.7579,47.3578,-7.2573,-5.443,3.2276,9.6287
2.8,29,143.8893,126.6288,36.5976,-13.6689,13.1649,-17.0194,25.4915
2.8,30,133.3889,25.9663,40.2002,4.3564,-17.0088,-20.9607,27.3429
2.8,31,71.5408,174.7259,26.9038,10.9536,4.6958,-31.8699,34.0253
2.8,32,157.1679,116.1197,23.6972,-0.3169,12.9587,7.0899,14.7748
2.8,33,33.3862,61.5961,6.9143,1.2763,10.1555,12.4455,16.1138
2.8,34,10.4752,117.4123,33.8881,12.969,-1.196,13.9526,19.0867
2.8,35,14.6652,3.1685,32.98,-2.4385,-8.6148,-5.83,10.6841
2.8,36,144.4367,192.6417,17.1151,-3.9492,-3.6065,-7.1109,8.8976
2.8,37,88.3268,99.8379,5.5839,19.0575,0.5971,-2.7984,19.2711
2.8,38,32.7113,156.3106,36.438,4.685,10.699,1.7302,11.8073
2.8,39,100.7724,6.601,6.9394,-4.157,-4.7477,24.288,25.0944
2.8,40,39.8983,101.5699,48.9763,-5.0517,4.7607,-16.7318,18.1146
2.8,41,143.5353,99.9326,39.7665,6.9469,-3.5793,28.9439,29.9803
2.8,42,84.1612,183.7675,7.9241,1.089,-11.7378,23.183,26.008
2.8,43,81.0417,122.1031,35.5291,-1.5094,0.518,14.2821,14.371
2.8,44,57.2928,107.4229,30.8237,-0.0908,-29.7918,-3.2417,29.9678
2.8,45,112.6976,48.62,1.461,4.2787,-0.6665,28.8194,29.1429
2.8,46,74.1401,72.0021,24.2438,-4.1852,1.0471,-16.0548,16.6244
2.8,47,15.1789,100.067,32.2047,-8.0308,-10.0274,-4.6126,13.6498
2.8,48,17.1469,77.6739,18.7034,16.0868,-9.0204,-17.5732,25.4749
2.8,49,196.0402,7.2641,15.4432,0.039,4.6778,-7.9133,9.1926
2.9,0,42.4955,172.9259,32.8447,0.07,-0.0212,-28.2186,28.2187
2.9,1,3.2221,138.8789,39.8759,5.8182,16.2955,5.5338,18.1664
2.9,2,175.3386,45.2725,11.4995,26.6796,-6.9612,-13.6306,30.7579
2.9,3,127.4598,181.4328,37.3801,0.6688,-9.8055,-23.9855,25.921
2.9,4,142.479,156.9663,6.7034,-2.7336,-3.3446,-6.525,7.8253
2.9,5,151.2989,137.8409,45.3245,-13.2654,-26.4521,-17.2818,34.2687
2.9,6,80.0686,82.0774,18.3312,-2.984,5.3108,-27.1594,27.8342
2.9,7,116.791,62.6915,24.9122,-3.0794,-4.0443,-28.1263,28.5819
2.9,8,27.2954,24.3335,36.8405,0.8933,2.126,8.5375,8.8434
2.9,9,30.2895,183.1819,32.9006,14.2159,-5.8669,-10.3037,18.5116
2.9,10,137.7178,88.7243,18.657,-0.2876,0.8524,16.0988,16.1239
2.9,11,104.7655,29.8821,49.4851,-0.1194,3.6625,32.5976,32.8029
2.9,12,114.8166,55.6133,0.372,-2.5443,-10.2186,21.9174,24.316
2.9,13,155.0144,110.7697,7.0781,-12.8484,-19.2811,18.5535,29.6828
2.9,14,129.638,51.0935,30.8489,-16.5844,5.2393,5.6998,18.3024
2.9,15,111.8429,172.0048,25.7708,-6.5712,-7.2167,6.6621,11.8172
2.9,16,109.653,161.8468,44.7692,3.4678,5.4262,-20.6571,21.6375
2.9,17,61.1647,139.737,37.0413,-1.7887,-3.4212,-5.7364,6.9145
2.9,18,8.3096,90.0093,10.4173,-0.9185,7.0531,-28.9685,29.8289
2.9,19,104.4691,126.7561,44.0335,-3.243,22.4466,7.6961,23.9499
2.9,20,52.1198,120.1609,8.1517,0.6124,0.9949,27.718,27.7426
2.9,21,77.167,133.7348,32.1507,-6.6344,11.6522,8.043,15.6358
2.9,22,177.6196,25.0992,17.9636,-13.1493,23.4794,20.9774,34.1209
2.9,23,41.4385,82.3999,47.6194,-1.4757,0.437,-31.7564,31.7936
2.9,24,11.4496,17.1945,11.4482,8.788,22.368,15.0417,28.3515
2.9,25,55.2192,102.9112,0.9184,0.4783,1.2781,-10.7529,10.8392
2.9,26,49.7298,73.2503,32.1707,-7.4466,-1.9989,17.3671,19.0016
2.9,27,133.641,30.568,49.6889,3.967,4.1652,-2.6042,6.3141
2.9,28,110.9113,16.7457,46.395,-0.0494,-0.1224,-9.6278,9.6287
2.9,29,146.2814,125.7497,36.6555,23.9206,-8.7911,0.5793,25.4915
2.9,30,132.9072,26.2049,42.8811,-4.8165,2.3861,26.8093,27.3429
2.9,31,73.5416,173.2934,24.5539,20.0076,-14.3251,-23.4991,34.0253
2.9,32,158.3718,116.9752,23.6578,12.0399,8.5544,-0.3939,14.7748
2.9,33,34.1925,61.8192,5.5372,8.0637,2.2309,-13.7715,16.1138
2.9,34,10.4137,117.0738,32.0107,-0.6156,-3.385,-18.774,19.0867
2.9,35,14.6837,2.9016,31.9456,0.1851,-2.6683,-10.3439,10.6841
2.9,36,144.8082,192.0806,17.6972,3.7142,-5.6113,5.8212,8.8976
2.9,37,89.0746,100.1168,7.338,7.4782,2.7892,17.5407,19.2711
2.9,38,32.7977,155.8041,35.3749,0.8645,-5.0645,-10.6309,11.8073
2.9,39,99.3626,7.9838,5.3908,-14.0976,13.8276,-15.4851,25.0944
2.9,40,39.5557,102.5537,47.4943,-3.4262,9.8378,-14.8195,18.1146
2.9,41,143.6528,100.1562,36.7791,1.1748,2.2367,-29.8737,29.9803
2.9,42,86.7246,183.7033,8.3586,25.6344,-0.6419,4.3452,26.008
2.9,43,82.1127,122.556,36.3735,10.7105,4.5284,8.4442,14.371
2.9,44,58.5391,105.0513,32.1664,12.4633,-23.7162,13.4267,29.9678
2.9,45,110.9469,46.5175,0.4571,-17.5063,-21.0251,-10.0393,29.1429
2.9,46,73.9869,70.3716,24.5297,-1.5329,-16.3048,2.8587,16.6244
2.9,47,15.0842,99.6808,30.8989,-0.9473,-3.8622,-13.0577,13.6498
2.9,48,17.8945,76.7518,16.4494,7.4766,-9.2209,-22.5398,25.4749
2.9,49,196.1192,7.4429,16.3414,0.7899,1.788,8.9824,9.1926
3.0,0,42.5138,172.673,35.6552,0.1832,-2.529,28.1045,28.2187
3.0,1,4.8067,138.043,40.1771,15.8452,-8.3592,3.0116,18.1664
3.0,2,177.3418,44.1162,9.4721,20.0327,-11.5636,-20.2738,30.7579
3.0,3,125.9291,179.3429,37.2903,-15.3067,-20.8997,-0.8976,25.921
3.0,4,142.5613,156.9264,5.9262,0.8237,-0.3988,-7.7716,7.8253
3.0,5,149.5846,138.8302,48.122,-17.1432,9.8922,27.9749,34.2687
3.0,6,80.9404,82.0973,15.6879,8.7182,0.1981,-26.4328,27.8342
3.0,7,118.9687,63.5947,23.2964,21.7775,9.032,-16.1582,28.5819
3.0,8,27.9642,24.8832,37.0207,6.6888,5.4972,1.8019,8.8434
3.0,9,30.4953,183.3224,31.0663,2.0577,1.4051,-18.3431,18.5116
3.0,10,137.4806,89.0435,17.0944,-2.3715,3.1917,-15.6259,16.1239
3.0,11,103.9586,27.3294,48.6193,-8.0693,-25.5264,-18.9559,32.8029
3.0,12,114.9539,55.0873,1.998,1.3735,-5.2604,23.7004,24.316
3.0,13,152.5168,109.18,6.8646,-24.9759,-15.8971,-2.1352,29.6828
3.0,14,130.6074,52.3667,29.9606,9.6934,12.7323,-8.8829,18.3024
3.0,15,111.8327,171.2287,24.8797,-0.1023,-7.7605,-8.9112,11.8172
3.0,16,108.9129,162.8033,42.9749,-7.4002,9.5648,-17.9425,21.6375
3.0,17,61.631,139.7752,37.5504,4.6634,0.3816,5.0909,6.9145
3.0,18,8.2232,90.4533,13.3657,-0.864,4.4402,29.484,29.8289
3.0,19,103.9739,127.6489,41.867,-4.9522,8.9281,-21.6648,23.9499
3.0,20,52.0666,120.5073,10.9037,-0.5318,3.464,27.5204,27.7426
3.0,21,77.7336,132.3515,32.6093,5.6657,-13.8327,4.5864,15.6358
3.0,22,177.8116,22.0255,19.4325,1.9196,-30.7375,14.6888,34.1209
3.0,23,40.5956,80.0329,49.5675,-8.4292,-23.6703,19.4807,31.7936
3.0,24,12.9087,18.9359,13.1442,14.591,17.4146,16.96,28.3515
3.0,25,55.4258,102.3678,1.8333,2.0663,-5.4337,9.1484,10.8392
3.0,26,48.8915,71.5479,32.0721,-8.383,-17.0239,-0.9864,19.0016
3.0,27,133.8543,31.1586,49.755,2.1331,5.9061,0.6605,6.3141
3.0,28,110.422,16.0888,45.8889,-4.8937,-6.5687,-5.0612,9.6287
3.0,29,145.4582,125.8353,34.2445,-8.2323,0.8559,-24.1104,25.4915
3.0,30,130.7011,27.0888,44.2332,-22.0613,8.8391,13.5204,27.3429
3.0,31,73.8148,173.5257,21.1704,2.7323,2.3225,-33.8358,34.0253
3.0,32,157.2539,116.846,22.7005,-11.1796,-1.2915,-9.573,14.7748
3.0,33,34.573,62.0953,3.9959,3.8042,2.7614,-15.4129,16.1138
3.0,34,10.966,117.9977,30.4346,5.5229,9.2395,-15.7617,19.0867
3.0,35,15.3353,3.6182,32.3966,6.5163,7.1655,4.5105,10.6841
3.0,36,145.5927,191.8479,18.0467,7.8449,-2.3269,3.4946,8.8976
3.0,37,88.6687,101.9403,6.8649,-4.0597,18.235,-4.7307,19.2711
3.0,38,32.5951,156.0646,34.2412,-2.0261,2.6051,-11.3367,11.8073
3.0,39,98.2885,10.191,4.8694,-10.7409,22.072,-5.2143,25.0944
3.0,40,40.8566,101.5865,46.6859,13.009,-9.6719,-8.0844,18.1146
3.0,41,141.5237,99.267,38.6935,-21.2904,-8.8919,19.1435,29.9803
3.0,42,88.9274,182.4772,8.9977,22.0277,-12.2617,6.3909,26.008
3.0,43,81.6694,123.9225,36.3355,-4.4329,13.6649,-0.3807,14.371
3.0,44,60.7872,107.0291,32.0439,22.4809,19.7781,-1.2253,29.9678
3.0,45,110.658,46.411,3.3551,-2.8898,-1.0654,28.9797,29.1429
3.0,46,73.3361,71.3223,25.7282,-6.5076,9.5064,11.9853,16.6244
3.0,47,15.5215,98.3878,30.886,4.3731,-12.9297,-0.1295,13.6498
3.0,48,19.7413,75.0049,16.2832,18.4677,-17.4686,-1.6617,25.4749
3.0,49,196.0439,7.456,15.4254,-0.7525,0.131,-9.1608,9.1926
3.1,0,42.7859,172.5702,32.8483,2.7209,-1.028,-28.0684,28.2187
3.1,1,4.5338,138.6307,38.48,-2.7286,5.8775,-16.9713,18.1664
3.1,2,177.3279,44.4892,6.419,-0.1393,3.7299,-30.5306,30.7579
3.1,3,128.1559,179.3346,35.9635,22.2673,-0.0827,-13.2689,25.921
3.1,4,142.4084,156.1591,5.9151,-1.5294,-7.6736,-0.1108,7.8253
3.1,5,152.5327,139.7344,46.6272,29.4809,9.0419,-14.9486,34.2687
3.1,6,83.4695,83.1334,16.2146,25.291,10.3617,5.2671,27.8342
3.1,7,121.7851,64.0499,23.1224,28.1635,4.5517,-1.7401,28.5819
3.1,8,27.3566,24.444,37.4897,-6.0759,-4.3922,4.6902,8.8434
3.1,9,31.9383,184.0189,31.9934,14.4302,6.9644,9.2707,18.5116
3.1,10,138.7197,88.4923,16.2222,12.3906,-5.5115,-8.7223,16.1239
3.1,11,106.6382,26.2078,47.0955,26.7957,-11.2164,-15.2388,32.8029
3.1,12,112.7063,54.4181,2.6407,-22.4762,-6.6917,6.4272,24.316
3.1,13,150.4111,107.2846,7.7502,-21.0574,-18.9535,8.8555,29.6828
3.1,14,130.2096,53.8428,28.9543,-3.9779,14.7612,-10.0629,18.3024
3.1,15,112.7694,171.6269,24.2792,9.3664,3.9816,-6.0053,11.8172
3.1,16,108.7733,161.0348,44.2138,-1.3963,-17.685,12.3885,21.6375
3.1,17,62.1274,140.1444,37.8593,4.9636,3.6921,3.0889,6.9145
3.1,18,9.2779,91.0821,10.6472,10.5474,6.2877,-27.1842,29.8289
3.1,19,103.0905,129.8309,41.4259,-8.8337,21.82,-4.4107,23.9499
3.1,20,52.9813,120.5791,13.5219,9.1471,0.7179,26.1815,27.7426
3.1,21,77.5707,132.4232,31.0559,-1.6288,0.7166,-15.5342,15.6358
3.1,22,177.4176,20.5787,22.4974,-3.9404,-14.4684,30.6493,34.1209
3.1,23,41.09,78.554,46.7968,4.9444,-14.7895,-27.7067,31.7936
3.1,24,10.6615,17.2085,13.2087,-22.4717,-17.2747,0.6456,28.3515
3.1,25,56.0281,101.5036,1.578,6.0234,-8.6424,-2.5523,10.8392
3.1,26,48.8412,71.5814,30.1729,-0.5032,0.3351,-18.992,19.0016
3.1,27,133.9507,31.0237,49.6358,0.9645,-1.3493,-6.0924,6.3141
3.1,28,109.4695,16.0501,45.753,-9.5244,-0.3876,-1.3589,9.6287
3.1,29,145.5197,126.195,36.7674,0.6154,3.5975,25.2288,25.4915
3.1,30,132.7137,26.352,42.5353,20.1262,-7.3682,-16.9788,27.3429
3.1,31,73.598,174.8964,24.277,-2.1684,13.707,31.0666,34.0253
3.1,32,157.6057,116.9045,24.1343,3.5186,0.5845,14.3378,14.7748
3.1,33,34.6459,63.6794,4.2821,0.7297,15.8408,2.8618,16.1138
3.1,34,10.2065,118.841,28.8999,-7.5946,8.4325,-15.3465,19.0867
3.1,35,14.8046,4.3358,32.9839,-5.3072,7.176,5.8728,10.6841
3.1,36,144.7239,191.7121,18.1831,-8.6871,-1.3573,1.3637,8.8976
3.1,37,88.9167,101.7164,8.7629,2.4802,-2.239,18.9793,19.2711
3.1,38,32.2903,157.1831,34.0173,-3.0477,11.1853,-2.239,11.8073
3.1,39,96.4299,9.9471,3.2011,-18.5865,-2.4395,-16.683,25.0944
3.1,40,40.4475,102.2299,45.0427,-4.091,6.434,-16.4318,18.1146
3.1,41,142.5841,97.0773,40.4453,10.6038,-21.8977,17.5177,29.9803
3.1,42,89.0433,182.6538,11.5899,1.159,1.7669,25.922,26.008
3.1,43,81.7711,123.9998,34.9041,1.0171,0.7738,-14.3141,14.371
3.1,44,58.6059,106.9881,34.0983,-21.813,-0.4106,20.5449,29.9678
3.1,45,110.3454,45.8261,6.1929,-3.1255,-5.8485,28.3784,29.1429
3.1,46,73.4453,70.951,24.1114,1.0919,-3.7125,-16.1677,16.6244
3.1,47,15.1299,98.1406,29.6019,-3.9156,-2.472,-12.8404,13.6498
3.1,48,20.0546,72.9303,17.7281,3.1324,-20.7462,14.4483,25.4749
3.1,49,195.402,7.969,15.8374,-6.4197,5.1293,4.1209,9.1926
3.2,0,44.8964,173.5444,34.4482,21.1051,9.742,15.9988,28.2187
3.2,1,5.437,137.0908,38.8161,9.0319,-15.3994,3.3615,18.1664
3.2,2,177.3184,44.4877,3.3432,-0.0949,-0.0141,-30.7578,30.7579
3.2,3,128.3939,179.1776,33.3871,2.3806,-1.5702,-25.7637,25.921
3.2,4,142.4246,156.1435,6.6973,0.1617,-0.1558,7.8221,7.8253
3.2,5,153.3614,137.7339,49.2832,8.2875,-20.005,26.5605,34.2687
3.2,6,82.9297,83.0793,18.9447,-5.3975,-0.541,27.3005,27.8342
3.2,7,121.7758,64.9134,25.847,-0.0928,8.6349,27.2462,28.5819
3.2,8,27.2999,24.4419,36.6072,-0.5672,-0.0213,-8.8252,8.8434
3.2,9,32.8459,184.6854,33.4626,9.0763,6.6653,14.6926,18.5116
3.2,10,137.8561,87.1531,15.9757,-8.6354,-13.3916,-2.465,16.1239
3.2,11,107.9798,27.71,49.6846,13.4164,15.0222,25.8915,32.8029
3.2,12,112.6551,54.4145,0.2097,-0.5117,-0.036,-24.3105,24.316
3.2,13,152.6112,108.0671,5.9176,22.0008,7.8244,-18.3252,29.6828
3.2,14,129.8151,55.0698,30.2539,-3.945,12.2692,12.9955,18.3024
3.2,15,112.8497,172.3378,25.2198,0.8038,7.1086,9.4057,11.8172
3.2,16,107.3065,159.6568,45.0085,-14.6679,-13.7796,7.9473,21.6375
3.2,17,62.2559,139.5983,37.4551,1.2852,-5.4608,-4.0421,6.9145
3.2,18,11.5886,91.9519,8.9734,23.1069,8.6987,-16.7382,29.8289
3.2,19,103.2376,129.6293,43.8079,1.4708,-2.0168,23.8195,23.9499
3.2,20,54.7277,118.4888,12.9953,17.4634,-20.9035,-5.2659,27.7426
3.2,21,76.726,133.7133,30.7974,-8.4475,12.9009,-2.5853,15.6358
3.2,22,175.5962,17.7479,23.0559,-18.2139,-28.3074,5.5845,34.1209
3.2,23,38.592,80.3069,45.905,-24.9802,17.5299,-8.9179,31.7936
3.2,24,12.2451,19.5133,13.6757,15.8356,23.0485,4.67,28.3515
3.2,25,54.9857,101.3138,1.3493,-10.4238,-1.8978,-2.2868,10.8392
3.2,26,49.6839,72.0896,31.7984,8.4274,5.0816,16.2548,19.0016
3.2,27,134.0793,30.9006,49.7584,1.2856,-1.2307,-6.0581,6.3141
3.2,28,109.6507,15.9567,46.694,1.8118,-0.9334,9.4105,9.6287
3.2,29,146.6059,123.9463,37.2788,10.8615,-22.4875,5.1141,25.4915
3.2,30,130.2294,25.3224,42.0411,-24.8436,-10.2957,-4.9421,27.3429
3.2,31,71.0547,173.9335,26.322,-25.4326,-9.6282,20.45,34.0253
3.2,32,158.321,116.8351,25.4252,7.1523,-0.6939,12.9096,14.7748
3.2,33,34.6668,65.2592,4.5988,0.2083,15.798,3.1676,16.1138
3.2,34,11.5782,119.5502,30.0217,13.717,7.0924,11.2179,19.0867
3.2,35,14.105,4.0489,33.7387,-6.9958,-2.869,7.5484,10.6841
3.2,36,144.3645,192.3779,18.6513,-3.5943,6.6578,4.6822,8.8976
3.2,37,88.3112,102.9555,10.1089,-6.0548,12.3911,13.4602,19.2711
3.2,38,33.0093,157.2152,33.0813,7.1899,0.3203,-9.3603,11.8073
3.2,39,94.3654,8.5204,3.1883,-20.6444,-14.2662,-0.1281,25.0944
3.2,40,40.2941,103.9654,45.5386,-1.5343,17.3548,4.9591,18.1146
3.2,41,142.593,97.0989,37.4473,0.0888,0.2158,-29.9794,29.9803
3.2,42,90.1439,182.9396,13.9289,11.0063,2.8578,23.3904,26.008
3.2,43,80.8811,125.0176,35.391,-8.9009,10.1781,4.869,14.371
3.2,44,59.4628,106.1729,31.3448,8.5689,-8.1518,-27.5353,29.9678
3.2,45,109.5219,47.1858,8.6355,-8.235,13.5968,24.4259,29.1429
3.2,46,72.889,69.7864,25.1592,-5.5632,-11.6462,10.4779,16.6244
3.2,47,15.1686,97.2017,30.5919,0.3864,-9.389,9.9002,13.6498
3.2,48,18.9224,75.0492,16.8805,-11.3215,21.1887,-8.4753,25.4749
3.2,49,195.5788,7.603,16.6619,1.7685,-3.6599,8.245,9.1926
3.3,0,43.8914,174.1471,37.0152,-10.0502,6.0269,25.6703,28.2187
3.3,1,3.8186,136.3229,39.1183,-16.1839,-7.6789,3.022,18.1664
3.3,2,180.0323,44.4987,1.8958,27.1389,0.1095,-14.4747,30.7579
3.3,3,126.8065,177.1344,33.5436,-15.8745,-20.4316,1.5647,25.921
3.3,4,142.301,155.5339,6.2225,-1.2355,-6.0963,-4.7481,7.8253
3.3,5,151.5165,136.9063,47.95,-18.4492,-8.2757,-27.6673,34.2687
3.3,6,80.147,83.1395,18.9296,-27.8273,0.6018,-0.1505,27.8342
3.3,7,122.0185,64.2997,28.628,2.4267,-6.1363,27.8098,28.5819
3.3,8,26.9574,23.6974,36.9397,-3.425,-7.4445,3.3249,8.8434
3.3,9,32.5214,186.506,33.5459,-3.2451,18.2059,0.8325,18.5116
3.3,10,139.0851,86.83,16.9682,12.2893,-3.2317,9.9252,16.1239
3.3,11,107.1097,24.5475,49.7251,-8.7014,-31.6252,0.4053,32.8029
3.3,12,113.3717,54.3601,2.5326,7.1653,-0.544,23.2299,24.316
3.3,13,154.2101,107.7752,3.4339,15.9891,-2.919,-24.8375,29.6828
3.3,14,129.9487,54.9951,32.0777,1.3362,-0.7466,18.2383,18.3024
3.3,15,112.8719,171.6807,26.2017,0.2219,-6.5711,9.8192,11.8172
3.3,16,106.598,159.075,46.9685,-7.0847,-5.8183,19.5994,21.6375
3.3,17,62.5802,140.2079,37.418,3.2435,6.0953,-0.3711,6.9145
3.3,18,10.1825,91.5592,11.5746,-14.0612,-3.9277,26.0119,29.8289
3.3,19,103.4274,127.6713,42.4417,1.8975,-19.5793,-13.6619,23.9499
3.3,20,52.8571,118.2422,15.0292,-18.7052,-2.4654,20.3394,27.7426
3.3,21,77.1776,133.2215,29.3836,4.5169,-4.9179,-14.1382,15.6358
3.3,22,177.7607,19.5307,21.112,21.6453,17.8278,-19.4394,34.1209
3.3,23,36.2953,82.4383,45.3656,-22.9669,21.3134,-5.3941,31.7936
3.3,24,9.8419,19.4232,12.1741,-24.0312,-0.901,-15.0166,28.3515
3.3,25,54.0599,101.7331,0.9726,-9.2585,4.1926,-3.767,10.8392
3.3,26,50.4737,72.7312,33.4031,7.8983,6.4167,16.047,19.0016
3.3,27,134.3389,31.2751,49.3214,2.5964,3.7455,-4.3701,6.3141
3.3,28,110.0121,15.3679,47.3647,3.6141,-5.888,6.7068,9.6287
3.3,29,146.0236,124.0036,34.7977,-5.8224,0.5731,-24.811,25.4915
3.3,30,131.9795,25.8756,44.0677,17.5017,5.5317,20.2663,27.3429
3.3,31,73.112,174.1475,29.0237,20.5721,2.1393,27.0173,34.0253
3.3,32,156.9329,117.0686,24.9761,-13.8808,2.335,-4.4906,14.7748
3.3,33,35.2988,66.3185,5.6356,6.3207,10.5931,10.3677,16.1138
3.3,34,11.4383,119.0672,31.8629,-1.3991,-4.8299,18.4124,19.0867
3.3,35,14.2809,3.448,34.6045,1.7589,-6.0085,8.6577,10.6841
3.3,36,144.4784,193.2077,18.351,1.1386,8.2981,-3.0022,8.8976
3.3,37,86.7003,101.902,10.0134,-16.1086,-10.5346,-0.9554,19.2711
3.3,38,33.4356,157.8377,33.9895,4.2624,6.2251,9.0825,11.8073
3.3,39,93.7063,10.4037,1.6665,-6.5914,18.833,-15.2184,25.0944
3.3,40,41.0956,103.2921,47.017,8.0149,-6.7334,14.7838,18.1146
3.3,41,140.1198,96.3955,35.9056,-24.7317,-7.0335,-15.4173,29.9803
3.3,42,91.2662,181.9613,16.0614,11.2228,-9.7834,21.3248,26.008
3.3,43,80.941,125.4,34.007,0.5995,3.8237,-13.84,14.371
3.3,44,59.262,106.538,28.3771,-2.0077,3.6507,-29.6768,29.9678
3.3,45,109.501,47.1896,11.5497,-0.2093,0.0386,29.1422,29.1429
3.3,46,72.2313,69.8692,26.6838,-6.5765,0.8274,15.2458,16.6244
3.3,47,15.6596,97.1945,31.8655,4.9106,-0.0726,12.7357,13.6498
3.3,48,19.2146,75.305,19.3982,2.9223,2.5583,25.177,25.4749
3.3,49,196.118,6.8798,16.4849,5.3918,-7.2317,-1.7703,9.1926
3.4,0,43.3709,176.3555,35.3375,-5.2046,22.0844,-16.7775,28.2187
3.4,1,4.5813,137.1353,37.6836,7.6266,8.1241,-14.3475,18.1664
3.4,2,177.4926,44.4794,0.1609,-25.3977,-0.193,-17.3484,30.7579
3.4,3,127.0954,178.6514,31.4617,2.8891,15.1701,-20.8188,25.921
3.4,4,142.9055,155.2748,5.7984,6.0442,-2.5908,-4.2416,7.8253
3.4,5,152.399,136.9285,44.6388,8.8253,0.222,-33.112,34.2687
3.4,6,80.9738,84.1808,16.4843,8.268,10.4132,-24.453,27.8342
3.4,7,122.0796,67.0608,27.8916,0.6115,27.6102,-7.364,28.5819
3.4,8,27.0605,24.0077,37.7614,1.0306,3.1025,8.2169,8.8434
3.4,9,32.5717,186.8335,31.7246,0.5024,3.2755,-18.2126,18.5116
3.4,10,138.529,86.0001,15.7025,-5.5603,-8.2986,-12.6569,16.1239
3.4,11,106.6737,25.3707,47.1296,-4.3595,8.2322,-31.4525,32.8029
3.4,12,112.754,53.8154,4.8205,-6.1768,-5.4473,22.8788,24.316
3.4,13,156.1459,106.1791,5.02,19.3577,-15.9613,15.8616,29.6828
3.4,14,128.9455,54.2413,30.7454,-10.0323,-7.5381,-13.3232,18.3024
3.4,15,112.4811,170.605,25.9071,-3.9082,-10.7562,-2.9456,11.8172
3.4,16,105.7135,160.0719,45.2639,-8.8451,9.969,-17.046,21.6375
3.4,17,62.7262,140.4371,36.7822,1.4601,2.2924,-6.3579,6.9145
3.4,18,8.9925,94.0643,10.4765,-11.9007,25.0511,-10.9809,29.8289
3.4,19,105.6964,127.1534,43.0068,22.6901,-5.1793,5.6511,23.9499
3.4,20,51.0471,116.5033,13.8475,-18.1002,-17.3891,-11.8175,27.7426
3.4,21,76.9248,134.6693,29.917,-2.528,14.4786,5.3345,15.6358
3.4,22,175.1532,20.3614,19.074,-26.0753,8.3069,-20.3792,34.1209
3.4,23,37.7355,80.021,43.8854,14.4013,-24.1731,-14.8021,31.7936
3.4,24,8.9923,17.9129,14.4179,-8.4966,-15.1035,22.4388,28.3515
3.4,25,53.6846,101.5827,1.9783,-3.7534,-1.5039,10.0567,10.8392
3.4,26,51.6831,71.6672,32.3952,12.0939,-10.6403,-10.0789,19.0016
3.4,27,134.0507,30.7313,49.4621,-2.8824,-5.4389,1.4067,6.3141
3.4,28,109.5513,14.791,46.7467,-4.6081,-5.7689,-6.1803,9.6287
3.4,29,146.1807,124.3986,32.2842,1.5708,3.9505,-25.1345,25.4915
3.4,30,133.5536,27.1187,45.926,15.7408,12.4313,18.5829,27.3429
3.4,31,74.8116,173.7691,26.1005,16.9966,-3.7832,-29.2323,34.0253
3.4,32,155.764,116.232,24.6345,-11.6893,-8.3653,-3.4169,14.7748
3.4,33,33.9095,67.1322,5.57,-13.8934,8.1362,-0.6556,16.1138
3.4,34,10.5523,118.5126,30.2659,-8.8596,-5.5463,-15.9702,19.0867
3.4,35,14.5704,3.5665,33.5829,2.8944,1.1843,-10.2162,10.6841
3.4,36,144.8244,192.4973,17.9422,3.46,-7.1048,-4.0889,8.8976
3.4,37,86.7602,102.1835,11.9189,0.5987,2.8149,19.055,19.2711
3.4,38,33.8067,156.7976,34.4074,3.7111,-10.401,4.1783,11.8073
3.4,39,91.4233,9.9028,0.753,-22.8297,-5.0095,-9.1344,25.0944
3.4,40,41.0588,103.5099,45.2191,-0.3671,2.1781,-17.9794,18.1146
3.4,41,142.9191,96.9333,36.8345,27.9931,5.3782,9.2889,29.9803
3.4,42,91.565,181.2807,13.5691,2.9877,-6.8061,-24.9232,26.008
3.4,43,81.576,126.6749,34.1985,6.3494,12.7492,1.9151,14.371
3.4,44,61.2575,107.2114,30.5091,19.9543,6.7347,21.3199,29.9678
3.4,45,109.6055,44.3609,10.8568,1.0452,-28.2879,-6.9292,29.1429
3.4,46,71.4415,70.9556,25.7042,-7.8977,10.864,-9.7964,16.6244
3.4,47,15.5042,97.3242,30.5156,-1.5544,1.2969,-13.4989,13.6498
3.4,48,19.2183,75.5031,16.8585,0.0365,1.9807,-25.3977,25.4749
3.4,49,196.6863,6.1856,16.2845,5.6828,-6.942,-2.0045,9.1926
3.5,0,43.9234,175.8582,32.6153,5.5249,-4.9739,-27.2218,28.2187
3.5,1,4.649,138.9495,37.7494,0.6771,18.1418,0.658,18.1664
3.5,2,174.7766,43.1158,0.3132,-27.1594,-13.636,4.7412,30.7579
3.5,3,126.3632,176.9794,33.3021,-7.3222,-16.7202,18.4043,25.921
3.5,4,143.627,155.5648,5.7115,7.2158,2.9006,-0.8684,7.8253
3.5,5,154.1277,139.4079,43.0241,17.2865,24.7945,-16.1479,34.2687
3.5,6,79.9773,85.9596,14.5895,-9.9655,17.7877,-18.9481,27.8342
3.5,7,121.0249,65.1396,26.0569,-10.547,-19.2116,-18.3467,28.5819
3.5,8,26.8762,24.0819,38.6231,-1.8434,0.7428,8.6172,8.8434
3.5,9,32.4807,185.9205,30.1169,-0.9097,-9.1305,-16.0775,18.5116
3.5,10,138.5694,85.9558,17.3138,0.4033,-0.4426,16.1128,16.1239
3.5,11,106.8213,22.5674,45.4326,1.476,-28.0331,-16.9705,32.8029
3.5,12,113.4198,53.7829,2.4821,6.6579,-0.3246,-23.3845,24.316
3.5,13,156.2031,104.0896,2.9125,0.5727,-20.8946,-21.0751,29.6828
3.5,14,129.1455,53.9738,28.9459,2.0,-2.6749,-17.9951,18.3024
3.5,15,112.8394,169.9757,26.8409,3.5828,-6.2936,9.3381,11.8172
3.5,16,105.4461,157.9264,45.3492,-2.674,-21.4547,0.8531,21.6375
3.5,17,62.919,139.866,36.4433,1.9274,-5.711,-3.3883,6.9145
3.5,18,11.3808,93.0251,11.9304,23.8834,-10.3918,14.5382,29.8289
3.5,19,103.5269,127.4941,43.9624,-21.6949,3.4072,9.5563,23.9499
3.5,20,50.7107,116.1055,16.5724,-3.3636,-3.9779,27.2491,27.7426
3.5,21,76.7359,134.6515,31.469,-1.8899,-0.1779,15.5201,15.6358
3.5,22,176.8593,18.0449,20.9085,17.0618,-23.1647,18.3448,34.1209
3.5,23,36.1712,80.7408,46.5581,-15.6429,7.1984,26.7267,31.7936
3.5,24,9.7222,16.3548,16.6713,7.2991,-15.5807,22.5338,28.3515
3.5,25,54.0152,100.5508,1.9487,3.3064,-10.3183,-0.2961,10.8392
3.5,26,53.1612,71.3063,33.5335,14.7805,-3.6088,11.3831,19.0016
3.5,27,134.0517,30.8849,48.8497,0.0104,1.5367,-6.1242,6.3141
3.5,28,109.3848,14.1488,47.4445,-1.6654,-6.4224,6.9779,9.6287
3.5,29,146.194,124.094,34.8151,0.1325,-3.0464,25.3084,25.4915
3.5,30,134.2179,26.8376,43.2886,6.6425,-2.8113,-26.3743,27.3429
3.5,31,76.2085,172.844,29.062,13.9688,-9.2511,29.6144,34.0253
3.5,32,155.4876,116.0944,26.0793,-2.7642,-1.3763,14.4485,14.7748
3.5,33,32.9857,66.6307,4.3486,-9.2375,-5.0145,-12.2139,16.1138
3.5,34,11.4973,120.1643,30.4145,9.4496,16.5166,1.4862,19.0867
3.5,35,14.8075,3.5288,34.624,2.3711,-0.3761,10.4109,10.6841
3.5,36,144.8209,192.6081,18.825,-0.035,1.1084,8.8283,8.8976
3.5,37,86.6411,101.4394,10.1452,-1.1912,-7.4409,-17.7367,19.2711
3.5,38,34.1048,155.7904,33.868,2.9807,-10.0717,-5.3933,11.8073
3.5,39,89.5221,10.6388,2.2162,-19.0125,7.3601,14.6315,25.0944
3.5,40,41.3393,104.637,43.829,2.804,11.2713,-13.9008,18.1146
3.5,41,143.8752,99.3028,35.2662,9.561,23.6949,-15.6831,29.9803
3.5,42,91.6829,181.1315,10.9753,1.1794,-1.4913,-25.9384,26.008
3.5,43,80.9109,126.6299,32.9253,-6.6503,-0.4501,-12.7317,14.371
3.5,44,63.738,108.7886,31.0922,24.8055,15.772,5.8307,29.9678
3.5,45,109.0739,41.8324,12.205,-5.3158,-25.2841,13.4821,29.1429
3.5,46,71.4399,72.4394,26.4538,-0.0159,14.8381,7.4966,16.6244
3.5,47,16.1286,96.7106,31.5629,6.2446,-6.1361,10.4724,13.6498
3.5,48,18.3197,77.7907,16.1884,-8.9862,22.8762,-6.7004,25.4749
3.5,49,196.9003,6.8481,15.6841,2.14,6.6246,-6.0032,9.1926
3.6,0,46.6521,176.1261,31.9481,27.2872,2.6799,-6.6722,28.2187
3.6,1,5.0235,140.2895,36.5813,3.7447,13.3999,-11.6806,18.1664
3.6,2,173.703,45.7128,0.9372,-10.7358,25.9702,12.5036,30.7579
3.6,3,127.4275,179.1767,32.4314,10.6436,21.9728,-8.7068,25.921
3.6,4,144.3623,155.6584,5.9624,7.3531,0.9357,2.5083,7.8253
3.6,5,155.3271,141.2325,40.3829,11.9937,18.2455,-26.412,34.2687
3.6,6,79.1695,84.572,16.8632,-8.0772,-13.8757,22.7369,27.8342
3.6,7,119.1006,63.1011,25.4996,-19.2433,-20.3854,-5.5729,28.5819
3.6,8,27.5245,23.8047,39.1568,6.4832,-2.7725,5.3374,8.8434
3.6,9,32.6203,185.4733,28.326,1.3963,-4.4719,-17.909,18.5116
3.6,10,137.1074,85.2929,17.1619,-14.6194,-6.6293,-1.5191,16.1239
3.6,11,107.0099,22.7883,42.1651,1.8854,2.2091,-32.6741,32.8029
3.6,12,111.5156,52.9721,3.7585,-19.0418,-8.1086,12.7643,24.316
3.6,13,158.6271,105.0776,1.513,24.2402,9.8795,-13.9957,29.6828
3.6,14,128.8819,54.096,30.7529,-2.6359,1.2225,18.0703,18.3024
3.6,15,112.0633,170.6156,26.2207,-7.7608,6.3991,-6.2021,11.8172
3.6,16,103.5401,158.8555,45.78,-19.0604,9.291,4.3083,21.6375
3.6,17,62.8258,140.3574,35.9659,-0.9318,4.9139,-4.7745,6.9145
3.6,18,10.2928,90.4744,13.0294,-10.8801,-25.5068,10.9906,29.8289
3.6,19,104.8152,125.4904,43.7149,12.8834,-20.0372,-2.4753,23.9499
3.6,20,51.0066,113.5745,15.4756,2.9581,-25.3103,-10.9677,27.7426
3.6,21,76.0872,133.98,30.2148,-6.4867,-6.7151,-12.5422,15.6358
3.6,22,175.722,17.7655,17.7037,-11.3731,-2.7944,-32.0481,34.1209
3.6,23,37.3182,80.9677,43.6015,11.4705,2.2692,-29.5654,31.7936
3.6,24,9.7207,16.3464,19.5065,-0.0145,-0.0843,28.3514,28.3515
3.6,25,53.0135,100.26,1.6539,-10.0166,-2.9089,-2.9484,10.8392
3.6,26,53.1597,71.3177,31.6334,-0.015,0.1142,-19.0013,19.0016
3.6,27,134.008,30.967,49.4742,-0.4371,0.8212,6.2452,6.3141
3.6,28,109.4403,14.125,46.4835,0.5552,-0.2378,-9.6097,9.6287
3.6,29,144.4431,122.3571,34.1702,-17.5086,-17.3688,-6.4491,25.4915
3.6,30,132.1216,27.1573,45.0147,-20.9631,3.1971,17.2615,27.3429
3.6,31,75.5546,172.2228,32.3428,-6.5392,-6.2124,32.808,34.0253
3.6,32,154.4945,116.6924,26.9954,-9.9306,5.9793,9.161,14.7748
3.6,33,31.4129,66.9289,4.1649,-15.7286,2.9817,-1.8374,16.1138
3.6,34,11.4589,120.3125,32.3171,-0.3836,1.482,19.0252,19.0867
3.6,35,14.6851,3.5774,33.5637,-1.2235,0.4857,-10.6027,10.6841
3.6,36,144.8065,192.5744,19.714,-0.1442,-0.3367,8.8901,8.8976
3.6,37,87.4918,101.6575,11.8606,8.5066,2.1808,17.154,19.2711
3.6,38,34.1777,155.5394,35.0194,0.7298,-2.5105,11.5142,11.8073
3.6,39,89.1516,12.4011,0.4685,-3.705,17.6232,-17.4764,25.0944
3.6,40,41.0169,103.9224,42.196,-3.2232,-7.1458,-16.3305,18.1146
3.6,41,142.245,97.262,36.7378,-16.3025,-20.408,14.716,29.9803
3.6,42,90.191,179.0051,11.1048,-14.919,-21.264,1.2953,26.008
3.6,43,79.7959,125.7294,33.0298,-11.1504,-9.0057,1.0451,14.371
3.6,44,64.418,108.6099,34.0053,6.7998,-1.7869,29.1314,29.9678
3.6,45,106.3683,41.6905,13.2785,-27.0565,-1.4198,10.7351,29.1429
3.6,46,71.2872,71.0698,25.524,-1.5278,-13.6959,-9.2983,16.6244
3.6,47,15.7699,95.4628,31.1413,-3.5868,-12.4773,-4.2153,13.6498
3.6,48,18.4091,78.8242,13.8617,0.8939,10.3349,-23.2672,25.4749
3.6,49,196.7918,7.3589,14.9276,-1.0849,5.1082,-7.5652,9.1926
3.7,0,48.3568,178.2774,31.293,17.0468,21.5124,-6.5511,28.2187
3.7,1,5.1097,140.0728,38.3829,0.8624,-2.1666,18.0161,18.1664
3.7,2,173.5534,45.1994,3.9661,-1.4962,-5.1347,30.2894,30.7579
3.7,3,125.4408,178.7932,34.0516,-19.8671,-3.8345,16.2017,25.921
3.7,4,144.2439,155.7778,5.1981,-1.1843,1.1938,-7.6425,7.8253
3.7,5,153.7195,138.3728,41.3734,-16.0756,-28.5972,9.9054,34.2687
3.7,6,79.2063,84.4839,19.645,0.3677,-0.8813,27.8178,27.8342
3.7,7,119.449,62.779,28.3181,3.4836,-3.2209,28.1854,28.5819
3.7,8,27.2479,23.7205,38.3211,-2.7656,-0.8416,-8.3576,8.8434
3.7,9,33.3656,183.8865,27.7317,7.4532,-15.8685,-5.943,18.5116
3.7,10,135.7617,85.1972,16.2789,-13.4574,-0.9576,-8.8297,16.1239
3.7,11,105.7263,22.9955,39.1535,-12.8358,2.0719,-30.1162,32.8029
3.7,12,112.8358,51.4827,5.1554,13.2025,-14.8937,13.9692,24.316
3.7,13,156.9265,106.551,0.4229,-17.0062,14.734,19.359,29.6828
3.7,14,127.5984,55.0799,29.8958,-12.8346,9.8382,-8.5711,18.3024
3.7,15,111.9514,170.9271,25.0863,-1.1194,3.1146,-11.3442,11.8172
3.7,16,101.3913,158.6018,45.7662,-21.4879,-2.5367,-0.1382,21.6375
3.7,17,62.5092,140.2657,35.358,-3.1661,-0.9166,-6.0783,6.9145
3.7,18,8.7378,88.0085,12.3978,-15.5494,-24.6596,-6.3157,29.8289
3.7,19,103.8706,125.9313,41.5587,-9.4462,4.4087,-21.5623,23.9499
3.7,20,51.087,113.9671,18.2208,0.8045,3.9266,27.4516,27.7426
3.7,21,76.548,133.4694,28.8106,4.6079,-5.1063,-14.0417,15.6358
3.7,22,173.791,20.5688,17.9381,-19.3102,28.0332,2.3443,34.1209
3.7,23,38.9505,80.1093,41.0118,16.3232,-8.5846,-25.8977,31.7936
3.7,24,9.8991,16.996,16.7525,1.7835,6.496,-27.5396,28.3515
3.7,25,52.4154,100.0229,0.7816,-5.9818,-2.3709,-8.7226,10.8392
3.7,26,52.8429,71.2435,29.7613,-3.1679,-0.7419,-18.721,19.0016
3.7,27,134.135,30.7313,48.9023,1.27,-2.3573,-5.7183,6.3141
3.7,28,110.0592,14.8623,46.4638,6.1896,7.373,-0.1971,9.6287
3.7,29,146.3547,121.1429,35.3404,19.1164,-12.1422,11.7022,25.4915
3.7,30,131.3951,27.012,42.3827,-7.2647,-1.4535,-26.32,27.3429
3.7,31,72.6879,170.5004,31.7159,-28.6663,-17.224,-6.2687,34.0253
3.7,32,153.0678,116.6011,27.3684,-14.2669,-0.9126,3.7304,14.7748
3.7,33,32.4669,67.1716,2.9704,10.5399,2.4273,-11.9446,16.1138
3.7,34,9.7026,120.3446,31.5705,-17.5631,0.3211,-7.4657,19.0867
3.7,35,14.6648,3.8156,32.5224,-0.2033,2.3821,-10.4132,10.6841
3.7,36,144.4944,193.0483,19.0287,-3.121,4.739,-6.8534,8.8976
3.7,37,86.3565,100.1133,11.6597,-11.3529,-15.4419,-2.0092,19.2711
3.7,38,34.1423,155.5399,36.1996,-0.3544,0.0051,11.802,11.8073
3.7,39,89.1761,12.4174,2.9778,0.2454,0.1628,25.0927,25.0944
3.7,40,41.1208,103.9738,44.0037,1.039,0.5134,18.0774,18.1146
3.7,41,143.39,99.9383,36.0204,11.4502,26.7628,-7.1739,29.9803
3.7,42,90.4277,179.6129,8.5871,2.3671,6.077,-25.177,26.008
3.7,43,78.8461,124.9605,32.2734,-9.4979,-7.688,-7.5637,14.371
3.7,44,65.31,110.4398,31.8061,8.9197,18.2988,-21.9923,29.9678
3.7,45,106.4635,41.603,10.3671,0.952,-0.8748,-29.1142,29.1429
3.7,46,71.4097,71.5442,23.9354,1.2257,4.7441,-15.8858,16.6244
3.7,47,16.9048,96.1944,30.9413,11.3488,7.3159,-2.0,13.6498
3.7,48,19.994,77.254,12.6321,15.8499,-15.702,-12.2963,25.4749
3.7,49,196.6532,7.8324,14.152,-1.3864,4.7355,-7.7561,9.1926
3.8,0,48.2628,177.8425,34.0796,-0.9405,-4.3486,27.8657,28.2187
3.8,1,4.1332,141.2977,39.3029,-9.7645,12.2486,9.2001,18.1664
3.8,2,175.3703,42.7594,4.4202,18.1685,-24.3995,4.541,30.7579
3.8,3,125.5858,181.3475,33.6348,1.4496,25.5427,-4.1677,25.921
3.8,4,143.8534,155.6817,5.8694,-3.9051,-0.9608,6.7129,7.8253
3.8,5,154.3464,139.8002,44.4251,6.269,14.2746,30.5168,34.2687
3.8,6,76.9918,84.5493,17.9601,-22.1455,0.6541,-16.8491,27.8342
3.8,7,119.6887,63.1199,31.1458,2.3971,3.4092,28.2765,28.5819
3.8,8,27.6892,24.4314,38.0349,4.4133,7.1092,-2.8615,8.8434
3.8,9,32.5373,183.1815,29.2296,-8.2833,-7.0498,14.9788,18.5116
3.8,10,135.7472,85.3643,17.8825,-0.1451,1.6714,16.0364,16.1239
3.8,11,106.9596,25.3201,41.112,12.3329,23.2458,19.5848,32.8029
3.8,12,113.9044,50.978,3.0303,10.6859,-5.0474,-21.2509,24.316
3.8,13,159.683,107.3144,1.2164,27.5649,7.6347,7.9347,29.6828
3.8,14,126.9863,54.8143,28.1915,-6.1209,-2.6555,-17.0429,18.3024
3.8,15,111.2577,170.71,26.0181,-6.9363,-2.1704,9.3178,11.8172
3.8,16,101.3849,160.2747,44.3939,-0.064,16.7287,-13.7233,21.6375
3.8,17,61.9685,140.4311,35.756,-5.4073,1.6534,3.9797,6.9145
3.8,18,9.4461,88.4439,15.2625,7.0823,4.3546,28.6469,29.8289
3.8,19,103.6391,124.6625,39.5406,-2.3155,-12.6875,-20.1808,23.9499
3.8,20,51.5502,116.5444,17.3045,4.6322,25.7729,-9.1628,27.7426
3.8,21,77.0354,134.7813,29.5078,4.8741,13.1191,6.9721,15.6358
3.8,22,172.4812,23.6021,17.086,-13.0985,30.3325,-8.521,34.1209
3.8,23,40.3076,79.1539,38.3,13.5708,-9.5543,-27.118,31.7936
3.8,24,9.9735,16.7483,13.9292,0.7443,-2.4764,-28.2333,28.3515
3.8,25,53.3957,99.683,0.4681,9.8035,-3.3984,-3.1351,10.8392
3.8,26,51.8635,69.8599,30.6197,-9.7943,-13.8362,8.5845,19.0016
3.8,27,133.8154,30.2066,49.0478,-3.1965,-5.2474,1.4544,6.3141
3.8,28,109.6089,14.9191,45.6146,-4.503,0.568,-8.4919,9.6287
3.8,29,148.4395,119.7297,34.9471,20.8476,-14.1324,-3.9329,25.4915
3.8,30,128.8933,26.8407,41.2926,-25.0174,-1.7124,-10.9008,27.3429
3.8,31,71.1048,172.5398,29.4996,-15.8315,20.3939,-22.1624,34.0253
3.8,32,152.362,115.7438,28.343,-7.0584,-8.5732,9.7453,14.7748
3.8,33,31.1907,66.7909,2.0632,-12.7618,-3.8069,-9.0719,16.1138
3.8,34,11.0498,121.6752,31.8106,13.4713,13.3064,2.4006,19.0867
3.8,35,14.4654,3.9749,33.5599,-1.994,1.5929,10.3749,10.6841
3.8,36,144.1522,193.8623,19.1382,-3.4214,8.1402,1.0951,8.8976
3.8,37,87.3844,98.6377,12.3523,10.2789,-14.7563,6.9263,19.2711
3.8,38,33.9473,155.7257,35.05,-1.9497,1.8577,-11.4961,11.8073
3.8,39,89.7551,11.2176,0.8512,5.7897,-11.998,-21.2664,25.0944
3.8,40,40.5925,104.1738,42.2826,-5.2831,2.0005,-17.2112,18.1146
3.8,41,143.4344,97.9198,38.2366,0.444,-20.1853,22.1625,29.9803
3.8,42,91.2738,180.576,10.8499,8.4613,9.6318,22.6285,26.008
3.8,43,79.5532,124.5983,31.0759,7.071,-3.6224,-11.9752,14.371
3.8,44,63.4192,110.6719,29.4927,-18.9074,2.321,-23.1342,29.9678
3.8,45,106.3111,44.0745,8.8304,-1.5235,24.7154,-15.3668,29.1429
3.8,46,71.495,73.1368,24.4046,0.8524,15.9257,4.6921,16.6244
3.8,47,16.785,97.455,31.451,-1.1978,12.606,5.0964,13.6498
3.8,48,18.5739,78.83,14.0424,-14.2011,15.7605,14.1034,25.4749
3.8,49,196.5985,7.5683,15.0308,-0.5467,-2.6417,8.7878,9.1926
3.9,0,47.7056,179.7584,32.0841,-5.5715,19.1591,-19.9545,28.2187
3.9,1,3.1549,139.7822,39.5183,-9.7838,-15.1543,2.154,18.1664
3.9,2,172.5626,41.6534,3.8251,-28.077,-11.06,-5.9506,30.7579
3.9,3,124.6979,183.7736,33.4232,-8.8789,24.2608,-2.1162,25.921
3.9,4,144.4862,155.2655,6.0661,6.3283,-4.1617,1.9668,7.8253
3.9,5,154.4026,139.8387,40.9989,0.562,0.3844,-34.2619,34.2687
3.9,6,76.8035,83.776,20.6273,-1.8822,-7.733,26.6721,27.8342
3.9,7,119.6009,62.493,28.3586,-0.8772,-6.2691,-27.8721,28.5819
3.9,8,28.4423,23.9882,37.8991,7.5307,-4.4328,-1.358,8.8434
3.9,9,31.4225,183.0507,27.7576,-11.1484,-1.3075,-14.7202,18.5116
3.9,10,135.0478,86.8121,18.0029,-6.994,14.4781,1.2036,16.1239
3.9,11,108.1464,23.0868,39.0229,11.8678,-22.3327,-20.8911,32.8029
3.9,12,114.0394,49.9515,5.2305,1.3498,-10.2644,22.0019,24.316
3.9,13,156.8707,107.3088,0.2669,-28.1233,-0.0558,-9.4947,29.6828
3.9,14,127.1721,53.1657,28.9643,1.8576,-16.4865,7.728,18.3024
3.9,15,111.1644,171.5374,25.1795,-0.9332,8.2741,-8.3854,11.8172
3.9,16,101.2734,160.2044,42.2341,-1.1153,-0.7029,-21.5973,21.6375
3.9,17,62.4057,139.9362,35.5509,4.3726,-4.9483,-2.0507,6.9145
3.9,18,8.2184,91.141,15.6037,-12.2766,26.9705,3.4117,29.8289
3.9,19,101.2761,124.9076,39.237,-23.63,2.4511,-3.0355,23.9499
3.9,20,51.865,116.4444,20.059,3.1478,-1.0,27.5453,27.7426
3.9,21,77.4068,133.5931,30.4538,3.7138,-11.8824,9.4601,15.6358
3.9,22,172.5164,23.5718,20.4978,0.3521,-0.3025,34.1178,34.1209
3.9,23,38.3976,80.8325,36.3915,-19.1003,16.7865,-19.0847,31.7936
3.9,24,11.7174,16.71,16.1642,17.4392,-0.383,22.3503,28.3515
3.9,25,54.0091,100.5566,0.6563,6.1343,8.7358,1.8823,10.8392
3.9,26,50.0916,69.65,31.2732,-17.7185,-2.0994,6.5353,19.0016
3.9,27,133.7876,30.2102,49.6786,-0.2782,0.0364,6.3079,6.3141
3.9,28,109.8643,14.1059,46.0624,2.554,-8.1322,4.4785,9.6287
3.9,29,149.1085,119.2969,37.3685,6.6897,-4.3274,24.2144,25.4915
3.9,30,128.648,24.7803,43.0733,-2.4532,-20.6042,17.8067,27.3429
3.9,31,70.1782,171.5918,26.366,-9.266,-9.4799,-31.3368,34.0253
3.9,32,151.2874,116.2708,29.2092,-10.7459,5.2703,8.6627,14.7748
3.9,33,29.5847,66.6866,1.9839,-16.0604,-1.0435,-0.7937,16.1138
3.9,34,10.5689,121.6471,33.6575,-4.8082,-0.2813,18.469,19.0867
3.9,35,15.0697,4.0527,34.4375,6.0431,0.7776,8.7765,10.6841
3.9,36,143.8664,193.8569,18.2956,-2.8587,-0.0547,-8.4257,8.8976
3.9,37,87.8705,98.0188,10.5932,4.8617,-6.1894,-17.5907,19.2711
3.9,38,33.8825,155.4778,33.8974,-0.6484,-2.4782,-11.5261,11.8073
3.9,39,90.4657,8.8115,0.7979,7.1067,-24.0612,-0.5325,25.0944
3.9,40,40.2413,104.4626,40.5291,-3.5127,2.888,-17.5345,18.1146
3.9,41,141.1844,97.5056,40.1742,-22.4998,-4.1418,19.3759,29.9803
3.9,42,93.783,181.1118,11.2758,25.0912,5.3581,4.2588,26.008
3.9,43,79.0276,125.0735,32.3262,-5.2556,4.7522,12.5029,14.371
3.9,44,61.1411,111.0413,27.581,-22.7808,3.6939,-19.117,29.9678
3.9,45,106.2159,46.982,9.0056,-0.9519,29.0747,1.7514,29.1429
3.9,46,72.0832,73.2537,22.8541,5.8821,1.1697,-15.5049,16.6244
3.9,47,16.608,97.0045,32.7273,-1.7704,-4.5052,12.7627,13.6498
3.9,48,17.352,79.358,11.8704,-12.2191,5.2797,-21.7207,25.4749
3.9,49,196.3478,7.7151,14.1587,-2.5071,1.4683,-8.7213,9.1926
4.0,0,48.3951,182.1343,30.7267,6.8945,23.7591,-13.5744,28.2187
4.0,1,3.4399,139.0092,37.8992,2.8507,-7.7299,-16.1907,18.1664
4.0,2,173.9027,42.704,1.2637,13.4014,10.5055,-25.6142,30.7579
4.0,3,122.7565,182.0744,33.6733,-19.4142,-16.9922,2.5007,25.921
4.0,4,144.4775,154.902,6.759,-0.0872,-3.635,6.9293,7.8253
4.0,5,154.4077,139.0843,37.6561,0.0512,-7.5437,-33.428,34.2687
4.0,6,76.9014,84.0235,17.8566,0.9787,2.4748,-27.7067,27.8342
4.0,7,122.2317,63.5658,28.0464,26.3078,10.7278,-3.1214,28.5819
4.0,8,28.3272,24.0265,38.7751,-1.1511,0.3836,8.7598,8.8434
4.0,9,31.8409,184.4105,26.5732,4.1845,13.5973,-11.844,18.5116
4.0,10,134.9831,86.6162,19.602,-0.6463,-1.9587,15.9915,16.1239
4.0,11,107.4421,23.9751,42.1011,-7.0429,8.8829,30.7819,32.8029
4.0,12,112.2455,50.5425,3.6991,-17.9392,5.9094,-15.3143,24.316
4.0,13,158.0918,108.3649,2.7578,12.2112,10.5607,24.9084,29.6828
4.0,14,125.7806,52.5368,29.9733,-13.915,-6.2882,10.0901,18.3024
4.0,15,111.6298,172.6227,25.2234,4.6542,10.8532,0.4388,11.8172
4.0,16,100.3669,158.3095,41.7152,-9.0649,-18.9496,-5.1888,21.6375
4.0,17,62.7472,140.1,36.1295,3.4147,1.6376,5.7852,6.9145
4.0,18,10.0031,90.8686,17.9782,17.8468,-2.7239,23.7452,29.8289
4.0,19,100.6138,123.3896,40.967,-6.6228,-15.1804,17.3001,23.9499
4.0,20,51.8713,116.4582,22.8333,0.0632,0.1382,27.7422,27.7426
4.0,21,78.9607,133.7311,30.3484,15.539,1.3797,-1.0547,15.6358
4.0,22,171.5319,25.2493,23.3012,-9.8447,16.7754,28.0341,34.1209
4.0,23,39.1609,81.9232,39.2787,7.6334,10.9068,28.8723,31.7936
4.0,24,12.0623,18.4246,13.9328,3.4485,17.1461,-22.3143,28.3515
4.0,25,54.1087,100.4542,0.4181,0.9956,-1.0241,10.7446,10.8392
4.0,26,48.6445,68.5534,30.7131,-14.4716,-10.9661,-5.6016,19.0016
4.0,27,133.91,30.4561,49.7529,1.2246,2.4588,-5.6853,6.3141
4.0,28,109.1528,13.8413,45.4701,-7.1155,-2.6459,-5.9229,9.6287
4.0,29,149.0336,121.3578,38.867,-0.7489,20.609,14.9842,25.4915
4.0,30,128.7104,24.7709,40.3397,0.6241,-0.094,-27.3356,27.3429
4.0,31,73.1709,172.2166,24.8726,29.9275,6.2481,-14.9341,34.0253
4.0,32,151.1342,114.8981,29.7337,-1.5314,-13.7273,5.2449,14.7748
4.0,33,29.6766,66.0544,0.5045,0.9199,-6.3217,-14.7934,16.1138
4.0,34,11.1246,121.8966,35.4663,5.5569,2.4949,18.0886,19.0867
4.0,35,15.3072,4.4969,33.4953,2.3747,4.4423,-9.4222,10.6841
4.0,36,143.6805,194.0222,19.1499,-1.859,1.6534,8.5427,8.8976
4.0,37,88.6895,97.1261,9.0945,8.1901,-8.9268,-14.9871,19.2711
4.0,38,33.8618,155.4729,35.078,-0.2065,-0.0489,11.8054,11.8073
4.0,39,89.1347,6.8448,1.6089,-13.3104,-19.6671,8.1098,25.0944
4.0,40,40.339,103.9984,38.7809,0.977,-4.6423,-17.4823,18.1146
4.0,41,141.4722,96.9672,37.239,2.8779,-5.3843,-29.3521,29.9803
4.0,42,93.1832,181.2019,8.7467,-5.998,0.9004,-25.2908,26.008
4.0,43,77.6496,124.9973,32.7267,-13.7807,-0.7621,4.0047,14.371
4.0,44,60.8042,109.3876,30.0573,-3.3699,-16.5373,24.7635,29.9678
4.0,45,105.9832,49.7521,8.1308,-2.3277,27.7016,-8.7473,29.1429
4.0,46,73.0827,71.9566,22.5675,9.995,-12.9712,-2.8667,16.6244
4.0,47,17.9085,97.1753,33.1051,13.0046,1.7082,3.7788,13.6498
4.0,48,18.1987,81.7461,12.1343,8.4672,23.8811,2.6395,25.4749
4.0,49,196.5846,6.9893,14.6707,2.3683,-7.2577,5.1206,9.1926
4.1,0,46.8854,182.4048,28.358,-15.0966,2.7047,-23.6869,28.2187
4.1,1,3.3528,138.6321,36.1243,-0.8714,-3.7714,-17.7492,18.1664
4.1,2,176.6163,42.6581,2.7111,27.1357,-0.4586,14.4739,30.7579
4.1,3,122.5083,182.4146,31.1156,-2.4821,3.4029,-25.5766,25.921
4.1,4,144.7361,154.9219,7.4973,2.5856,0.1988,7.3831,7.8253
4.1,5,156.3973,141.0896,39.5961,19.8962,20.053,19.4,34.2687
4.1,6,76.5083,83.8861,20.6087,-3.9309,-1.3739,27.521,27.8342
4.1,7,120.9013,65.5432,26.4689,-13.3046,19.7749,-15.7756,28.5819
4.1,8,29.1486,23.7012,38.7367,8.2143,-3.2533,-0.3844,8.8434
4.1,9,30.9062,183.4466,27.8475,-9.3472,-9.639,12.7435,18.5116
4.1,10,133.8782,86.4742,18.4363,-11.0488,-1.4208,-11.657,16.1239
4.1,11,108.4088,20.8701,42.5311,9.6675,-31.0497,4.3003,32.8029
4.1,12,112.1304,52.6721,4.867,-1.1505,21.2968,11.6786,24.316
4.1,13,158.1756,108.1861,5.7195,0.8378,-1.7881,29.6171,29.6828
4.1,14,127.0959,52.5621,31.2458,13.1529,0.253,12.7246,18.3024
4.1,15,111.3168,172.33,24.1221,-3.13,-2.9274,-11.0127,11.8172
4.1,16,102.3454,157.4497,41.5477,19.7853,-8.5977,-1.6751,21.6375
4.1,17,62.9038,139.454,36.3198,1.5664,-6.4602,1.9034,6.9145
4.1,18,10.8067,89.814,15.3062,8.0365,-10.5463,-26.7199,29.8289
4.1,19,98.747,124.8013,40.459,-18.6683,14.1169,-5.0801,23.9499
4.1,20,52.8426,114.5293,21.0919,9.7127,-19.2897,-17.4134,27.7426
4.1,21,78.4193,133.552,28.8925,-5.414,-1.7904,-14.5589,15.6358
4.1,22,169.0251,22.9382,23.4303,-25.0683,-23.1117,1.2905,34.1209
4.1,23,40.6346,82.4951,36.5202,14.7366,5.7188,-27.5856,31.7936
4.1,24,12.8779,21.0208,14.7283,8.1564,25.9613,7.9558,28.3515
4.1,25,53.5858,100.2808,0.5153,-5.2287,-1.734,9.335,10.8392
4.1,26,49.9969,69.0771,31.9407,13.5247,5.2373,12.2767,19.0016
4.1,27,133.8905,30.0932,49.2366,-0.1952,-3.6293,-5.1631,6.3141
4.1,28,109.318,13.5811,46.3824,1.6524,-2.6017,9.1221,9.6287
4.1,29,149.2176,121.2572,36.3265,1.8395,-1.0058,-25.4051,25.4915
4.1,30,130.8993,26.3987,40.5285,21.8885,16.2776,1.8881,27.3429
4.1,31,75.8407,171.1541,23.0503,26.698,-10.6248,-18.2222,34.0253
4.1,32,152.0087,115.2937,28.6105,8.7448,3.9564,-11.2325,14.7748
4.1,33,28.0929,66.3149,0.361,-15.8369,2.6047,-1.4356,16.1138
4.1,34,11.6128,121.1299,37.1447,4.8821,-7.6662,16.7838,19.0867
4.1,35,15.5612,4.6171,34.5261,2.5405,1.2015,10.3079,10.6841
4.1,36,144.4008,194.1051,18.6343,7.2038,0.8288,-5.1562,8.8976
4.1,37,89.5762,97.2662,7.3893,8.867,1.4014,-17.0526,19.2711
4.1,38,32.9547,155.4086,35.831,-9.0716,-0.6435,7.5303,11.8073
4.1,39,90.0506,4.5976,2.2482,9.159,-22.4715,6.3932,25.0944
4.1,40,41.0835,104.766,37.3188,7.4458,7.6764,-14.6209,18.1146
4.1,41,142.9255,98.4134,39.4264,14.533,14.462,21.8738,29.9803
4.1,42,90.8241,180.118,8.9013,-23.591,-10.8391,1.5458,26.008
4.1,43,77.775,126.2646,33.3927,1.2545,12.6724,6.6605,14.371
4.1,44,60.4682,106.6996,28.7757,-3.3591,-26.88,-12.8159,29.9678
4.1,45,108.7022,48.8618,7.5766,27.1905,-8.9036,-5.542,29.1429
4.1,46,73.1724,71.0688,21.1648,0.8974,-8.8776,-14.0268,16.6244
4.1,47,18.5859,96.5162,34.0899,6.7745,-6.5918,9.8474,13.6498
4.1,48,17.0016,81.598,9.8905,-11.9712,-1.4807,-22.438,25.4749
4.1,49,196.8762,6.4767,15.3759,2.916,-5.1259,7.0517,9.1926
4.2,0,47.2841,181.1234,30.8403,3.9869,-12.814,24.8234,28.2187
4.2,1,3.3496,138.482,37.9347,-0.0321,-1.501,18.1042,18.1664
4.2,2,179.3215,42.9899,4.1367,27.0519,3.3178,14.2562,30.7579
4.2,3,122.1795,184.6604,32.3676,-3.2874,22.4577,12.5198,25.921
4.2,4,143.9719,155.076,7.566,-7.6414,1.5405,0.687,7.8253
4.2,5,153.9443,139.4103,37.8914,-24.5302,-16.7936,-17.0466,34.2687
4.2,6,77.6057,83.2758,18.1246,10.9739,-6.103,-24.8409,27.8342
4.2,7,118.9429,67.4868,27.215,-19.5839,19.4353,7.4608,28.5819
4.2,8,29.2366,23.6132,37.8611,0.8801,-0.8798,-8.7554,8.8434
4.2,9,31.408,184.2763,29.4244,5.0183,8.2974,15.7686,18.5116
4.2,10,132.7993,87.6048,18.0398,-10.79,11.3065,-3.9651,16.1239
4.2,11,111.403,21.8907,41.6631,29.9421,10.2057,-8.6802,32.8029
4.2,12,112.0322,50.5926,3.6106,-0.9821,-20.7957,-12.5634,24.316
4.2,13,158.3424,108.4176,8.674,1.6677,2.3153,29.5454,29.6828
4.2,14,127.0537,53.5171,29.685,-0.4215,9.5496,-15.6079,18.3024
4.2,15,111.4022,171.796,23.0714,0.8538,-5.3403,-10.507,11.8172
4.2,16,101.2957,157.217,39.67,-10.4971,-2.3268,-18.7771,21.6375
4.2,17,63.5089,139.5073,36.6501,6.0512,0.5326,3.303,6.9145
4.2,18,10.8827,89.815,18.2882,0.7593,0.0107,29.8193,29.8289
4.2,19,97.1361,124.6932,38.69,-16.1088,-1.0806,-17.69,23.9499
4.2,20,52.5682,115.292,23.7451,-2.7437,7.6276,26.532,27.7426
4.2,21,78.9283,134.6392,27.8906,5.0899,10.8717,-10.0189,15.6358
4.2,22,166.7192,20.9412,24.9592,-23.0583,-19.9694,15.2897,34.1209
4.2,23,40.6891,82.8948,33.3665,0.5449,3.9973,-31.5366,31.7936
4.2,24,10.5057,19.4687,14.6896,-23.7228,-15.5205,-0.3871,28.3515
4.2,25,52.8901,100.9402,1.0213,-6.9576,6.5943,5.059,10.8392
4.2,26,50.7276,70.8178,32.1571,7.3068,17.4067,2.1634,19.0016
4.2,27,134.1679,30.4205,48.7734,2.7743,3.2734,-4.6321,6.3141
4.2,28,109.3588,14.0735,47.2088,0.4074,4.9237,8.2646,9.6287
4.2,29,149.4522,121.3017,38.8644,2.3462,0.445,25.3794,25.4915
4.2,30,129.9307,28.9316,40.179,-9.6856,25.3299,-3.4955,27.3429
4.2,31,78.3685,169.3647,24.4595,25.2771,-17.8947,14.0914,34.0253
4.2,32,152.451,114.5052,29.7791,4.4229,-7.8846,11.6861,14.7748
4.2,33,27.324,67.1134,0.8085,-7.6897,7.9848,11.6947,16.1138
4.2,34,10.9122,120.7683,38.8829,-7.0063,-3.6162,17.3821,19.0867
4.2,35,14.8102,4.2788,33.8456,-7.5098,-3.3829,-6.8051,10.6841
4.2,36,144.6744,193.5981,19.3123,2.7352,-5.0702,6.7809,8.8976
4.2,37,89.6334,97.9285,5.5804,0.5719,6.6227,-18.0884,19.2711
4.2,38,32.6877,156.2987,35.1026,-2.6703,8.9009,-7.284,11.8073
4.2,39,89.2529,6.9621,2.5128,-7.9771,23.6452,2.6456,25.0944
4.2,40,42.8302,105.2247,37.4605,17.4669,4.5867,1.4168,18.1146
4.2,41,142.3888,99.6602,42.0995,-5.3667,12.4687,26.7311,29.9803
4.2,42,90.8468,180.096,11.5019,0.2278,-0.2196,26.006,26.008
4.2,43,78.1792,126.0151,32.0364,4.0415,-2.4945,-13.5635,14.371
4.2,44,62.2102,108.134,26.8038,17.4198,14.3438,-19.7198,29.9678
4.2,45,106.1654,49.5462,6.3159,-25.3679,6.8443,-12.6071,29.1429
4.2,46,71.9536,72.1941,21.0548,-12.1879,11.2523,-1.1002,16.6244
4.2,47,17.2242,96.6073,34.0638,-13.6169,0.9118,-0.2611,13.6498
4.2,48,15.9546,81.2231,12.1824,-10.4706,-3.7488,22.919,25.4749
4.2,49,197.478,6.5538,16.0665,6.0179,0.7702,6.9061,9.1926
4.3,0,47.8996,181.1967,28.0874,6.1546,0.7324,-27.5296,28.2187
4.3,1,1.8863,138.9069,38.9239,-14.6329,4.2491,9.8914,18.1664
4.3,2,179.3099,42.9792,1.061,-0.1162,-0.1065,-30.7575,30.7579
4.3,3,120.0406,185.2039,33.7272,-21.3896,5.4353,13.5956,25.921
4.3,4,144.3495,155.4814,7.0133,3.7759,4.0537,-5.5268,7.8253
4.3,5,151.9832,140.8832,40.2848,-19.611,14.7293,23.9332,34.2687
4.3,6,76.04,84.2467,20.2111,-15.6573,9.7094,20.8643,27.8342
4.3,7,119.7738,69.5007,29.0651,8.3098,20.1388,18.5014,28.5819
4.3,8,29.2393,23.5453,36.9794,0.0269,-0.679,-8.8173,8.8434
4.3,9,30.7641,185.6141,30.53,-6.4397,13.3782,11.0559,18.5116
4.3,10,132.7569,87.5783,19.6514,-0.4231,-0.2647,16.1162,16.1239
4.3,11,109.1489,21.6672,39.2905,-22.5411,-2.2351,-23.7263,32.8029
4.3,12,113.3567,49.3078,2.027,13.2451,-12.8472,-15.8361,24.316
4.3,13,159.5244,109.5561,11.1474,11.8201,11.3848,24.7334,29.6828
4.3,14,127.7193,54.0984,28.0822,6.6559,5.8134,-16.0275,18.3024
4.3,15,111.0806,172.7792,23.6426,-3.2165,9.8322,5.7119,11.8172
4.3,16,99.9285,157.8477,41.224,-13.6721,6.3066,15.5397,21.6375
4.3,17,63.4848,139.5841,35.9634,-0.2419,0.7682,-6.8675,6.9145
4.3,18,11.126,86.8847,18.7896,2.4336,-29.3036,5.0141,29.8289
4.3,19,97.2053,127.0194,39.2556,0.6922,23.2624,5.6552,23.9499
4.3,20,54.5168,116.4407,22.1388,19.4857,11.4866,-16.063,27.7426
4.3,21,78.4208,134.9445,29.3377,-5.0748,3.0531,14.4707,15.6358
4.3,22,166.9636,19.2897,21.9835,2.4437,-16.5158,-29.7573,34.1209
4.3,23,42.3986,80.5592,32.0508,17.0952,-23.3557,-13.1568,31.7936
4.3,24,10.3701,18.1781,17.2104,-1.3555,-12.9059,25.2073,28.3515
4.3,25,52.319,100.7228,0.126,-5.7109,-2.1738,-8.9525,10.8392
4.3,26,50.5643,69.8198,33.7658,-1.6326,-9.9796,16.0874,19.0016
4.3,27,134.1031,30.2795,48.1613,-0.6487,-1.4103,-6.1203,6.3141
4.3,28,109.4531,15.0312,47.1762,0.9437,9.5768,-0.3258,9.6287
4.3,29,148.8847,121.1143,36.3863,-5.6752,-1.874,-24.7809,25.4915
4.3,30,130.2301,26.6328,41.6289,2.9936,-22.9882,14.4987,27.3429
4.3,31,77.5169,171.2627,27.1519,-8.5157,18.9807,26.9246,34.0253
4.3,32,152.0701,113.9524,31.0952,-3.8093,-5.5281,13.1614,14.7748
4.3,33,27.2298,67.1244,2.4171,-0.9416,0.1101,16.0859,16.1138
4.3,34,9.2758,120.7358,39.8649,-16.3636,-0.3248,9.8197,19.0867
4.3,35,15.4087,4.6588,34.6449,5.9842,3.8006,7.9934,10.6841
4.3,36,144.2274,192.8289,19.3284,-4.4698,-7.6917,0.161,8.8976
4.3,37,89.9801,97.5386,7.4356,3.467,-3.8985,18.5515,19.2711
4.3,38,33.3574,157.1233,35.6179,6.6978,8.2461,5.1531,11.8073
4.3,39,88.6546,7.6314,4.8562,-5.9832,6.6923,23.4338,25.0944
4.3,40,43.9946,105.5923,36.1224,11.6439,3.6758,-13.3808,18.1146
4.3,41,145.3349,100.2152,42.0688,29.4607,5.5493,-0.3073,29.9803
4.3,42,92.7946,179.9693,13.2208,19.4774,-1.2674,17.1883,26.008
4.3,43,77.3253,126.0501,30.881,-8.539,0.3505,-11.5537,14.371
4.3,44,61.0736,109.5894,24.4436,-11.3661,14.5548,-23.6017,29.9678
4.3,45,106.1341,49.7446,9.2233,-0.3127,1.9842,29.0736,29.1429
4.3,46,73.5683,71.9902,20.7157,16.1466,-2.0385,-3.3911,16.6244
4.3,47,17.2138,97.3452,32.9155,-0.1044,7.3788,-11.483,13.6498
4.3,48,15.6203,79.05,10.8957,-3.3428,-21.7311,-12.8668,25.4749
4.3,49,197.2944,7.4061,15.7752,-1.8355,8.5235,-2.9126,9.1926
4.4,0,46.9514,180.2711,30.5788,-9.4814,-9.256,24.9143,28.2187
4.4,1,2.8207,138.416,40.4024,9.3444,-4.909,14.7851,18.1664
4.4,2,180.4938,42.8793,1.7761,11.8391,-0.9999,28.3705,30.7579
4.4,3,119.4685,184.3986,31.3307,-5.7206,-8.053,-23.9651,25.921
4.4,4,144.1156,154.7626,6.811,-2.3394,-7.188,-2.0238,7.8253
4.4,5,151.3901,142.107,43.4302,-5.9318,12.2386,31.4543,34.2687
4.4,6,76.6683,83.459,22.8057,6.2835,-7.8777,25.9461,27.8342
4.4,7,119.9639,70.4273,26.368,1.9008,9.266,-26.9714,28.5819
4.4,8,29.9145,24.0785,37.184,6.7522,5.332,2.0455,8.8434
4.4,9,31.6215,185.4687,28.8958,8.5743,-1.4545,-16.3415,18.5116
4.4,10,133.6406,86.565,20.5415,8.8366,-10.1332,8.9002,16.1239
4.4,11,108.8674,22.4706,42.4584,-2.8155,8.0342,31.679,32.8029
4.4,12,112.2662,47.1619,1.6827,-10.9049,-21.459,-3.4436,24.316
4.4,13,158.7748,109.7137,8.2796,-7.496,1.576,-28.6775,29.6828
4.4,14,126.9327,55.6883,28.5332,-7.8665,15.8983,4.5101,18.3024
4.4,15,110.821,173.8823,23.3077,-2.5952,11.0313,-3.3497,11.8172
4.4,16,100.7236,158.7613,43.017,7.9507,9.1365,17.9303,21.6375
4.4,17,62.9074,139.3992,35.6309,-5.7741,-1.8488,-3.3245,6.9145
4.4,18,10.0473,87.2608,21.545,-10.7868,3.7617,27.5547,29.8289
4.4,19,95.3958,126.8806,37.6927,-18.0948,-1.3882,-15.6285,23.9499
4.4,20,54.8013,117.7271,19.6974,2.8452,12.8642,-24.4145,27.7426
4.4,21,79.6099,134.4616,28.4446,11.8911,-4.8285,-8.9311,15.6358
4.4,22,166.723,19.004,18.5919,-2.4063,-2.8569,-33.9159,34.1209
4.4,23,44.3833,79.1097,30.0338,19.8465,-14.4956,-20.17,31.7936
4.4,24,12.2913,19.7527,18.5771,19.2115,15.7455,13.6676,28.3515
4.4,25,51.9832,100.396,0.8514,-3.3574,-3.268,9.7742,10.8392
4.4,26,50.9454,69.2916,31.9808,3.8105,-5.2822,-17.8505,19.0016
4.4,27,133.9789,30.5023,47.5838,-1.2419,2.2283,-5.7759,6.3141
4.4,28,109.5316,15.2498,46.2418,0.7848,2.1861,-9.3443,9.6287
4.4,29,148.7925,122.0882,38.7403,-0.9219,9.7386,23.5399,25.4915
4.4,30,130.1615,27.1055,44.3211,-0.6858,4.7264,26.9225,27.3429
4.4,31,77.048,171.4243,23.7857,-4.6889,1.6153,-33.6619,34.0253
4.4,32,151.6056,114.8506,32.1725,-4.645,8.9815,10.7726,14.7748
4.4,33,27.072,68.2983,3.5096,-1.5786,11.739,10.9251,16.1138
4.4,34,9.2648,120.7209,41.7735,-0.1103,-0.1489,19.0858,19.0867
4.4,35,16.3052,4.9691,34.1535,8.9652,3.103,-4.9141,10.6841
4.4,36,143.8535,193.4151,18.7732,-3.7389,5.862,-5.5521,8.8976
4.4,37,89.2756,95.7674,7.1525,-7.0449,-17.7126,-2.8302,19.2711
4.4,38,33.5884,157.5827,36.6808,2.3099,4.5939,10.6288,11.8073
4.4,39,88.9978,9.4896,6.5073,3.4326,18.5824,16.5119,25.0944
4.4,40,44.545,107.3105,35.9611,5.5036,17.1828,-1.6127,18.1146
4.4,41,147.4183,100.2273,39.9129,20.8338,0.1212,-21.5583,29.9803
4.4,42,90.8543,180.292,14.9223,-19.4027,3.2273,17.0157,26.008
4.4,43,77.9405,126.2038,32.1706,6.1525,1.5369,12.8961,14.371
4.4,44,60.6643,112.4098,23.5171,-4.0936,28.2041,-9.2649,29.9678
4.4,45,108.6478,49.6625,10.6956,25.1368,-0.821,14.7233,29.1429
4.4,46,74.9464,71.2145,20.203,13.7805,-7.7578,-5.1267,16.6244
4.4,47,17.5103,98.6744,32.8233,2.9645,13.2921,-0.9215,13.6498
4.4,48,14.6853,81.4114,11.0949,-9.3496,23.6133,1.9916,25.4749
4.4,49,196.7144,7.5407,16.4756,-5.8,1.3461,7.0037,9.1926
4.5,0,48.5698,180.0408,28.2786,16.184,-2.3027,-23.0015,28.2187
4.5,1,1.1214,139.0354,40.5722,-16.993,6.1944,1.6983,18.1664
4.5,2,178.9594,45.2211,0.5025,-15.344,23.4182,-12.7358,30.7579
4.5,3,117.6546,186.2449,31.1885,-18.1386,18.4627,-1.4213,25.921
4.5,4,144.2387,154.9003,7.5714,1.2316,1.3774,7.6041,7.8253
4.5,5,150.4039,145.3534,43.9119,-9.8619,32.4635,4.8169,34.2687
4.5,6,78.9669,84.8467,22.0722,22.9861,13.8776,-7.3345,27.8342
4.5,7,119.8787,70.4688,29.2246,-0.8524,0.415,28.5662,28.5819
4.5,8,30.0038,24.2347,36.3181,0.8928,1.562,-8.6585,8.8434
4.5,9,31.3984,185.7908,30.705,-2.2309,3.221,18.0922,18.5116
4.5,10,134.0766,85.0127,20.5499,4.3598,-15.5231,0.0842,16.1239
4.5,11,108.9513,25.7496,42.4971,0.8392,32.7899,0.3871,32.8029
4.5,12,111.816,46.7804,4.0415,-4.5022,-3.8157,23.5889,24.316
4.5,13,161.1884,107.9873,8.3479,24.1364,-17.2638,0.6829,29.6828
4.5,14,125.2931,54.955,28.1813,-16.396,-7.3324,-3.5195,18.3024
4.5,15,111.1297,174.7197,22.5331,3.0869,8.3742,-7.7453,11.8172
4.5,16,99.6579,160.3343,44.0524,-10.6563,15.73,10.3534,21.6375
4.5,17,62.3383,139.0362,35.781,-5.6905,-3.6299,1.5008,6.9145
4.5,18,8.1887,87.1836,19.2133,-18.5864,-0.7725,-23.3177,29.8289
4.5,19,96.523,128.4041,39.1571,11.2718,15.2347,14.6442,23.9499
4.5,20,52.4446,118.5457,20.9107,-23.5675,8.1855,12.1336,27.7426
4.5,21,78.1809,134.0652,27.949,-14.2899,-3.964,-4.9561,15.6358
4.5,22,166.7178,19.0509,15.1802,-0.0513,0.4689,-34.1177,34.1209
4.5,23,41.9989,77.0747,29.5028,-23.8434,-20.3501,-5.3106,31.7936
4.5,24,12.34,19.7757,15.7425,0.488,0.2302,-28.3464,28.3515
4.5,25,51.8522,100.6125,0.2025,-1.31,2.1648,10.5397,10.8392
4.5,26,51.5659,67.5432,31.5698,6.2049,-17.4835,-4.1095,19.0016
4.5,27,133.9695,30.6627,46.9731,-0.0937,1.6044,-6.1062,6.3141
4.5,28,108.9526,14.7996,45.618,-5.7906,-4.502,-6.238,9.6287
4.5,29,146.8917,123.294,39.9366,-19.0081,12.0579,11.963,25.4915
4.5,30,129.2471,29.1665,42.7744,-9.1442,20.6102,-15.4672,27.3429
4.5,31,77.0697,171.4116,27.1882,0.2173,-0.1264,34.0244,34.0253
4.5,32,151.3932,115.1706,33.5992,-2.1238,3.1997,14.2669,14.7748
4.5,33,27.2019,69.8467,3.9363,1.2993,15.4841,4.2671,16.1138
4.5,34,9.4314,120.6142,43.6718,1.6657,-1.0674,18.9839,19.0867
4.5,35,16.2942,4.5389,35.1314,-0.1097,-4.3028,9.7788,10.6841
4.5,36,143.542,192.7333,18.2939,-3.1147,-6.8182,-4.7936,8.8976
4.5,37,90.5745,96.1852,8.5135,12.9885,4.1783,13.6095,19.2711
4.5,38,33.9225,157.9439,35.6075,3.3412,3.6124,-10.7331,11.8073
4.5,39,87.6428,7.8861,7.8821,-13.5497,-16.0353,13.7478,25.0944
4.5,40,45.0015,109.0628,35.9104,4.5656,17.5224,-0.5075,18.1146
4.5,41,147.4424,100.3838,36.9191,0.2415,1.5655,-29.9385,29.9803
4.5,42,91.2136,178.3514,13.2285,3.5931,-19.4058,-16.9386,26.008
4.5,43,77.8956,126.3995,33.5936,-0.4494,1.9569,14.2301,14.371
4.5,44,62.9237,113.5007,21.8783,22.5946,10.9088,-16.3875,29.9678
4.5,45,110.1796,50.0194,8.2422,15.3176,3.5689,-24.5346,29.1429
4.5,46,74.0809,71.5373,18.8208,-8.6549,3.2283,-13.8217,16.6244
4.5,47,16.5007,97.7601,32.7342,-10.0957,-9.1434,-0.8907,13.6498
4.5,48,15.5065,80.5245,13.3374,8.2118,-8.8683,22.4252,25.4749
4.5,49,197.2005,7.947,17.1418,4.8605,4.0625,6.6615,9.1926
4.6,0,47.0289,180.6864,26.0045,-15.4094,6.4564,-22.7411,28.2187
4.6,1,1.4695,140.3475,41.7794,3.481,13.121,12.0722,18.1664
4.6,2,180.65,45.7245,3.0222,16.9059,5.0345,25.1971,30.7579
4.6,3,116.6875,186.4762,28.7948,-9.6712,2.3135,-23.9377,25.921
4.6,4,144.3221,154.7069,6.8177,0.8338,-1.9342,-7.5365,7.8253
4.6,5,150.335,144.8172,47.2958,-0.6883,-5.3622,33.8395,34.2687
4.6,6,76.6458,86.3486,21.7498,-23.2119,15.0186,-3.2241,27.8342
4.6,7,117.7071,68.9989,30.3616,-21.7159,-14.6989,11.3707,28.5819
4.6,8,29.9444,24.2599,35.4361,-0.5945,0.2518,-8.8198,8.8434
4.6,9,30.1485,185.1137,29.5193,-12.4992,-6.7712,-11.8574,18.5116
4.6,10,132.4742,84.8357,20.5772,-16.0242,-1.7696,0.2734,16.1239
4.6,11,108.4689,24.7081,45.57,-4.8237,-10.4146,30.7295,32.8029
4.6,12,109.9869,46.6917,2.4418,-18.2907,-0.8866,-15.9978,24.316
4.6,13,162.9822,107.2851,10.6062,17.9382,-7.0227,22.5826,29.6828
4.6,14,123.856,55.6532,29.0742,-14.3709,6.9812,8.9285,18.3024
4.6,15,111.5463,174.7615,21.4281,4.1656,0.418,-11.0507,11.8172
4.6,16,99.8053,162.0517,42.7444,1.474,17.1735,-13.0798,21.6375
4.6,17,61.8684,139.0344,35.2738,-4.6993,-0.0179,-5.0721,6.9145
4.6,18,5.3491,86.4436,18.6776,-28.3957,-7.3996,-5.3565,29.8289
4.6,19,94.4583,127.6989,40.145,-20.6465,-7.0522,9.8787,23.9499
4.6,20,51.8451,115.8989,20.3346,-5.9945,-26.4676,-5.7606,27.7426
4.6,21,78.0133,135.1387,26.8245,-1.6759,10.7347,-11.2443,15.6358
4.6,22,165.2981,16.6535,17.1498,-14.1973,-23.9732,19.6967,34.1209
4.6,23,41.1251,74.1337,30.3366,-8.7386,-29.4099,8.3385,31.7936
4.6,24,9.9385,21.2728,15.9144,-24.0152,14.9708,1.7192,28.3515
4.6,25,50.9796,101.2285,0.387,-8.726,6.1599,1.8441,10.8392
4.6,26,52.0928,68.6435,30.113,5.2687,11.0029,-14.5684,19.0016
4.6,27,133.5128,30.9368,47.3122,-4.5675,2.7406,3.3905,6.3141
4.6,28,109.1597,13.9203,45.2847,2.0711,-8.7929,-3.3326,9.6287
4.6,29,148.8409,122.0392,38.8764,19.4929,-12.5477,-10.6018,25.4915
4.6,30,128.216,28.4788,40.3371,-10.3104,-6.8764,-24.373,27.3429
4.6,31,76.0788,174.503,28.2074,-9.9093,30.9134,10.1924,34.0253
4.6,32,150.8149,113.8942,34.0675,-5.7834,-12.7638,4.6831,14.7748
4.6,33,27.1145,68.4366,3.1613,-0.8741,-14.1009,-7.7495,16.1138
4.6,34,9.0296,121.3216,45.3985,-4.0177,7.0734,17.2663,19.0867
4.6,35,16.5249,4.0968,36.0763,2.3066,-4.4202,9.4495,10.6841
4.6,36,143.8094,192.8668,17.4558,2.6743,1.3351,-8.3805,8.8976
4.6,37,92.1474,96.2917,9.6218,15.7294,1.0644,11.0829,19.2711
4.6,38,34.7214,158.7227,35.2209,7.9889,7.7877,-3.8655,11.8073
4.6,39,87.6441,7.8879,10.3916,0.0125,0.0187,25.0944,25.0944
4.6,40,45.8538,108.2516,34.533,8.5223,-8.1116,-13.7735,18.1146
4.6,41,145.3815,101.4342,35.0119,-20.6093,10.5039,-19.0721,29.9803
4.6,42,90.8146,180.878,12.758,-3.9906,25.2658,-4.7042,26.008
4.6,43,76.9263,126.8625,32.6389,-9.6924,4.6299,-9.5471,14.371
4.6,44,60.9752,115.0153,23.5783,-19.4857,15.1459,16.9993,29.9678
4.6,45,109.2553,52.7777,8.0675,-9.2432,27.583,-1.7469,29.1429
4.6,46,74.7693,72.3475,17.5428,6.8847,8.102,-12.78,16.6244
4.6,47,15.7401,96.627,32.7616,-7.6058,-11.3312,0.2733,13.6498
4.6,48,16.0766,81.1844,15.731,5.7008,6.5992,23.9358,25.4749
4.6,49,197.2892,7.3961,17.8723,0.8875,-5.5083,7.3058,9.1926
4.7,0,45.1774,180.7001,23.875,-18.5149,0.1362,-21.295,28.2187
4.7,1,1.1541,141.6263,43.0306,-3.1546,12.788,12.5113,18.1664
4.7,2,181.5415,47.6157,0.7663,8.9155,18.9114,-22.5593,30.7579
4.7,3,116.8013,186.3672,31.3821,1.1375,-1.0902,25.8731,25.921
4.7,4,144.195,154.2095,6.2271,-1.2716,-4.9741,-5.9057,7.8253
4.7,5,148.2497,143.8011,44.7735,-20.8531,-10.1612,-25.2238,34.2687
4.7,6,77.5144,85.527,24.2634,8.6865,-8.2154,25.1355,27.8342
4.7,7,119.1331,70.3668,28.2966,14.2601,13.679,-20.6509,28.5819
4.7,8,29.6146,23.5297,35.0619,-3.2977,-7.3023,-3.7426,8.8434
4.7,9,30.4487,186.5281,30.6751,3.0024,14.1449,11.5579,18.5116
4.7,10,133.0344,85.3657,19.1612,5.6027,5.2997,-14.1599,16.1239
4.7,11,106.9336,25.0452,42.6909,-15.3535,3.3703,-28.7914,32.8029
4.7,12,108.1407,48.2707,2.3376,-18.4624,15.7899,-1.0418,24.316
4.7,13,164.9002,106.542,8.4661,19.1801,-7.4308,-21.4004,29.6828
4.7,14,123.3026,56.7567,27.723,-5.5342,11.0358,-13.5116,18.3024
4.7,15,111.5599,174.7301,20.2468,0.136,-0.3148,-11.8122,11.8172
4.7,16,99.7907,160.0647,41.8879,-0.1464,-19.8695,-8.5652,21.6375
4.7,17,61.5815,138.5283,34.9001,-2.8689,-5.0611,-3.737,6.9145
4.7,18,5.6049,86.3038,15.709,2.5579,-1.3979,-29.6862,29.8289
4.7,19,92.5968,128.9146,41.0353,-18.6156,12.1572,8.9028,23.9499
4.7,20,49.8779,117.5332,21.4096,-19.6724,16.343,10.7498,27.7426
4.7,21,78.1964,135.431,25.2995,1.8308,2.9232,-15.2506,15.6358
4.7,22,164.8366,19.4799,15.2948,-4.6154,28.2637,-18.5499,34.1209
4.7,23,42.0255,73.2857,33.2655,9.0048,-8.4799,29.2889,31.7936
4.7,24,7.2328,21.7121,16.6382,-27.0578,4.3933,7.2375,28.3515
4.7,25,50.4135,102.1041,0.091,-5.6619,8.7563,-2.9594,10.8392
4.7,26,52.4919,70.4896,29.9051,3.9913,18.461,-2.0791,19.0016
4.7,27,133.1302,30.9731,46.8112,-3.8258,0.3626,-5.01,6.3141
4.7,28,109.0481,13.3955,46.0843,-1.1155,-5.2477,7.9955,9.6287
4.7,29,148.6855,122.7016,41.3331,-1.5546,6.6234,24.5668,25.4915
4.7,30,128.2527,27.7224,42.9644,0.3671,-7.5647,26.273,27.3429
4.7,31,74.5699,172.9005,25.6127,-15.0889,-16.0252,-25.9469,34.0253
4.7,32,151.101,112.7042,33.2399,2.8619,-11.8999,-8.2762,14.7748
4.7,33,27.11,69.2156,1.7508,-0.0445,7.7904,-14.1054,16.1138
4.7,34,7.9629,120.1708,44.3118,-10.6673,-11.5076,-10.8667,19.0867
4.7,35,17.0505,4.8572,35.5406,5.2564,7.6039,-5.3574,10.6841
4.7,36,143.2763,193.4808,17.8171,-5.3309,6.1396,3.6132,8.8976
4.7,37,91.974,95.2242,8.0267,-1.7347,-10.6742,-15.9508,19.2711
4.7,38,34.5212,158.505,36.364,-2.0022,-2.1774,11.4307,11.8073
4.7,39,87.9481,8.6265,8.0126,3.0396,7.3856,-23.7896,25.0944
4.7,40,45.8784,108.2212,32.722,0.2463,-0.3042,-18.1103,18.1146
4.7,41,146.6275,101.8683,37.704,12.4598,4.3405,26.9209,29.9803
4.7,42,89.091,179.7032,14.3116,-17.2356,-11.7475,15.5352,26.008
4.7,43,78.2109,126.7315,32.0081,12.846,-1.3104,-6.3078,14.371
4.7,44,58.1681,114.4523,24.4639,-28.0701,-5.6302,8.8567,29.9678
4.7,45,109.8446,50.9898,5.8428,5.8928,-17.8792,-22.2468,29.1429
4.7,46,74.076,71.8751,16.1076,-6.9338,-4.7238,-14.3519,16.6244
4.7,47,16.0207,95.2969,32.638,2.8058,-13.3011,-1.2355,13.6498
4.7,48,14.8014,79.2929,14.5972,-12.7523,-18.9159,-11.3375,25.4749
4.7,49,196.9785,6.5946,18.1979,-3.1078,-8.0154,3.2556,9.1926
4.8,0,45.5424,182.4996,21.7323,3.6502,17.9954,-21.4275,28.2187
4.8,1,0.2375,140.1216,42.5881,-9.1657,-15.0476,-4.4244,18.1664
4.8,2,181.8613,44.6087,1.329,3.1976,-30.0693,5.6271,30.7579
4.8,3,117.2796,187.1954,28.9728,4.7835,8.2816,-24.0922,25.921
4.8,4,144.6048,154.3253,6.8836,4.0981,1.1588,6.5649,7.8253
4.8,5,145.8314,144.7658,42.5453,-24.1828,9.6473,-22.2815,34.2687
4.8,6,77.928,82.8082,24.6925,4.1355,-27.1887,4.2912,27.8342
4.8,7,117.4847,68.0744,28.7404,-16.4841,-22.9238,4.4387,28.5819
4.8,8,29.3649,22.7289,35.3421,-2.4974,-8.0072,2.8024,8.8434
4.8,9,30.1857,186.7122,28.852,-2.6306,1.8405,-18.231,18.5116
4.8,10,133.1114,86.1768,17.7698,0.7695,8.111,-13.914,16.1239
4.8,11,105.3741,24.7296,39.8223,-15.5944,-3.1558,-28.6861,32.8029
4.8,12,108.6997,50.1664,0.921,5.5895,18.9568,-14.1655,24.316
4.8,13,164.706,105.2514,5.8002,-1.9421,-12.9062,-26.6595,29.6828
4.8,14,123.4479,57.1767,29.4985,1.4538,4.2001,17.7546,18.3024
4.8,15,111.2572,175.8713,20.2949,-3.0271,11.4128,0.4808,11.8172
4.8,16,97.7896,159.9824,42.7069,-20.0104,-0.8233,8.1908,21.6375
4.8,17,60.9603,138.5803,34.6008,-6.2113,0.5199,-2.9933,6.9145
4.8,18,3.771,84.9564,13.7807,-18.3398,-13.4747,-19.2834,29.8289
4.8,19,90.3845,129.8318,41.0592,-22.1226,9.1725,0.239,23.9499
4.8,20,51.8153,116.4597,19.7392,19.3747,-10.735,-16.7044,27.7426
4.8,21,78.9347,134.2666,24.562,7.3827,-11.6439,-7.3752,15.6358
4.8,22,167.2836,17.1562,14.7902,24.4705,-23.2372,-5.0462,34.1209
4.8,23,39.8424,70.975,33.3228,-21.831,-23.1066,0.5727,31.7936
4.8,24,7.1404,21.6073,19.4699,-0.9235,-1.0476,28.3171,28.3515
4.8,25,49.8722,101.6609,0.7369,-5.4128,-4.4322,8.2791,10.8392
4.8,26,50.7498,71.245,29.8333,-17.4209,7.5538,-0.7176,19.0016
4.8,27,133.0051,31.23,46.2482,-1.251,2.5696,-5.6303,6.3141
4.8,28,108.3296,12.9268,45.6472,-7.1852,-4.6878,-4.3714,9.6287
4.8,29,150.6379,123.0175,42.9413,19.5241,3.1592,16.0824,25.4915
4.8,30,129.6759,27.7891,40.6306,14.2316,0.6672,-23.3377,27.3429
4.8,31,76.5323,170.2573,26.4729,19.6237,-26.4319,8.6016,34.0253
4.8,32,152.4679,113.1146,32.8576,13.6689,4.1042,-3.8224,14.7748
4.8,33,26.8532,69.1753,0.1605,-2.5682,-0.4034,-15.9027,16.1138
4.8,34,7.6641,119.9074,46.1784,-2.9883,-2.6341,18.6664,19.0867
4.8,35,17.3798,5.8324,35.2541,3.293,9.752,-2.8645,10.6841
4.8,36,143.7193,193.1404,18.5097,4.4299,-3.4037,6.9252,8.8976
4.8,37,92.658,96.9549,7.5259,6.84,17.3063,-5.0084,19.2711
4.8,38,34.6939,158.3518,37.522,1.727,-1.532,11.5794,11.8073
4.8,39,88.1099,6.648,6.4775,1.6185,-19.7851,-15.3512,25.0944
4.8,40,45.9797,109.9613,32.2288,1.0132,17.4008,-4.9318,18.1146
4.8,41,147.8306,103.5406,39.8821,12.0308,16.7228,21.7814,29.9803
4.8,42,88.1639,181.8009,13.085,-9.2708,20.9764,-12.266,26.008
4.8,43,77.1623,127.5142,31.4141,-10.4867,7.8273,-5.9403,14.371
4.8,44,58.1694,114.501,27.4603,0.0129,0.4872,29.9638,29.9678
4.8,45,112.7144,50.9698,6.3494,28.6986,-0.1999,5.0659,29.1429
4.8,46,74.2515,73.2407,17.0394,1.7554,13.6555,9.3175,16.6244
4.8,47,16.6169,94.2225,33.2326,5.9621,-10.7433,5.9458,13.6498
4.8,48,15.51,80.3959,16.7815,7.0862,11.0304,21.8423,25.4749
4.8,49,197.3621,6.5467,19.0319,3.8365,-0.4787,8.34,9.1926
4.9,0,43.2562,181.5399,23.0795,-22.8621,-9.5973,13.4726,28.2187
4.9,1,0.1006,140.5979,40.8404,-1.3696,4.7636,-17.4771,18.1664
4.9,2,184.8954,45.0464,1.0774,30.3408,4.3766,-2.5159,30.7579
4.9,3,116.0488,186.1184,26.9618,-12.3083,-10.7695,-20.1103,25.921
4.9,4,144.6748,154.189,6.1163,0.7,-1.3638,-7.6737,7.8253
4.9,5,145.7933,144.778,39.1187,-0.3819,0.1226,-34.2663,34.2687
4.9,6,79.1392,84.8477,23.2363,12.1128,20.3955,-14.5618,27.8342
4.9,7,116.8339,70.742,29.5338,-6.5077,26.6765,7.9336,28.5819
4.9,8,28.491,22.674,35.2181,-8.7388,-0.5492,-1.2397,8.8434
4.9,9,30.9647,185.4261,27.7722,7.7905,-12.8609,-10.7974,18.5116
4.9,10,133.1324,86.2161,19.3816,0.2104,0.3929,16.1178,16.1239
4.9,11,104.9022,24.3283,43.0435,-4.7194,-4.0128,32.2127,32.8029
4.9,12,108.7194,49.2314,1.3235,0.1979,-9.3493,22.4459,24.316
4.9,13,167.3413,104.1315,5.0179,26.3528,-11.1985,-7.8228,29.6828
4.9,14,124.6618,58.2702,30.3235,12.1386,10.9348,8.25,18.3024
4.9,15,112.0427,175.4797,21.0861,7.8558,-3.9166,7.9116,11.8172
4.9,16,96.2019,158.8063,41.825,-15.8774,-11.7608,-8.8191,21.6375
4.9,17,61.0122,138.0884,35.0839,0.5181,-4.9189,4.8319,6.9145
4.9,18,4.841,85.3323,11.0218,10.7002,3.7595,-27.5887,29.8289
4.9,19,88.3177,129.752,39.8518,-20.6684,-0.7988,-12.0739,23.9499
4.9,20,50.2674,114.9572,21.4835,-15.4798,-15.0255,17.4432,27.7426
4.9,21,78.4301,135.6189,25.1634,-5.045,13.5222,6.0145,15.6358
4.9,22,165.7653,17.8515,17.7657,-15.1829,6.9532,29.7552,34.1209
4.9,23,39.403,70.819,30.1778,-4.3946,-1.5603,-31.4498,31.7936
4.9,24,5.7434,21.1286,17.0497,-13.9698,-4.7876,-24.2019,28.3515
4.9,25,50.031,101.7037,0.3345,1.5884,0.4277,10.7136,10.8392
4.9,26,49.7484,71.6453,28.2689,-10.0143,4.0027,-15.6446,19.0016
4.9,27,133.007,31.2383,45.6168,0.0191,0.0828,-6.3135,6.3141
4.9,28,109.1635,12.4455,45.6599,8.3388,-4.8124,0.1274,9.6287
4.9,29,153.1495,122.6452,43.1678,25.1163,-3.7228,2.2645,25.4915
4.9,30,128.9379,30.0778,41.932,-7.3803,22.8869,13.0135,27.3429
4.9,31,77.9738,173.0946,25.2693,14.4154,28.3735,-12.0358,34.0253
4.9,32,152.4708,113.1292,31.3802,0.0284,0.1462,-14.774,14.7748
4.9,33,25.4898,69.3671,0.9977,-13.6342,1.9184,8.3715,16.1138
4.9,34,7.8924,119.6776,44.2975,2.2837,-2.2979,-18.8097,19.0867
4.9,35,16.9437,5.8323,36.2295,-4.3608,-0.001,9.7537,10.6841
4.9,36,143.7788,193.162,17.6221,0.5948,0.2158,-8.8751,8.8976
4.9,37,94.5163,97.4306,7.7101,18.5837,4.7572,1.8422,19.2711
4.9,38,34.7481,158.7307,38.6389,0.5419,3.7889,11.1697,11.8073
4.9,39,89.4556,4.607,7.044,13.4565,-20.4097,5.6656,25.0944
4.9,40,44.746,108.781,32.834,-12.3371,-11.8032,6.0512,18.1146
4.9,41,145.5022,102.5683,41.5013,-23.2831,-9.7227,16.1922,29.9803
4.9,42,87.7542,182.6864,10.6741,-4.097,8.855,-24.1084,26.008
4.9,43,78.2692,126.9884,32.1647,11.0698,-5.2579,7.506,14.371
4.9,44,57.6323,115.4611,30.2479,-5.3709,9.6006,27.8756,29.9678
4.9,45,112.8344,50.7668,9.2541,1.1994,-2.0297,29.0474,29.1429
4.9,46,75.5498,72.2454,16.7435,12.9829,-9.953,-2.9584,16.6244
4.9,47,15.4182,94.3485,32.592,-11.9873,1.2598,-6.4059,13.6498
4.9,48,16.9136,79.2971,18.6014,14.0357,-10.988,18.1998,25.4749
4.9,49,197.2094,7.4448,19.1553,-1.5269,8.9804,1.2344,9.1926
5.0,0,43.127,184.3528,22.8962,-1.2919,28.1294,-1.8334,28.2187
5.0,1,0.2661,140.909,39.0583,1.6556,3.1107,-17.8213,18.1664
5.0,2,185.9667,47.0018,1.0413,10.7133,19.5545,21.1872,30.7579
5.0,3,114.6009,186.4982,29.078,-14.4793,3.7976,21.162,25.921
5.0,4,144.9395,154.6714,6.6726,2.6474,4.8246,5.5633,7.8253
5.0,5,147.0865,144.9391,42.288,12.9329,1.6106,31.6937,34.2687
5.0,6,81.6405,85.6969,24.1138,25.0128,8.4916,8.7747,27.8342
5.0,7,119.3438,69.5588,28.8483,25.0983,-11.8326,-6.855,28.5819
5.0,8,29.263,23.055,35.0161,7.7206,3.8101,-2.0203,8.8434
5.0,9,31.9143,185.8964,26.2544,9.496,4.7025,-15.1786,18.5116
5.0,10,131.7646,86.6493,20.1172,-13.6786,4.3318,7.3562,16.1239
5.0,11,104.9996,27.4906,43.9098,0.9739,31.6235,8.6626,32.8029
5.0,12,109.8253,48.9674,0.8259,11.0581,-2.6406,21.4944,24.316
5.0,13,168.2257,103.5779,7.7967,8.8444,-5.5363,27.7884,29.6828
5.0,14,123.277,59.2146,29.5885,-13.8483,9.444,-7.3495,18.3024
5.0,15,111.8683,175.5379,19.9188,-1.7444,0.5822,-11.6732,11.8172
5.0,16,94.8892,160.1171,40.7112,-13.1266,13.1079,-11.1381,21.6375
5.0,17,61.2793,138.1532,35.7184,2.6715,0.6479,6.3446,6.9145
5.0,18,4.6363,86.074,13.9037,-2.0464,7.4169,28.8196,29.8289
5.0,19,90.035,131.4198,39.7795,17.1731,16.6782,-0.7223,23.9499
5.0,20,50.5709,115.1847,24.2317,3.0353,2.2751,27.4821,27.7426
5.0,21,77.876,135.396,26.6084,-5.5412,-2.2287,14.4501,15.6358
5.0,22,167.214,18.887,20.6763,14.487,10.3546,29.1058,34.1209
5.0,23,40.4854,71.6363,33.0533,10.8242,8.173,28.7554,31.7936
5.0,24,3.121,21.4513,16.0215,-26.2238,3.2269,-10.2814,28.3515
5.0,25,49.3291,101.97,1.1163,-7.0188,2.6632,7.8186,10.8392
5.0,26,50.945,73.0487,28.726,11.9662,14.0347,4.5715,19.0016
5.0,27,133.4937,31.2519,46.0188,4.8672,0.1361,4.0199,6.3141
5.0,28,109.3424,12.9234,44.8434,1.7894,4.7786,-8.1655,9.6287
5.0,29,153.3181,124.5425,44.8619,1.6862,18.9726,16.9414,25.4915
5.0,30,129.0506,29.7325,44.642,1.1278,-3.4525,27.1006,27.3429
5.0,31,80.3614,171.6915,23.2925,23.8756,-14.0314,-19.7685,34.0253
5.0,32,152.4174,113.165,32.8563,-0.5332,0.3578,14.7608,14.7748
5.0,33,24.253,70.2073,0.3969,-12.3677,8.4021,-6.0082,16.1138
5.0,34,7.6307,118.588,42.7523,-2.6171,-10.8955,-15.4512,19.0867
5.0,35,16.6859,5.5682,35.2269,-2.5784,-2.6414,-10.0262,10.6841
5.0,36,144.0025,193.6714,18.3165,2.2373,5.0944,6.9433,8.8976
5.0,37,95.9967,98.6194,8.0404,14.8031,11.8885,3.3029,19.2711
5.0,38,33.8512,159.1014,37.9665,-8.9692,3.7078,-6.7244,11.8073
5.0,39,87.2839,3.67,7.8826,-21.7168,-9.3699,8.3854,25.0944
5.0,40,45.7535,109.9789,31.9222,10.0749,11.979,-9.1179,18.1146
5.0,41,144.7077,105.4183,41.017,-7.9457,28.4997,-4.8427,29.9803
5.0,42,87.3797,183.7075,13.0366,-3.7448,10.2113,23.6246,26.008
5.0,43,78.1812,128.2264,32.8891,-0.8803,12.3804,7.2441,14.371
5.0,44,55.659,115.9577,32.4479,-19.7336,4.9662,21.9998,29.9678
5.0,45,111.2241,48.4583,10.0098,-16.1025,-23.0849,7.5569,29.1429
5.0,46,75.5049,72.2427,18.4054,-0.4484,-0.0265,16.6183,16.6244
5.0,47,15.7001,95.244,31.6011,2.8192,8.9546,-9.9088,13.6498
5.0,48,18.4055,80.4237,16.871,14.9194,11.2663,-17.3046,25.4749
5.0,49,197.3244,7.2076,18.2747,1.1501,-2.3713,-8.8067,9.1926
5.1,0,44.6821,183.4094,24.0651,15.5508,-9.4336,11.6889,21.6206
5.1,1,0.2936,139.5267,37.1703,0.2743,-13.8234,-18.8794,23.4008
5.1,2,184.5961,44.9079,0.0885,-13.7064,-20.9394,-9.5279,26.7788
5.1,3,114.2107,185.9545,27.7285,-3.9015,-5.4374,-13.4951,15.0634
5.1,4,145.3762,154.3721,6.7611,4.3667,-2.9934,0.8855,5.3677
5.1,5,148.7079,144.155,43.8693,16.2136,-7.8412,15.8129,23.9669
5.1,6,79.0523,83.9227,22.5723,-25.8822,-17.7415,-15.4146,34.9609
5.1,7,118.7552,69.8985,27.643,-5.8852,3.3977,-12.0528,13.8365
5.1,8,28.8129,23.5739,34.2196,-4.5012,5.1882,-7.9656,10.518
5.1,9,32.2203,185.2363,27.3859,3.0597,-6.6011,11.3158,13.453
5.1,10,130.9507,85.6054,18.9328,-8.1388,-10.4389,-11.8446,17.7625
5.1,11,105.72,27.8707,44.8616,7.2037,3.8006,9.5183,12.5274
5.1,12,110.6584,50.0031,0.0465,8.3315,10.3574,-7.7937,15.4088
5.1,13,169.3182,102.7861,5.7943,10.925,-7.918,-20.0247,24.1462
5.1,14,124.1447,58.4447,30.5939,8.6772,-7.6988,10.054,15.3508
5.1,15,113.4719,175.0372,19.7522,16.0359,-5.007,-1.6655,16.8818
5.1,16,94.8345,160.1437,40.0941,-0.5469,0.2664,-6.171,6.2009
5.1,17,61.366,137.7541,38.9465,0.8674,-3.9908,32.281,32.5383
5.1,18,4.9999,85.3949,12.3651,3.6355,-6.7914,-15.3859,17.2066
5.1,19,89.5015,132.6379,39.1198,-5.3346,12.1808,-6.5972,14.8443
5.1,20,51.005,115.7468,23.9628,4.3413,5.6213,-2.6891,7.5945
5.1,21,80.2768,135.3511,26.5287,24.0081,-0.4486,-0.7977,24.0255
5.1,22,169.1089,19.2511,23.0917,18.9488,3.6417,24.1537,30.9147
5.1,23,40.4756,71.6294,32.43,-0.0977,-0.0685,-6.2335,6.2346
5.1,24,3.0054,21.2917,16.9364,-1.1561,-1.5957,9.1484,9.3582
5.1,25,48.9792,101.2041,1.5321,-3.4996,-7.6595,4.158,9.3917
5.1,26,50.9324,73.4047,31.0052,-0.1259,3.56,22.7915,23.0682
5.1,27,133.1791,29.5088,48.76,-3.1463,-17.4315,27.4119,32.6369
5.1,28,109.4278,13.3219,46.6103,0.8541,3.9852,17.6691,18.1331
5.1,29,154.0114,123.2632,45.3397,6.9322,-12.7921,4.7781,15.3142
5.1,30,129.5368,32.2063,43.4295,4.8615,24.738,-12.1248,27.9752
5.1,31,79.4793,169.1566,22.8059,-8.8204,-25.3489,-4.8657,27.2771
5.1,32,152.6447,112.0984,33.4471,2.2727,-10.6658,5.9077,12.4027
5.1,33,24.6111,71.0945,0.1733,3.5807,8.8717,-2.2355,9.8248
5.1,34,7.7193,119.7595,43.7991,0.8859,11.7142,10.4672,15.7343
5.1,35,16.8322,4.7772,32.5169,1.4628,-7.9099,-27.0994,28.2681
5.1,36,145.1311,194.3484,20.5416,11.2856,6.7703,22.2513,25.8519
5.1,37,96.5402,100.0116,6.0393,5.4351,13.9216,-20.0108,24.9756
5.1,38,33.348,159.2458,40.9086,-5.032,1.4437,29.4207,29.8829
5.1,39,87.8497,3.4046,6.707,5.6583,-2.6547,-11.7557,13.3139
5.1,40,45.1986,109.7516,30.5265,-5.5487,-2.273,-13.957,15.1905
5.1,41,144.4418,105.6449,41.5377,-2.6592,2.266,5.2066,6.2702
5.1,42,89.0394,183.4806,15.6524,16.5964,-2.2695,26.1587,31.0624
5.1,43,76.5796,128.5981,34.4211,-16.0163,3.7165,15.3198,22.4729
5.1,44,55.5013,116.0274,33.8315,-1.5772,0.6975,13.8366,13.9437
5.1,45,110.7719,48.7388,9.5423,-4.5215,2.8044,-4.6747,7.0825
5.1,46,74.9781,73.5218,20.6893,-5.2683,12.7914,22.8394,26.7023
5.1,47,14.5761,97.4264,30.3701,-11.2401,21.8239,-12.3104,27.4621
5.1,48,17.4608,78.1293,17.1639,-9.447,-22.9444,2.9288,24.9854
5.1,49,198.3837,7.4856,18.0857,10.593,2.7792,-1.8901,11.1134
5.2,0,45.789,183.4501,22.2083,11.0687,0.407,-18.568,21.6206
5.2,1,1.7946,138.4716,37.2205,20.8812,-10.5508,0.5019,23.4008
5.2,2,184.5815,43.9794,2.4232,-0.1455,-9.2845,25.1174,26.7788
5.2,3,114.8451,187.191,28.3095,6.3442,12.3651,5.8103,15.0634
5.2,4,145.5631,154.2865,7.257,1.8691,-0.8559,4.9585,5.3677
5.2,5,146.5709,143.7418,42.8661,-21.3701,-4.1322,-10.0327,23.9669
5.2,6,79.8215,85.5117,19.5547,7.6922,15.8899,-30.1762,34.9609
5.2,7,117.9549,68.8539,27.2156,-8.0036,-10.446,-4.2747,13.8365
5.2,8,29.0467,24.1859,35.0424,2.338,6.12,8.2285,10.518
5.2,9,33.4089,185.7377,27.7673,11.8868,5.0143,3.8136,13.453
5.2,10,130.7313,85.0956,17.2454,-2.1939,-5.0975,-16.8733,17.7625
5.2,11,106.6752,28.668,45.0077,9.552,7.9726,1.4602,12.5274
5.2,12,111.8626,50.952,0.1077,12.042,9.4891,1.5423,15.4088
5.2,13,169.1877,100.7231,4.5463,-1.3053,-20.63,-12.4795,24.1462
5.2,14,124.6344,58.6218,29.1498,4.8971,1.7701,-14.4407,15.3508
5.2,15,113.5086,174.9441,21.4374,0.3672,-0.9314,16.8521,16.8818
5.2,16,94.9277,159.8316,39.5665,0.9313,-3.1213,-5.2765,6.2009
5.2,17,62.534,139.1914,36.2712,11.68,14.3731,-26.7532,32.5383
5.2,18,4.2451,85.3073,10.8213,-7.5475,-0.8756,-15.4381,17.2066
5.2,19,90.6912,133.4642,39.4445,11.8964,8.2636,3.247,14.8443
5.2,20,50.5021,115.1936,23.8291,-5.0289,-5.5317,-1.337,7.5945
5.2,21,81.8424,136.0046,24.8274,15.656,6.5345,-17.0122,24.0255
5.2,22,171.9431,18.2203,22.4118,28.3416,-10.3081,-6.7985,30.9147
5.2,23,40.6156,72.1438,32.7533,1.3992,5.144,3.2328,6.2346
5.2,24,2.709,20.6309,16.3437,-2.964,-6.6081,-5.9265,9.3582
5.2,25,49.1503,101.3824,2.4382,1.7109,1.7832,9.0607,9.3917
5.2,26,51.4078,75.237,29.6867,4.754,18.3225,-13.1844,23.0682
5.2,27,131.3655,30.0861,46.1087,-18.1354,5.7731,-26.5131,32.6369
5.2,28,109.1966,13.2076,48.4051,-2.3121,-1.1434,17.9487,18.1331
5.2,29,154.8699,123.2571,46.6078,8.5853,-0.0613,12.6812,15.3142
5.2,30,131.9688,32.6061,42.1061,24.3202,3.9972,-13.2349,27.9752
5.2,31,80.7826,169.1592,25.2021,13.0331,0.0257,23.9619,27.2771
5.2,32,151.9147,113.0984,33.5204,-7.3005,9.9996,0.7327,12.4027
5.2,33,24.0305,71.7435,0.2816,-5.806,6.4899,4.5494,9.8248
5.2,34,8.2855,119.2529,45.1769,5.6616,-5.0654,13.7788,15.7343
5.2,35,18.5254,3.7408,34.5293,16.9321,-10.3639,20.1241,28.2681
5.2,36,146.653,192.9287,19.0081,15.2187,-14.1972,-15.3347,25.8519
5.2,37,98.007,101.8586,6.8607,14.6684,18.47,8.2145,24.9756
5.2,38,31.0151,160.6834,39.7165,-23.3287,14.3757,-11.9204,29.8829
5.2,39,87.8496,3.4002,5.3756,-0.0011,-0.044,-13.3138,13.3139
5.2,40,45.1289,109.9195,32.0346,-0.6968,1.679,15.0813,15.1905
5.2,41,144.1206,105.1152,41.6351,-3.2119,-5.2963,0.9737,6.2702
5.2,42,89.2781,186.4298,16.5978,2.3877,29.4925,9.4532,31.0624
5.2,43,75.6281,130.5122,35.1148,-9.5146,19.141,6.9372,22.4729
5.2,44,56.3817,114.969,34.0524,8.8044,-10.5844,2.209,13.9437
5.2,45,110.7702,49.2985,9.1083,-0.0179,5.5969,-4.3401,7.0825
5.2,46,75.2103,73.4689,23.3489,2.3217,-0.5293,26.5959,26.7023
5.2,47,13.694,99.8168,31.3944,-8.8206,23.9049,10.2432,27.4621
5.2,48,19.5843,78.4455,18.4419,21.2349,3.1623,12.7808,24.9854
5.2,49,198.3499,8.5852,17.9284,-0.3387,10.9963,-1.5731,11.1134
5.3,0,45.282,185.5409,22.423,-5.0698,20.9079,2.1467,21.6206
5.3,1,2.2461,138.6648,34.9326,4.5151,1.932,-22.8796,23.4008
5.3,2,184.0814,44.6658,4.9629,-5.0015,6.8631,25.3967,26.7788
5.3,3,115.0325,187.565,29.7566,1.8737,3.7408,14.4707,15.0634
5.3,4,145.2846,153.8347,7.3377,-2.7844,-4.5175,0.8074,5.3677
5.3,5,148.2804,142.1162,43.2897,17.0947,-16.2555,4.2359,23.9669
5.3,6,79.6169,86.1062,16.1156,-2.046,5.9449,-34.3909,34.9609
5.3,7,117.2988,69.9978,27.6346,-6.5609,11.4385,4.1909,13.8365
5.3,8,28.5546,23.2858,34.8102,-4.9215,-9.001,-2.3218,10.518
5.3,9,34.0392,186.5968,28.5886,6.3021,8.5911,8.2135,13.453
5.3,10,130.968,84.9833,15.4886,2.3668,-1.124,-17.5682,17.7625
5.3,11,106.0274,29.4136,45.7782,-6.478,7.4561,7.7057,12.5274
5.3,12,112.8347,51.6696,0.8485,9.7212,7.1754,9.5625,15.4088
5.3,13,170.1656,102.6328,5.654,9.7785,19.0975,11.0773,24.1462
5.3,14,125.9243,58.0417,29.7467,12.8988,-5.8,5.9691,15.3508
5.3,15,113.5286,176.0477,20.1601,0.1998,11.0361,-12.7734,16.8818
5.3,16,94.6086,159.3126,39.4511,-3.191,-5.1903,-1.1533,6.2009
5.3,17,63.4273,140.5267,39.1008,8.9324,13.3529,28.2958,32.5383
5.3,18,4.8048,86.8348,11.3817,5.5971,15.2754,5.6038,17.2066
5.3,19,90.922,133.2454,37.9946,2.3082,-2.1884,-14.4995,14.8443
5.3,20,50.9488,115.7927,23.6936,4.4667,5.9908,-1.3548,7.5945
5.3,21,83.8232,136.239,23.4881,19.8076,2.3445,-13.3935,24.0255
5.3,22,169.1528,18.1987,23.7426,-27.9032,-0.2162,13.3073,30.9147
5.3,23,40.9952,71.7007,32.9729,3.7959,-4.4317,2.1958,6.2346
5.3,24,2.695,20.658,15.4084,-0.1405,0.2715,-9.3532,9.3582
5.3,25,49.7641,102.0211,2.7499,6.1387,6.3877,3.1173,9.3917
5.3,26,53.1041,75.0468,31.2384,16.963,-1.9018,15.5172,23.0682
5.3,27,130.4024,28.1437,48.5482,-9.6312,-19.424,24.395,32.6369
5.3,28,109.3942,12.9382,46.6229,1.9752,-2.6939,-17.8227,18.1331
5.3,29,154.8867,122.008,45.722,0.1678,-12.491,-8.8585,15.3142
5.3,30,131.1022,30.0358,41.4212,-8.6661,-25.7023,-6.8487,27.9752
5.3,31,79.6902,170.1276,22.898,-10.9246,9.6846,-23.0413,27.2771
5.3,32,151.3734,114.1716,33.2147,-5.4126,10.7325,-3.0567,12.4027
5.3,33,23.9856,71.5305,0.6764,-0.4488,-2.1305,9.5805,9.8248
5.3,34,8.1717,118.7169,43.702,-1.1376,-5.3598,-14.7495,15.7343
5.3,35,20.8478,2.9957,35.9583,23.2243,-7.4512,14.2897,28.2681
5.3,36,144.9282,192.1348,17.2537,-17.248,-7.9396,-17.544,25.8519
5.3,37,97.4628,103.7485,8.4002,-5.4419,18.8989,15.3947,24.9756
5.3,38,30.5662,160.713,36.7623,-4.4895,0.2958,-29.5422,29.8829
5.3,39,86.8633,2.5447,5.6362,-9.8632,-8.5549,2.6057,13.3139
5.3,40,43.8464,110.5555,31.5266,-12.8253,6.3602,-5.0805,15.1905
5.3,41,144.216,104.7543,42.1388,0.9542,-3.6096,5.0374,6.2702
5.3,42,87.5972,185.4412,19.0156,-16.8096,-9.8861,24.1779,31.0624
5.3,43,77.7022,130.6353,34.2585,20.7408,1.2311,-8.5635,22.4729
5.3,44,55.2121,114.4201,34.5768,-11.6961,-5.4894,5.2434,13.9437
5.3,45,110.4601,48.9529,8.5735,-3.1007,-3.4555,-5.3486,7.0825
5.3,46,77.4379,72.1565,24.0163,22.276,-13.1247,6.6736,26.7023
5.3,47,13.0999,100.1747,28.7372,-5.9409,3.5781,-26.572,27.4621
5.3,48,17.4012,77.3424,17.9322,-21.831,-11.0316,-5.0971,24.9854
5.3,49,197.7538,8.6796,16.9952,-5.9607,0.9442,-9.332,11.1134
5.4,0,46.1274,184.7802,24.2617,8.4544,-7.6077,18.3874,21.6206
5.4,1,1.5842,138.9035,32.7008,-6.6186,2.3875,-22.3179,23.4008
5.4,2,183.6362,44.3802,2.3377,-4.4518,-2.8556,-26.2514,26.7788
5.4,3,114.3702,188.3617,30.8501,-6.6227,7.9665,10.9353,15.0634
5.4,4,145.1561,154.3523,7.3988,-1.2853,5.1756,0.611,5.3677
5.4,5,148.954,144.3267,42.6539,6.7365,22.1047,-6.357,23.9669
5.4,6,80.5014,85.5594,19.4534,8.8453,-5.4686,33.3784,34.9609
5.4,7,117.5035,69.3606,28.8457,2.0467,-6.3716,12.1104,13.8365
5.4,8,28.6813,23.4264,33.7756,1.2678,1.4067,-10.3462,10.518
5.4,9,34.0133,185.3402,29.0685,-0.2586,-12.5656,4.7983,13.453
5.4,10,129.9522,85.554,16.8293,-10.1579,5.7071,13.4072,17.7625
5.4,11,107.2586,29.5331,45.9761,12.3123,1.1948,1.9788,12.5274
5.4,12,112.7538,51.655,2.3872,-0.8093,-0.1458,15.3868,15.4088
5.4,13,171.5437,104.1012,6.9863,13.781,14.6839,13.3232,24.1462
5.4,14,126.0472,58.5195,28.2931,1.2288,4.7778,-14.5365,15.3508
5.4,15,113.201,175.1188,18.789,-3.2758,-9.289,-13.7105,16.8818
5.4,16,94.5941,159.6342,39.9811,-0.1444,3.216,5.2998,6.2009
5.4,17,63.4531,140.5059,42.3544,0.2579,-0.2083,32.5366,32.5383
5.4,18,4.5167,86.3982,9.7425,-2.8814,-4.3667,-16.3919,17.2066
5.4,19,91.1494,132.8453,36.5833,2.2745,-4.0003,-14.113,14.8443
5.4,20,50.5637,115.4524,24.2527,-3.8512,-3.4035,5.5912,7.5945
5.4,21,84.1509,135.885,21.1345,3.277,-3.5406,-23.5361,24.0255
5.4,22,168.7262,18.7033,20.7225,-4.2653,5.0461,-30.2004,30.9147
5.4,23,40.7919,71.6358,33.5587,-2.0328,-0.6484,5.8581,6.2346
5.4,24,2.1487,20.6033,16.1663,-5.4626,-0.5472,7.5787,9.3582
5.4,25,50.0451,101.8271,3.6248,2.8093,-1.9406,8.7491,9.3917
5.4,26,54.1504,76.814,32.289,10.4636,17.6715,10.5059,23.0682
5.4,27,127.9594,26.8391,46.8214,-24.4298,-13.0453,-17.2676,32.6369
5.4,28,109.4088,12.4123,48.3582,0.1464,-5.2583,17.3533,18.1331
5.4,29,154.0408,122.9083,44.8169,-8.4592,9.0025,-9.0511,15.3142
5.4,30,132.5366,28.461,39.6078,14.3443,-15.748,-18.1343,27.9752
5.4,31,79.0248,170.8098,25.4538,-6.6537,6.8218,25.5583,27.2771
5.4,32,151.8579,115.0981,33.882,4.8451,9.2643,6.6727,12.4027
5.4,33,23.7124,71.3711,1.6066,-2.7319,-1.5937,9.3018,9.8248
5.4,34,7.5218,119.0712,42.3135,-6.499,3.5427,-13.8845,15.7343
5.4,35,21.2679,3.0359,38.7534,4.2013,0.4022,27.9513,28.2681
5.4,36,147.1232,193.1649,18.1504,21.95,10.3017,8.9662,25.8519
5.4,37,98.1901,105.7798,9.6583,7.2731,20.3128,12.5807,24.9756
5.4,38,30.6627,159.9218,39.6423,0.9656,-7.9116,28.8003,29.8829
5.4,39,87.828,1.7672,5.149,9.6475,-7.775,-4.8719,13.3139
5.4,40,42.7225,110.2241,32.4933,-11.2389,-3.3143,9.6672,15.1905
5.4,41,144.6628,105.1034,42.4064,4.4683,3.4914,2.6758,6.2702
5.4,42,85.7208,185.029,21.4565,-18.7637,-4.1223,24.4091,31.0624
5.4,43,78.1425,130.0721,36.389,4.4034,-5.6325,21.3053,22.4729
5.4,44,55.2082,113.2429,35.3241,-0.0386,-11.7715,7.4736,13.9437
5.4,45,110.4219,49.0973,7.8812,-0.3814,1.4442,-6.9232,7.0825
5.4,46,78.4724,73.1767,21.7759,10.3453,10.2021,-22.4032,26.7023
5.4,47,13.421,99.9435,31.4548,3.211,-2.312,27.1756,27.4621
5.4,48,17.5506,77.1474,20.4187,1.4946,-1.9498,24.8643,24.9854
5.4,49,197.861,8.7172,18.1007,1.0717,0.3761,11.0552,11.1134
5.5,0,48.1555,185.2576,23.6842,20.2806,4.7746,-5.775,21.6206
5.5,1,0.0523,140.3937,33.4605,16.3656,14.9013,7.5969,23.4008
5.5,2,183.7474,42.5521,4.2914,1.1124,-18.2807,19.5368,26.7788
5.5,3,114.397,186.8863,31.1526,0.2676,-14.7542,3.0247,15.0634
5.5,4,145.6164,154.6281,7.4136,4.6028,2.7577,0.1477,5.3677
5.5,5,147.5533,143.1754,44.2213,-14.0074,-11.5124,15.6738,23.9669
5.5,6,82.2433,87.7439,21.5549,17.4187,21.8459,21.0144,34.9609
5.5,7,116.8011,69.3906,30.0374,-7.024,0.2999,11.9173,13.8365
5.5,8,28.6946,23.6314,32.7441,0.133,2.0493,-10.3156,10.518
5.5,9,34.8979,185.6472,30.0344,8.8461,3.0698,9.6596,13.453
5.5,10,131.5072,86.4091,16.9061,15.5498,8.551,0.7676,17.7625
5.5,11,107.5054,29.3784,44.7577,2.468,-1.5469,-12.1841,12.5274
5.5,12,112.71,50.3522,3.2088,-0.4384,-13.0283,8.2159,15.4088
5.5,13,173.2512,103.3215,8.5052,17.0751,-7.7972,15.1882,24.1462
5.5,14,124.5434,58.8065,28.4069,-15.0372,2.8695,1.1384,15.3508
5.5,15,112.3298,175.6467,20.1352,-8.7123,5.2794,13.4618,16.8818
5.5,16,94.2781,160.0241,39.617,-3.1607,3.8994,-3.6409,6.2009
5.5,17,62.0172,139.2188,39.7335,-14.3591,-12.8704,-26.209,32.5383
5.5,18,3.6024,87.631,8.9649,-9.1432,12.3287,-7.7763,17.2066
5.5,19,91.1161,131.4202,36.1693,-0.3338,-14.2516,-4.1392,14.8443
5.5,20,50.7602,114.8643,24.6913,1.9648,-5.8811,4.3851,7.5945
5.5,21,84.9476,135.0967,23.2596,7.9669,-7.8828,21.2512,24.0255
5.5,22,168.8337,21.0772,22.7,1.0745,23.739,19.7744,30.9147
5.5,23,40.4725,71.5811,33.026,-3.194,-0.5476,-5.3262,6.2346
5.5,24,2.2906,21.4458,15.7844,1.4189,8.4251,-3.8184,9.3582
5.5,25,50.481,101.9319,2.7996,4.3592,1.0482,-8.2525,9.3917
5.5,26,53.6473,74.9599,33.5659,-5.0316,-18.5411,12.7692,23.0682
5.5,27,125.7728,26.1441,44.5004,-21.8668,-6.9505,-23.2099,32.6369
5.5,28,109.114,10.629,48.5027,-2.9479,-17.8334,1.4447,18.1331
5.5,29,154.8347,123.3957,46.0323,7.9398,4.874,12.1543,15.3142
5.5,30,134.9394,28.3935,41.0389,24.0278,-0.6756,14.3115,27.9752
5.5,31,81.222,170.7318,23.8392,21.9716,-0.7805,-16.1456,27.2771
5.5,32,150.8106,115.3322,33.2603,-10.4735,2.3411,-6.2171,12.4027
5.5,33,24.2925,70.7219,2.0619,5.8009,-6.4923,4.5526,9.8248
5.5,34,7.5846,120.6244,42.5571,0.628,15.532,2.4354,15.7343
5.5,35,21.2021,2.1955,36.0553,-0.6579,-8.4044,-26.9818,28.2681
5.5,36,147.8465,192.479,20.5356,7.2336,-6.8593,23.8526,25.8519
5.5,37,99.1764,103.4873,9.7572,9.8632,-22.9242,0.9894,24.9756
5.5,38,31.7897,157.1655,39.3925,11.27,-27.5632,-2.4979,29.8829
5.5,39,87.0716,1.9461,4.0681,-7.564,1.7895,-10.8094,13.3139
5.5,40,43.3215,108.9509,31.9208,5.9901,-12.7316,-5.7251,15.1905
5.5,41,144.4653,104.5981,42.092,-1.9748,-5.0529,-3.1438,6.2702
5.5,42,87.2927,186.7553,19.4077,15.7185,17.2638,-20.488,31.0624
5.5,43,79.798,131.5166,36.8613,16.5548,14.445,4.7235,22.4729
5.5,44,55.3983,111.8714,35.1593,1.9011,-13.7147,-1.6487,13.9437
5.5,45,110.2516,48.926,8.5469,-1.7033,-1.7133,6.6577,7.0825
5.5,46,77.9868,73.1172,24.401,-4.8565,-0.5942,26.2502,26.7023
5.5,47,14.8798,98.9821,29.3359,14.5872,-9.6133,-21.1889,27.4621
5.5,48,17.1348,76.4959,18.0427,-4.1581,-6.5149,-23.7599,24.9854
5.5,49,197.3096,9.1386,18.9687,-5.5137,4.2136,8.6806,11.1134
5.6,0,49.2365,185.2227,25.5563,10.8098,-0.3491,18.721,21.6206
5.6,1,0.1836,140.2421,31.129,1.313,-1.516,-23.3147,23.4008
5.6,2,184.8627,42.7194,1.8626,11.1529,1.673,-24.2883,26.7788
5.6,3,114.3899,187.78,32.3652,-0.071,8.9368,12.1257,15.0634
5.6,4,146.1302,154.7716,7.3545,5.1384,1.435,-0.5912,5.3677
5.6,5,147.9286,142.3878,46.4535,3.7538,-7.8768,22.3221,23.9669
5.6,6,79.4665,86.1852,22.9979,-27.7684,-15.5871,14.4299,34.9609
5.6,7,115.5251,69.2804,30.561,-12.76,-1.1026,5.2359,13.8365
5.6,8,27.9075,23.351,32.1052,-7.8717,-2.8033,-6.3881,10.518
5.6,9,34.8895,186.1957,28.806,-0.0845,5.4846,-12.284,13.453
5.6,10,131.3336,86.2802,18.6691,-1.7354,-1.2883,17.6305,17.7625
5.6,11,107.9029,29.4559,43.5722,3.9753,0.7756,-11.8546,12.5274
5.6,12,111.7772,49.1337,3.3491,-9.3277,-12.1844,1.4024,15.4088
5.6,13,173.0731,101.5062,6.923,-1.7812,-18.1534,-15.8215,24.1462
5.6,14,124.0168,57.8038,27.3707,-5.2667,-10.027,-10.3619,15.3508
5.6,15,111.5334,177.0508,20.6295,-7.9639,14.0406,4.9429,16.8818
5.6,16,94.4476,159.6978,40.1163,1.6954,-3.2631,4.9929,6.2009
5.6,17,61.5669,137.1716,42.2222,-4.5028,-20.4727,24.8864,32.5383
5.6,18,4.0796,88.1284,10.5414,4.772,4.974,15.7656,17.2066
5.6,19,91.5152,132.5319,35.2703,3.991,11.1171,-8.9908,14.8443
5.6,20,50.2684,114.2913,24.6097,-4.9178,-5.7294,-0.8156,7.5945
5.6,21,84.9303,135.165,20.8581,-0.1727,0.683,-24.0152,24.0255
5.6,22,170.4482,22.5826,24.8643,16.1455,15.0538,21.6432,30.9147
5.6,23,40.7576,72.0004,32.6633,2.851,4.1933,-3.6274,6.2346
5.6,24,2.7551,22.2381,15.9641,4.6444,7.9232,1.7967,9.3582
5.6,25,50.0093,101.9982,1.9901,-4.7167,0.6625,-8.0943,9.3917
5.6,26,52.6792,74.1854,35.5113,-9.6808,-7.7444,19.4538,23.0682
5.6,27,126.5634,27.7303,47.241,7.9067,15.8618,27.4054,32.6369
5.6,28,108.955,9.9668,49.8168,-1.5899,-6.6217,-16.8057,18.1331
5.6,29,154.7921,123.6117,44.5168,-0.4264,2.1607,-15.155,15.3142
5.6,30,134.9144,28.4548,43.8357,-0.25,0.6138,27.9674,27.9752
5.6,31,81.5394,172.6205,21.897,3.1745,18.8879,-19.4219,27.2771
5.6,32,151.0354,114.3326,32.5613,2.248,-9.9959,-6.9896,12.4027
5.6,33,24.9638,70.5487,1.3657,6.7128,-1.7319,-6.9617,9.8248
5.6,34,6.4138,120.6796,41.5074,-11.7085,0.5522,-10.4965,15.7343
5.6,35,23.8937,2.9233,36.5208,26.9155,7.278,4.6554,28.2681
5.6,36,147.7292,194.2437,18.65,-1.1736,17.6466,-18.8558,25.8519
5.6,37,100.4652,105.4641,8.9391,12.8874,19.7678,-8.1812,24.9756
5.6,38,33.2418,154.9628,40.7959,14.5211,-22.027,14.0334,29.8829
5.6,39,87.6365,2.2795,5.2267,5.6488,3.3337,11.5861,13.3139
5.6,40,44.5429,108.6898,32.7854,12.2137,-2.6114,8.6462,15.1905
5.6,41,143.956,104.2815,42.2751,-5.0931,-3.1659,1.8309,6.2702
5.6,42,85.9109,186.6007,16.63,-13.8179,-1.5466,-27.7767,31.0624
5.6,43,80.5027,130.5118,38.744,7.0472,-10.0471,18.8261,22.4729
5.6,44,55.5588,111.8995,33.7744,1.6048,0.2806,-13.8482,13.9437
5.6,45,110.3403,48.411,8.0689,0.8873,-5.1504,-4.7799,7.0825
5.6,46,78.3407,73.4357,21.7735,3.5393,3.1843,-26.2744,26.7023
5.6,47,16.1621,96.9831,30.7147,12.8237,-19.9903,13.788,27.4621
5.6,48,14.8852,76.0788,17.0387,-22.496,-4.1708,-10.0401,24.9854
5.6,49,198.2246,9.5084,19.4796,9.1504,3.6982,5.109,11.1134
5.7,0,48.0106,186.9779,25.2549,-12.2589,17.5523,-3.0143,21.6206
5.7,1,0.6372,140.4764,28.9502,8.2083,2.3434,-21.7883,23.4008
5.7,2,182.3385,43.4021,2.44,-25.2421,6.8269,5.7737,26.7788
5.7,3,115.0718,187.9808,31.0371,6.8188,2.008,-13.2807,15.0634
5.7,4,146.0377,154.8149,6.8275,-0.9251,0.4337,-5.2696,5.3677
5.7,5,146.4133,140.5309,46.4435,-15.1531,-18.5684,-0.1003,23.9669
5.7,6,76.507,85.3042,24.6374,-29.5943,-8.8105,16.3955,34.9609
5.7,7,116.0699,69.5592,31.8019,5.4484,2.7884,12.4092,13.8365
5.7,8,27.5809,22.7738,32.9216,-3.2657,-5.7722,8.1637,10.518
5.7,9,34.6786,186.7396,30.0183,-2.1086,5.4389,12.1225,13.453
5.7,10,132.5443,86.3903,19.9642,12.1065,1.101,12.9509,17.7625
5.7,11,108.4652,30.29,44.3189,5.6231,8.341,7.4662,12.5274
5.7,12,111.7281,49.1345,1.809,-0.4906,0.0075,-15.401,15.4088
5.7,13,172.2478,103.5753,7.8548,-8.2526,20.691,9.3175,24.1462
5.7,14,123.8225,57.2708,25.9443,-1.9422,-5.3298,-14.2643,15.3508
5.7,15,111.5515,177.3596,18.9699,0.1816,3.0885,-16.5958,16.8818
5.7,16,94.4894,159.4082,39.5696,0.4177,-2.8959,-5.4672,6.2009
5.7,17,61.1773,138.8417,44.9873,-3.8963,16.7013,27.6518,32.5383
5.7,18,3.1803,87.2747,11.7344,-8.9928,-8.5371,11.9295,17.2066
5.7,19,91.5876,132.3053,36.7355,0.7239,-2.2659,14.6525,14.8443
5.7,20,50.2307,114.3243,25.3675,-0.3771,0.3302,7.578,7.5945
5.7,21,85.6868,135.3941,23.1269,7.5653,2.2913,22.6879,24.0255
5.7,22,169.2254,22.3057,22.0385,-12.2284,-2.7693,-28.2581,30.9147
5.7,23,40.9899,71.9937,33.2418,2.3236,-0.067,5.785,6.2346
5.7,24,3.2008,22.1502,16.7822,4.4574,-0.8796,8.1813,9.3582
5.7,25,50.0763,102.3621,2.8533,0.67,3.6393,8.6319,9.3917
5.7,26,52.7171,73.128,33.4615,0.3787,-10.5747,-20.4982,23.0682
5.7,27,125.9056,28.6988,44.1945,-6.5779,9.6855,-30.4646,32.6369
5.7,28,109.1848,10.3302,48.4216,2.2973,3.6337,-17.6161,18.1331
5.7,29,154.3912,122.9248,43.2081,-4.0092,-6.869,-13.0869,15.3142
5.7,30,132.3519,28.4409,42.7135,-25.6257,-0.1399,-11.2214,27.9752
5.7,31,78.9194,171.9613,21.5211,-26.2001,-6.5922,-3.7598,27.2771
5.7,32,151.2562,113.9147,31.4146,2.2087,-4.1784,-11.4669,12.4027
5.7,33,24.9309,70.6031,0.3853,-0.3293,0.5446,-9.8042,9.8248
5.7,34,6.3992,120.6543,43.0806,-0.1454,-0.2534,15.7316,15.7343
5.7,35,23.1813,3.7192,39.138,-7.1237,7.9593,26.1723,28.2681
5.7,36,148.407,194.4301,21.1378,6.7781,1.8645,24.8777,25.8519
5.7,37,99.0626,106.8145,7.3749,-14.0259,13.5043,-15.6426,24.9756
5.7,38,35.0542,154.3743,38.494,18.124,-5.8845,-23.0191,29.8829
5.7,39,86.3482,2.4155,4.9194,-12.8829,1.3598,-3.0728,13.3139
5.7,40,45.7113,109.6347,32.5634,11.6846,9.4495,-2.2197,15.1905
5.7,41,143.9518,104.2713,41.6482,-0.042,-0.102,-6.2692,6.2702
5.7,42,87.8442,186.1478,19.0187,19.3327,-4.5285,23.8874,31.0624
5.7,43,80.5224,130.499,40.9911,0.197,-0.1286,22.4717,22.4729
5.7,44,54.3097,111.2928,33.9,-12.4916,-6.0672,1.2551,13.9437
5.7,45,109.8663,48.8774,7.8254,-4.7403,4.6647,-2.4355,7.0825
5.7,46,76.1375,72.2122,20.8908,-22.0318,-12.2346,-8.8275,26.7023
5.7,47,16.4907,96.2358,28.0926,3.286,-7.4732,-26.2206,27.4621
5.7,48,16.0782,74.6594,15.3639,11.9293,-14.1939,-16.7479,24.9854
5.7,49,198.6905,8.4994,19.4871,4.6586,-10.0896,0.0745,11.1134
5.8,0,46.0708,187.8634,25.6123,-19.3979,8.8543,3.5741,21.6206
5.8,1,0.6708,140.0961,27.0474,13.0798,-3.8031,-19.0276,23.4008
5.8,2,183.0702,42.3824,4.8055,7.3174,-10.1969,23.6556,26.7788
5.8,3,115.1873,188.7174,32.3459,1.1553,7.3666,13.0883,15.0634
5.8,4,146.5535,154.9055,6.7098,5.1581,0.9057,-1.177,5.3677
5.8,5,146.6561,140.5904,48.8271,2.4277,0.5946,23.8362,23.9669
5.8,6,76.6547,85.4699,28.1265,1.4768,1.6576,34.8903,34.9609
5.8,7,115.5761,69.325,30.5308,-4.938,-2.342,-12.7114,13.8365
5.8,8,27.9249,21.8751,32.497,3.4401,-8.9868,-4.2464,10.518
5.8,9,35.6475,185.9047,30.4353,9.6896,-8.349,4.1701,13.453
5.8,10,132.2352,86.0392,18.2507,-3.0913,-3.5114,-17.1353,17.7625
5.8,11,107.5064,30.9581,43.8674,-9.5878,6.6807,-4.5143,12.5274
5.8,12,112.3645,50.0648,0.7583,6.3638,9.3029,-10.5066,15.4088
5.8,13,171.9528,103.7856,10.2421,-2.9504,2.1037,23.8728,24.1462
5.8,14,123.0918,58.5535,25.5234,-7.3074,12.827,-4.2093,15.3508
5.8,15,112.3357,176.5249,20.2102,7.8413,-8.3474,12.4028,16.8818
5.8,16,93.9102,159.4567,39.3535,-5.7921,0.4844,-2.1608,6.2009
5.8,17,61.3723,140.1363,42.0085,1.9509,12.9461,-29.7881,32.5383
5.8,18,3.0072,87.9707,13.2985,-1.7312,6.9596,15.6407,17.2066
5.8,19,91.5888,132.3068,35.2511,0.0127,0.0147,-14.8443,14.8443
5.8,20,50.3465,114.2593,24.6197,1.1579,-0.65,-7.4775,7.5945
5.8,21,87.7661,136.0747,22.1339,20.7922,6.8058,-9.9292,24.0255
5.8,22,171.7907,22.5132,23.7511,25.6533,2.0751,17.1267,30.9147
5.8,23,41.2139,72.4938,32.9444,2.2395,5.0009,-2.9742,6.2346
5.8,24,3.2731,21.9706,15.8666,0.7224,-1.7956,-9.1558,9.3582
5.8,25,49.2953,102.2461,2.3447,-7.8097,-1.1599,-5.086,9.3917
5.8,26,51.588,71.9869,31.8048,-11.2905,-11.4108,-16.5669,23.0682
5.8,27,125.8708,28.7421,40.9313,-0.3481,0.4332,-32.6322,32.6369
5.8,28,110.822,11.0841,48.6195,16.3725,7.5388,1.9786,18.1331
5.8,29,154.7306,122.4937,41.7784,3.3946,-4.3111,-14.2974,15.3142
5.8,30,133.1362,30.493,40.9816,7.8437,20.5213,-17.3195,27.9752
5.8,31,81.3302,172.4694,22.6917,24.1078,5.0809,11.7062,27.2771
5.8,32,150.4101,113.4989,32.2204,-8.4614,-4.1587,8.0583,12.4027
5.8,33,25.5575,70.9647,0.2795,6.2663,3.6155,6.6474,9.8248
5.8,34,7.514,121.4197,42.2762,11.148,7.6544,-8.0437,15.7343
5.8,35,23.7974,1.8382,37.1199,6.1611,-18.8102,-20.1817,28.2681
5.8,36,148.0584,194.4485,23.6993,-3.4858,0.1839,25.6152,25.8519
5.8,37,99.1376,108.2198,5.3115,0.7504,14.0521,-20.6339,24.9756
5.8,38,34.1097,155.6983,35.987,-9.4454,13.2393,-25.0697,29.8829
5.8,39,86.1776,1.115,4.6906,-1.7059,-13.0045,-2.2876,13.3139
5.8,40,46.4895,109.9794,31.3052,7.7819,3.4464,-12.5824,15.1905
5.8,41,144.1723,104.4694,41.0956,2.2048,1.9805,-5.5255,6.2702
5.8,42,87.1577,185.5329,16.0523,-6.8642,-6.149,-29.6638,31.0624
5.8,43,78.9317,129.2332,41.9491,-15.9074,-12.6578,9.5794,22.4729
5.8,44,55.5989,111.0674,34.3808,12.8927,-2.2533,4.809,13.9437
5.8,45,109.4215,49.3248,8.1472,-4.4484,4.4737,3.2186,7.0825
5.8,46,77.7386,72.906,22.9119,16.0114,6.938,20.2117,26.7023
5.8,47,14.2081,95.6872,26.6677,-22.8264,-5.4858,-14.2489,27.4621
5.8,48,15.6694,74.1756,17.7808,-4.0875,-4.8377,24.1693,24.9854
5.8,49,199.2187,9.1347,20.2304,5.2822,6.3527,7.433,11.1134
5.9,0,46.7993,185.8281,25.6525,7.2852,-20.3522,0.4021,21.6206
5.9,1,0.2462,137.7949,27.0351,-4.2458,-23.0121,-0.1232,23.4008
5.9,2,181.4121,44.4269,5.2973,-16.5815,20.4443,4.9181,26.7788
5.9,3,115.0161,189.5306,31.0895,-1.7123,8.1315,-12.5639,15.0634
5.9,4,146.3419,155.0175,6.2294,-2.116,1.1201,-4.8042,5.3677
5.9,5,148.3238,141.7551,49.9055,16.6772,11.6476,-12.6735,23.9669
5.9,6,73.4983,86.4675,27.002,-31.5642,9.9758,-11.2447,34.9609
5.9,7,116.6292,69.6177,29.6824,10.5314,2.9267,-8.4837,13.8365
5.9,8,28.0284,21.8777,31.4503,1.0353,0.0257,-10.4669,10.518
5.9,9,36.2161,185.6436,31.6263,5.6852,-2.6102,11.91,13.453
5.9,10,132.1682,85.872,16.4836,-0.6699,-1.6717,-17.6709,17.7625
5.9,11,106.6866,30.6225,44.7532,-8.1982,-3.3565,8.8577,12.5274
5.9,12,111.5866,51.272,0.2,-7.7793,12.0726,-5.5827,15.4088
5.9,13,169.8754,102.7995,10.9787,-20.7733,-9.8611,7.3669,24.1462
5.9,14,123.9288,57.8749,24.43,8.37,-6.7858,-10.9336,15.3508
5.9,15,111.8799,175.8774,18.7192,-4.5579,-6.4748,-14.9096,16.8818
5.9,16,93.417,159.0864,39.4184,-4.932,-3.7021,0.6492,6.2009
5.9,17,58.7965,140.7942,43.8847,-25.7581,6.5783,18.7613,32.5383
5.9,18,2.4463,88.7884,11.8923,-5.6093,8.1766,-14.0622,17.2066
5.9,19,91.1266,130.9273,34.9563,-4.6219,-13.7949,-2.9482,14.8443
5.9,20,51.0891,114.1702,24.4884,7.4267,-0.8917,-1.3138,7.5945
5.9,21,86.4235,136.7613,20.2635,-13.4254,6.8663,-18.7039,24.0255
5.9,22,169.4318,24.4103,24.3785,-23.5897,18.9707,6.2738,30.9147
5.9,23,40.9656,72.6142,32.3853,-2.4826,1.2044,-5.5908,6.2346
5.9,24,2.4382,22.3924,15.8953,-8.3487,4.218,0.2866,9.3582
5.9,25,49.6224,102.2268,1.4646,3.2707,-0.1929,-8.8017,9.3917
5.9,26,50.9699,69.7669,31.7001,-6.1815,-22.1999,-1.0474,23.0682
5.9,27,124.1551,30.8379,39.1104,-17.1576,20.9577,-18.2088,32.6369
5.9,28,109.5824,12.3794,48.3485,-12.3963,12.9535,-2.7102,18.1331
5.9,29,153.3717,123.1249,41.462,-13.5894,6.3118,-3.1644,15.3142
5.9,30,133.913,30.6754,43.6629,7.7678,1.8243,26.8132,27.9752
5.9,31,78.6454,171.9953,22.6054,-26.8481,-4.7408,-0.8623,27.2771
5.9,32,150.6619,112.8785,33.2645,2.5185,-6.2032,10.4405,12.4027
5.9,33,25.2167,70.4234,0.4663,-3.4079,-5.4125,7.4577,9.8248
5.9,34,7.9619,122.7531,41.5711,4.4791,13.3336,-7.0513,15.7343
5.9,35,23.7065,1.1838,34.3713,-0.9089,-6.544,-27.4852,28.2681
5.9,36,147.5806,191.989,23.0623,-4.7785,-24.5949,-6.3703,25.8519
5.9,37,98.968,110.368,6.574,-1.696,21.4825,12.6257,24.9756
5.9,38,33.0674,154.6835,38.5973,-10.4225,-10.1478,26.1032,29.8829
5.9,39,85.1787,0.2785,4.9644,-9.9897,-8.365,2.7374,13.3139
5.9,40,47.2244,108.818,31.9523,7.3485,-11.6137,6.4709,15.1905
5.9,41,144.3898,104.7195,40.5634,2.1749,2.5007,-5.3227,6.2702
5.9,42,87.2808,185.8736,12.9673,1.2305,3.4071,-30.8504,31.0624
5.9,43,77.5691,129.3536,43.732,-13.6263,1.2044,17.8299,22.4729
5.9,44,56.2708,111.2587,33.1741,6.7189,1.913,-12.0674,13.9437
5.9,45,109.2489,49.426,7.4679,-1.7261,1.0121,-6.794,7.0825
5.9,46,77.8624,72.4005,25.5309,1.2378,-5.0549,26.1902,26.7023
5.9,47,14.3947,95.9398,29.3959,1.8663,2.5256,27.282,27.4621
5.9,48,13.4092,74.7567,18.6732,-22.6023,5.811,8.9239,24.9854
5.9,49,199.7519,9.0685,19.8169,-10.2941,-0.6626,-4.1353,11.1134
6.0,0,47.4461,184.7063,23.9212,6.4684,-11.2189,-17.3132,21.6206
6.0,1,0.903,140.0409,27.032,6.5681,22.4601,-0.0312,23.4008
6.0,2,178.9989,45.5737,5.478,-24.1314,11.4681,1.8063,26.7788
6.0,3,114.5593,190.1042,29.7737,-4.5673,5.7364,-13.1582,15.0634
6.0,4,146.6925,154.8033,6.5748,3.5058,-2.1423,3.4543,5.3677
6.0,5,148.9021,141.4362,47.6016,5.7832,-3.1899,-23.0389,23.9669
6.0,6,71.823,84.1344,28.9951,-16.7533,-23.3309,19.9314,34.9609
6.0,7,117.1155,70.0238,30.9125,4.8625,4.0609,12.301,13.8365
6.0,8,27.098,21.9822,30.971,-9.304,1.0454,-4.7928,10.518
6.0,9,36.2473,186.7077,32.4489,0.3124,10.6404,8.2261,13.453
6.0,10,132.7979,85.3163,14.9185,6.2972,-5.5577,-15.6513,17.7625
6.0,11,107.0627,31.0678,45.8621,3.7604,4.4537,11.0887,12.5274
6.0,12,111.8046,51.3495,1.7234,2.1799,0.7742,15.2342,15.4088
6.0,13,169.5607,101.7305,8.8367,-3.1474,-10.6901,-21.4209,24.1462
6.0,14,122.7183,58.2408,25.3003,-12.1049,3.6586,8.7025,15.3508
6.0,15,112.7696,174.443,18.7502,8.8973,-14.3435,0.3092,16.8818
6.0,16,93.9674,159.3653,39.4797,5.5045,2.7886,0.6126,6.2009
6.0,17,59.6144,138.3337,45.8505,8.1789,-24.6049,19.6582,32.5383
6.0,18,4.1187,89.188,11.8314,16.7249,3.9969,-0.6085,17.2066
6.0,19,92.5161,131.1749,35.4164,13.8941,2.4762,4.6016,14.8443
6.0,20,50.6001,114.2914,23.9201,-4.8904,1.2126,-5.6825,7.5945
6.0,21,86.8235,138.9548,19.3686,4.0001,21.9348,-8.9491,24.0255
6.0,22,168.3756,23.7049,27.1971,-10.5615,-7.054,28.1854,30.9147
6.0,23,41.1739,72.6483,31.7987,2.0824,0.3408,-5.8667,6.2346
6.0,24,3.3084,22.5892,16.1777,8.7023,1.9676,2.824,9.3582
6.0,25,49.5489,101.7182,0.6785,-0.7353,-5.0858,-7.8612,9.3917
6.0,26,51.2348,70.8031,33.744,2.6491,10.3623,20.4389,23.0682
6.0,27,122.4003,28.2056,39.9126,-17.5483,-26.3226,8.0215,32.6369
6.0,28,109.5815,10.6496,47.8047,-0.0085,-17.2984,-5.438,18.1331
6.0,29,154.3796,123.5191,40.3785,10.0794,3.9418,-10.8347,15.3142
6.0,30,134.2525,27.9539,43.1115,3.3954,-27.2154,-5.5142,27.9752
6.0,31,78.6036,172.3551,25.309,-0.4182,3.5974,27.0356,27.2771
6.0,32,149.709,113.6715,33.3004,-9.5298,7.9297,0.3588,12.4027
6.0,33,26.0533,70.9299,0.3723,8.3661,5.0647,-0.9403,9.8248
6.0,34,8.5568,121.7976,42.6706,5.9489,-9.5547,10.9948,15.7343
6.0,35,21.2702,0.2062,33.3229,-24.3637,-9.7756,-10.4848,28.2681
6.0,36,145.0634,191.9152,22.478,-25.172,-0.7381,-5.8434,25.8519
6.0,37,101.1027,109.9407,5.3499,21.3464,-4.2733,-12.2414,24.9756
6.0,38,32.3766,155.86,35.9387,-6.9086,11.765,-26.5865,29.8829
6.0,39,85.9849,0.3818,5.7929,8.0624,6.6036,8.2855,13.3139
6.0,40,47.1127,108.2387,33.3521,-1.1169,-5.7932,13.998,15.1905
6.0,41,144.5549,104.6399,41.163,1.6508,-0.7956,5.9964,6.2702
6.0,42,88.2316,185.2516,15.8583,9.5082,-6.2199,28.9098,31.0624
6.0,43,79.7871,129.2285,43.3929,22.1803,-1.2514,-3.3911,22.4729
6.0,44,57.0056,112.0579,32.2991,7.348,7.9919,-8.7501,13.9437
6.0,45,109.4321,48.8099,7.7652,1.8327,-6.1612,2.9737,7.0825
6.0,46,77.9896,72.0438,28.1742,1.2714,-3.5671,26.4324,26.7023
6.0,47,13.1154,94.3039,31.1928,-12.7928,-16.3589,17.9694,27.4621
6.0,48,12.9587,77.214,18.6328,-4.5054,24.5725,-0.4043,24.9854
6.0,49,199.3486,8.8683,20.4381,-8.995,-2.0018,6.2122,11.1134
6.1,0,47.5941,183.6687,22.0301,1.4792,-10.3755,-18.9106,21.6206
6.1,1,2.1449,139.3507,25.1725,12.4186,-6.9016,-18.5942,23.4008
6.1,2,179.0006,45.5535,2.8002,0.0168,-0.2022,-26.7781,26.7788
6.1,3,113.1879,190.7163,29.8902,-13.7144,6.1208,1.1646,15.0634
6.1,4,146.647,155.1081,6.1354,-0.4555,3.0482,-4.3947,5.3677
6.1,5,147.076,141.4375,49.1538,-18.2615,0.0136,15.5218,23.9669
6.1,6,71.6277,84.4995,32.4666,-1.953,3.6509,34.7148,34.9609
6.1,7,117.9053,69.7268,29.8159,7.8979,-2.9694,-10.966,13.8365
6.1,8,26.1607,21.9353,31.4458,-9.3734,-0.4695,4.7485,10.518
6.1,9,35.4294,186.8528,31.3907,-8.1789,1.4509,-10.5823,13.453
6.1,10,132.7398,85.3982,13.1451,-0.5811,0.8191,-17.7341,17.7625
6.1,11,106.5109,30.4059,46.7714,-5.5174,-6.619,9.093,12.5274
6.1,12,110.3086,51.16,1.4063,-14.9593,-1.8947,-3.1719,15.4088
6.1,13,169.8375,102.0218,11.2176,2.7679,2.9124,23.8096,24.1462
6.1,14,123.7575,57.1231,25.4653,10.392,-11.1773,1.6503,15.3508
6.1,15,112.2625,175.0638,17.2644,-5.0709,6.2077,-14.8575,16.8818
6.1,16,93.4092,159.617,39.3823,-5.5826,2.5173,-0.9744,6.2009
6.1,17,60.1469,140.1954,43.2356,5.3244,18.6175,-26.1492,32.5383
6.1,18,3.5113,88.9762,13.4273,-6.0744,-2.1181,15.9587,17.2066
6.1,19,92.1525,130.0047,36.2543,-3.6358,-11.7019,8.3785,14.8443
6.1,20,51.0896,113.8385,23.5568,4.895,-4.5297,-3.6328,7.5945
6.1,21,89.0922,139.7174,19.5784,22.6865,7.6255,2.0972,24.0255
6.1,22,171.0018,23.2606,28.7664,26.2622,-4.4422,15.6934,30.9147
6.1,23,41.0614,72.2717,32.2826,-1.1247,-3.7665,4.8393,6.2346
6.1,24,3.2585,22.8169,15.2714,-0.4986,2.2775,-9.0631,9.3582
6.1,25,49.5676,101.7819,0.2584,0.1873,0.6369,9.3682,9.3917
6.1,26,51.003,71.581,31.5847,-2.3178,7.779,-21.593,23.0682
6.1,27,124.5935,26.0323,38.8554,21.9328,-21.7337,-10.572,32.6369
6.1,28,109.1178,12.3923,47.6153,-4.6373,17.4275,-1.8932,18.1331
6.1,29,153.7603,123.6664,38.9856,-6.1931,1.4736,-13.9283,15.3142
6.1,30,133.5142,25.3679,42.3407,-7.3829,-25.8592,-7.7075,27.9752
6.1,31,80.4638,170.4231,24.8116,18.6023,-19.3196,-4.9745,27.2771
6.1,32,149.4825,113.3216,32.1322,-2.2648,-3.4989,-11.6814,12.4027
6.1,33,26.0583,70.6756,1.3213,0.0497,-2.5426,9.49,9.8248
6.1,34,9.2508,123.1249,43.1528,6.9394,13.2726,4.822,15.7343
6.1,35,23.1759,1.6427,32.3531,19.0574,18.4893,-9.6977,28.2681
6.1,36,144.6475,194.4661,22.5341,-4.1585,25.5091,0.5609,25.8519
6.1,37,102.5447,111.4452,3.9734,14.4201,15.0457,-13.7648,24.9756
6.1,38,33.6822,155.6636,38.6195,13.0562,-1.9634,26.8079,29.8829
6.1,39,86.3722,1.6171,6.1038,3.8734,12.3528,3.1087,13.3139
6.1,40,48.1053,109.3883,33.3277,9.9256,11.4967,-0.2436,15.1905
6.1,41,144.4332,104.5166,41.7656,-1.2172,-1.2329,6.0261,6.2702
6.1,42,87.5969,186.6258,18.5708,-6.347,13.7419,27.1246,31.0624
6.1,43,80.6213,130.1551,45.2627,8.3415,9.266,18.6974,22.4729
6.1,44,56.2751,111.5193,31.2406,-7.3048,-5.3863,-10.5855,13.9437
6.1,45,109.4506,48.4827,7.1374,0.1849,-3.2719,-6.2787,7.0825
6.1,46,78.5815,69.9166,29.6757,5.9198,-21.272,15.0156,26.7023
6.1,47,14.6443,96.5691,30.9227,15.2883,22.6526,-2.701,27.4621
6.1,48,10.9971,76.4817,19.9961,-19.6158,-7.3232,13.633,24.9854
6.1,49,199.6443,8.1691,21.2497,2.9571,-6.9921,8.1163,11.1134
6.2,0,47.4335,184.2172,24.1152,-1.6054,5.4853,20.8515,21.6206
6.2,1,1.7123,141.3063,23.9624,-4.3261,19.5557,-12.102,23.4008
6.2,2,176.4096,45.7029,3.4601,-25.9099,1.4942,6.5993,26.7788
6.2,3,113.1045,191.2758,31.2863,-0.8339,5.5949,13.9609,15.0634
6.2,4,146.4726,154.8033,6.5413,-1.7438,-3.0481,4.0596,5.3677
6.2,5,147.0697,141.1317,46.7767,-0.0628,-3.058,-23.7709,23.9669
6.2,6,71.0123,84.6088,35.9064,-6.1535,1.0923,34.3977,34.9609
6.2,7,117.8722,69.5275,28.4471,-0.3311,-1.9931,-13.6882,13.8365
6.2,8,25.1517,21.869,31.7353,-10.09,-0.6627,2.895,10.518
6.2,9,35.1271,185.5804,31.7062,-3.0232,-12.7236,3.1551,13.453
6.2,10,132.9128,86.4891,14.5361,1.73,10.9089,13.9107,17.7625
6.2,11,106.4715,29.8441,45.6524,-0.3945,-5.6188,-11.1897,12.5274
6.2,12,110.1297,50.3566,0.1036,-1.7892,-8.0339,-13.0264,15.4088
6.2,13,169.6608,103.7086,12.9363,-1.7664,16.8683,17.1866,24.1462
6.2,14,123.1053,56.8837,24.0964,-6.5226,-2.3933,-13.6885,15.3508
6.2,15,113.295,173.7381,17.1026,10.3253,-13.2576,-1.618,16.8818
6.2,16,93.4106,160.08,39.7947,0.0139,4.6301,4.1248,6.2009
6.2,17,59.8923,137.3132,44.7241,-2.5455,-28.8218,14.8851,32.5383
6.2,18,4.5246,88.6747,12.0697,10.1327,-3.0153,-13.5758,17.2066
6.2,19,92.9608,129.1021,35.3968,8.0837,-9.0262,-8.5752,14.8443
6.2,20,51.0294,113.8813,24.3127,-0.602,0.4287,7.5585,7.5945
6.2,21,87.2388,138.2381,19.1926,-18.5342,-14.7929,-3.8575,24.0255
6.2,22,171.4316,23.2384,25.705,4.298,-0.2224,-30.6137,30.9147
6.2,23,40.7007,72.1063,31.8017,-3.6066,-1.6541,-4.809,6.2346
6.2,24,3.8762,23.3616,14.8268,6.1761,5.4469,-4.4455,9.3582
6.2,25,49.5691,101.7823,1.1975,0.0145,0.0042,9.3917,9.3917
6.2,26,51.4736,69.7633,30.2446,4.7055,-18.1774,-13.4009,23.0682
6.2,27,124.3537,26.1571,35.6029,-2.398,1.248,-32.5248,32.6369
6.2,28,109.1541,14.2038,47.6889,0.3628,18.1145,0.7359,18.1331
6.2,29,153.5313,123.9915,37.5067,-2.2899,3.2507,-14.789,15.3142
6.2,30,133.6125,23.2483,40.5177,0.9826,-21.1964,-18.2307,27.9752
6.2,31,80.4001,170.4373,27.5385,-0.6372,0.1414,27.2693,27.2771
6.2,32,150.1552,112.5916,32.8758,6.7268,-7.3,7.4356,12.4027
6.2,33,26.0436,70.5206,0.3512,-0.1473,-1.5503,-9.7006,9.8248
6.2,34,10.7831,122.8724,42.9002,15.3238,-2.5244,-2.5255,15.7343
6.2,35,24.2855,0.7071,29.9274,11.0962,-9.3567,-24.2572,28.2681
6.2,36,144.6197,195.4396,20.1393,-0.2782,9.7347,-23.9474,25.8519
6.2,37,101.2442,109.4225,4.6481,-13.0049,-20.2272,6.7466,24.9756
6.2,38,36.6452,156.0482,38.6726,29.6296,3.8458,0.5309,29.8829
6.2,39,87.333,1.5634,7.0239,9.6079,-0.5374,9.201,13.3139
6.2,40,48.0704,109.8913,34.7606,-0.3484,5.0299,14.3294,15.1905
6.2,41,144.2093,104.1393,41.3176,-2.2381,-3.7734,-4.4797,6.2702
6.2,42,88.0311,186.0215,21.5865,4.3421,-6.0437,30.1578,31.0624
6.2,43,81.818,132.053,45.3896,11.967,18.9792,1.2696,22.4729
6.2,44,56.8596,110.6919,30.2823,5.8442,-8.2735,-9.5822,13.9437
6.2,45,109.7795,48.5081,7.7641,3.2889,0.2536,6.2674,7.0825
6.2,46,78.3037,70.0227,27.0221,-2.7789,1.0605,-26.5361,26.7023
6.2,47,11.9875,97.0408,31.4332,-26.5682,4.7165,5.1043,27.4621
6.2,48,9.6493,77.8449,21.5985,-13.4777,13.6326,16.0241,24.9854
6.2,49,198.9111,7.7268,20.5412,-7.3319,-4.4227,-7.0846,11.1134
6.3,0,47.5109,184.1278,21.9564,0.7739,-0.8947,-21.5882,21.6206
6.3,1,1.7625,142.1278,21.7718,0.5021,8.2147,-21.9058,23.4008
6.3,2,177.4897,43.9981,1.6999,10.8001,-17.0481,-17.6019,26.7788
6.3,3,113.7431,191.6193,29.9659,6.3859,3.435,-13.2033,15.0634
6.3,4,146.6872,155.1411,6.899,2.146,3.3782,3.577,5.3677
6.3,5,146.4973,141.6626,44.5107,-5.7235,5.3085,-22.6599,23.9669
6.3,6,71.8813,83.4747,39.0972,8.6896,-11.341,31.9082,34.9609
6.3,7,118.4168,70.2259,27.3841,5.4467,6.9842,-10.6302,13.8365
6.3,8,25.4012,21.6209,30.7442,2.4952,-2.4815,-9.9119,10.518
6.3,9,35.1325,185.6228,30.3616,0.0542,0.4236,-13.4462,13.453
6.3,10,131.5885,86.8964,15.6476,-13.2429,4.0733,11.1148,17.7625
6.3,11,105.9276,30.5662,44.7852,-5.4387,7.2215,-8.6722,12.5274
6.3,12,111.2648,51.3976,0.1496,11.3509,10.4104,0.4597,15.4088
6.3,13,170.44,103.4242,10.6686,7.7918,-2.8435,-22.6769,24.1462
6.3,14,123.0397,56.9106,25.6299,-0.6561,0.2685,15.3345,15.3508
6.3,15,113.0578,173.1351,15.5437,-2.3726,-6.0292,-15.5889,16.8818
6.3,16,92.8795,159.8083,39.6253,-5.3104,-2.717,-1.6939,6.2009
6.3,17,58.4302,137.2975,47.6309,-14.6208,-0.1576,29.068,32.5383
6.3,18,3.6346,87.8743,10.8336,-8.8998,-8.0044,-12.3607,17.2066
6.3,19,93.8473,128.4439,34.4045,8.8643,-6.5824,-9.9222,14.8443
6.3,20,50.8948,113.4731,24.9388,-1.3459,-4.0822,6.2611,7.5945
6.3,21,85.4578,137.8695,17.6228,-17.8101,-3.686,-15.6984,24.0255
6.3,22,171.4146,23.2163,22.6137,-0.1707,-0.2205,-30.9135,30.9147
6.3,23,40.224,71.7297,31.6617,-4.7677,-3.7656,-1.3999,6.2346
6.3,24,3.8425,23.3767,13.8918,-0.3364,0.1503,-9.3509,9.3582
6.3,25,49.3831,101.5969,2.0992,-1.8597,-1.8542,9.0171,9.3917
6.3,26,49.5214,70.486,31.2386,-19.5217,7.227,9.9407,23.0682
6.3,27,124.5045,23.0073,36.4444,1.5081,-31.4972,8.4155,32.6369
6.3,28,110.2068,13.9955,46.2273,10.5274,-2.0829,-14.6165,18.1331
6.3,29,154.7312,123.6823,38.4067,11.9991,-3.0917,8.9994,15.3142
6.3,30,134.6336,21.1041,41.9962,10.2109,-21.4415,14.7856,27.9752
6.3,31,79.9868,170.1299,24.8598,-4.1329,-3.0731,-26.7864,27.2771
6.3,32,150.1533,112.1381,34.0302,-0.019,-4.535,11.5438,12.4027
6.3,33,26.4595,71.377,0.5938,4.159,8.5642,2.4258,9.8248
6.3,34,9.8367,122.9979,44.1509,-9.4642,1.255,12.5069,15.7343
6.3,35,24.1902,2.7831,28.0112,-0.9535,20.761,-19.1614,28.2681
6.3,36,145.5866,195.4608,17.7418,9.6688,0.2124,-23.9748,25.8519
6.3,37,103.2097,109.0057,6.1316,19.6549,-4.1686,14.8354,24.9756
6.3,38,37.8274,154.6875,41.0559,11.8227,-13.6074,23.8337,29.8829
6.3,39,86.0907,1.4562,6.5573,-12.4235,-1.0719,-4.6657,13.3139
6.3,40,48.0675,110.0043,33.2458,-0.0295,1.1292,-15.1485,15.1905
6.3,41,144.0905,103.8219,41.8452,-1.1884,-3.1735,5.2756,6.2702
6.3,42,86.3126,186.7677,19.1089,-17.1855,7.4623,-24.7759,31.0624
6.3,43,82.4647,130.1964,44.301,6.4675,-18.5659,-10.8862,22.4729
6.3,44,58.1423,110.6881,30.829,12.8274,-0.0388,5.4665,13.9437
6.3,45,109.6519,48.6858,7.0905,-1.2756,1.7772,-6.7362,7.0825
6.3,46,78.3247,70.6211,24.4199,0.2105,5.9845,-26.0222,26.7023
6.3,47,11.9633,97.261,28.6959,-0.2415,2.202,-27.3726,27.4621
6.3,48,10.1881,78.2029,24.0118,5.3876,3.5802,24.1335,24.9854
6.3,49,198.1861,8.2962,19.9206,-7.2502,5.6938,-6.2067,11.1134
6.4,0,46.7387,182.8998,20.3532,-7.7218,-12.2797,-16.0322,21.6206
6.4,1,3.925,141.9813,22.6537,21.6256,-1.4649,8.8195,23.4008
6.4,2,177.405,43.8454,4.3721,-0.8465,-1.5272,26.7219,26.7788
6.4,3,113.185,191.5306,28.5696,-5.5803,-0.8872,-13.9635,15.0634
6.4,4,146.1596,155.0714,6.8292,-5.2762,-0.6975,-0.6981,5.3677
6.4,5,144.7826,143.3365,44.4668,-17.1472,16.739,-0.4398,23.9669
6.4,6,70.4647,82.4484,36.0702,-14.1662,-10.2624,-30.2698,34.9609
6.4,7,119.7478,69.8734,27.5211,13.3095,-3.5252,1.3705,13.8365
6.4,8,25.6366,20.6551,31.0879,2.3536,-9.6578,3.4375,10.518
6.4,9,34.5653,185.9153,29.1773,-5.6727,2.9252,-11.8426,13.453
6.4,10,131.1776,87.6173,14.0771,-4.1088,7.2093,-15.7051,17.7625
6.4,11,106.3341,30.2011,45.9125,4.0648,-3.6508,11.2732,12.5274
6.4,12,112.1053,52.3606,0.7109,8.4054,9.6295,8.6054,15.4088
6.4,13,171.7373,101.6289,11.6299,12.9728,-17.9538,9.6128,24.1462
6.4,14,122.9945,58.3248,26.2252,-0.4513,14.1422,5.9534,15.3508
6.4,15,112.8827,172.337,17.021,-1.751,-7.9816,14.7724,16.8818
6.4,16,93.0359,159.3841,40.0497,1.5643,-4.2425,4.2433,6.2009
6.4,17,56.8841,137.5225,49.5149,-15.4609,2.2503,-28.5418,32.5383
6.4,18,4.1984,89.3601,11.4932,5.6377,14.8588,6.5954,17.2066
6.4,19,94.6694,127.2304,34.1698,8.2211,-12.135,-2.3472,14.8443
6.4,20,50.412,114.0037,24.6896,-4.8284,5.3058,-2.4923,7.5945
6.4,21,84.4992,139.8842,16.7315,-9.5859,20.1471,-8.9124,24.0255
6.4,22,168.4301,23.0283,21.8298,-29.8451,-1.8807,-7.8392,30.9147
6.4,23,39.9978,71.8274,31.089,-2.2615,0.9772,-5.7272,6.2346
6.4,24,3.4712,22.5467,13.6703,-3.7129,-8.2998,-2.2144,9.3582
6.4,25,49.9579,102.2673,1.7796,5.748,6.7042,-3.1967,9.3917
6.4,26,49.2915,70.5843,28.9454,-2.2991,0.9831,-22.9323,23.0682
6.4,27,126.4342,21.4454,34.3258,19.2969,-15.6193,-21.1858,32.6369
6.4,28,111.4487,14.2818,47.5171,12.4192,2.8632,12.8986,18.1331
6.4,29,153.2986,124.0758,38.778,-14.3268,3.935,3.7127,15.3142
6.4,30,133.7807,19.7502,44.2909,-8.529,-13.5394,22.9468,27.9752
6.4,31,82.0446,168.3771,25.2245,20.5787,-17.5287,3.6471,27.2771
6.4,32,149.697,111.8331,35.1424,-4.5628,-3.0503,11.1222,12.4027
6.4,33,26.7244,70.8529,1.3815,2.6491,-5.2412,7.8765,9.8248
6.4,34,9.9183,123.4691,42.6519,0.8164,4.7112,-14.9902,15.7343
6.4,35,24.0674,2.9461,30.8307,-1.2282,1.6291,28.1944,28.2681
6.4,36,145.6985,195.4182,15.1594,1.119,-0.4258,-25.8242,25.8519
6.4,37,105.0067,107.4408,6.8798,17.9704,-15.6484,7.4816,24.9756
6.4,38,36.1334,154.0418,43.4315,-16.9399,-6.4562,23.7559,29.8829
6.4,39,84.9543,1.6326,5.8864,-11.3639,1.7641,-6.709,13.3139
6.4,40,46.6885,110.4421,33.7087,-13.7895,4.3785,4.6292,15.1905
6.4,41,144.6212,104.0274,41.582,5.3072,2.0547,-2.6318,6.2702
6.4,42,86.7711,186.3997,16.0589,4.5857,-3.6796,-30.5009,31.0624
6.4,43,82.4895,130.1421,42.0545,0.248,-0.5434,-22.465,22.4729
6.4,44,57.7482,110.7992,29.4961,-3.9405,1.1113,-13.329,13.9437
6.4,45,109.6123,48.8976,6.4158,-0.3963,2.1182,-6.7467,7.0825
6.4,46,76.9412,72.7152,25.3314,-13.8349,20.9408,9.1153,26.7023
6.4,47,13.921,99.1739,28.9188,19.577,19.1296,2.2291,27.4621
6.4,48,9.7518,75.7676,23.6634,-4.3625,-24.3536,-3.4845,24.9854
6.4,49,197.3281,7.9771,20.5508,-8.5797,-3.1909,6.302,11.1134
6.5,0,48.7981,183.1183,19.7321,20.5936,2.1853,-6.211,21.6206
6.5,1,3.6573,143.9999,23.8067,-2.677,20.1865,11.5298,23.4008
6.5,2,177.8635,41.2077,4.3138,4.5852,-26.3769,-0.5828,26.7788
6.5,3,114.3669,190.7803,28.0133,11.8182,-7.5024,-5.5632,15.0634
6.5,4,145.9839,155.1431,7.3313,-1.7572,0.717,5.021,5.3677
6.5,5,146.1504,144.1051,46.2785,13.6776,7.6863,18.1178,23.9669
6.5,6,71.5148,79.1263,36.3586,10.5017,-33.2214,2.8843,34.9609
6.5,7,119.9101,69.7306,28.8878,1.6234,-1.4282,13.6665,13.8365
6.5,8,24.7611,21.1828,30.8403,-8.7548,5.2776,-2.4758,10.518
6.5,9,34.5999,186.7455,30.2353,0.3468,8.3024,10.5798,13.453
6.5,10,132.0379,87.8612,12.5424,8.6034,2.4393,-15.3472,17.7625
6.5,11,105.5106,29.6706,45.1317,-8.2353,-5.3052,-7.8083,12.5274
6.5,12,113.241,51.6385,0.0395,11.357,-7.2204,7.5043,15.4088
6.5,13,171.3923,100.9203,9.3474,-3.4496,-7.0851,-22.8241,24.1462
6.5,14,122.365,59.7248,26.2339,-6.2949,14.0005,0.087,15.3508
6.5,15,112.285,171.5873,15.6315,-5.9765,-7.4973,-13.8949,16.8818
6.5,16,93.3149,158.8919,40.3034,2.79,-4.9224,2.5373,6.2009
6.5,17,55.0755,137.7993,46.8243,-18.0864,2.768,-26.9065,32.5383
6.5,18,4.4746,88.7707,9.9004,2.7625,-5.8948,-15.9275,17.2066
6.5,19,94.5574,127.3208,35.6473,-1.12,0.9041,14.7744,14.8443
6.5,20,50.0247,114.5474,25.0517,-3.8727,5.437,3.6218,7.5945
6.5,21,84.086,139.6469,19.0864,-4.1316,-2.3734,23.5483,24.0255
6.5,22,165.4159,23.7082,21.7316,-30.1417,6.7998,-0.9819,30.9147
6.5,23,40.0624,71.8181,30.4689,0.6463,-0.0936,-6.2003,6.2346
6.5,24,2.5657,22.4531,13.887,-9.0557,-0.9358,2.1666,9.3582
6.5,25,49.2645,102.8773,1.9507,-6.9335,6.0994,1.7114,9.3917
6.5,26,49.2058,70.6508,26.6411,-0.857,0.6653,-23.0427,23.0682
6.5,27,125.1182,21.0366,37.2843,-13.1603,-4.0885,29.5848,32.6369
6.5,28,110.4161,15.6146,48.1845,-10.3264,13.328,6.6737,18.1331
6.5,29,153.1121,122.991,39.8426,-1.8649,-10.8487,10.6467,15.3142
6.5,30,131.7338,21.6564,44.2375,-20.4689,19.0618,-0.5342,27.9752
6.5,31,80.1475,170.0678,26.2159,-18.9709,16.9073,9.9139,27.2771
6.5,32,149.0313,111.2314,34.2862,-6.657,-6.0172,-8.5618,12.4027
6.5,33,26.7994,70.8831,2.3606,0.7507,0.3018,9.7914,9.8248
6.5,34,9.0794,122.2286,42.1691,-8.3897,-12.4044,-4.8283,15.7343
6.5,35,22.6881,2.903,28.3635,-13.7922,-0.431,-24.6713,28.2681
6.5,36,145.2662,195.5497,12.614,-4.3226,1.3142,-25.4541,25.8519
6.5,37,104.5704,105.2106,7.9159,-4.3629,-22.3021,10.3616,24.9756
6.5,38,36.1415,153.8861,46.4157,0.0809,-1.5575,29.8421,29.8829
6.5,39,85.1977,1.2804,7.1471,2.4343,-3.5217,12.6068,13.3139
6.5,40,45.8248,111.308,34.6097,-8.6373,8.6587,9.0098,15.1905
6.5,41,144.6126,104.0438,42.2088,-0.0862,0.1639,6.2674,6.2702
6.5,42,86.2433,184.0834,18.06,-5.2782,-23.1633,20.0118,31.0624
6.5,43,80.7769,129.1751,40.9672,-17.1263,-9.6698,-10.8727,22.4729
6.5,44,56.8526,109.8235,29.932,-8.9567,-9.7569,4.3595,13.9437
6.5,45,109.4473,48.8376,5.7297,-1.6505,-0.6004,-6.8613,7.0825
6.5,46,77.1846,71.0197,23.283,2.4341,-16.9554,-20.4842,26.7023
6.5,47,14.8976,101.6423,28.2153,9.7658,24.6842,-7.0349,27.4621
6.5,48,8.3615,75.26,21.6504,-13.9037,-5.076,-20.1294,24.9854
6.5,49,197.4164,8.1126,21.6503,0.883,1.3554,10.9951,11.1134
6.6,0,50.7538,183.0642,18.8119,19.5569,-0.5411,-9.2023,21.6206
6.6,1,2.0513,145.6902,24.0057,-16.0606,16.9025,1.9897,23.4008
6.6,2,177.3094,39.0919,5.859,-5.5417,-21.1574,15.4519,26.7788
6.6,3,113.3087,191.4728,27.1949,-10.5815,6.925,-8.1841,15.0634
6.6,4,146.3264,155.5546,7.2936,3.4258,4.1152,-0.3765,5.3677
6.6,5,145.4738,145.2182,48.2904,-6.7659,11.1307,20.1182,23.9669
6.6,6,71.7764,81.6205,38.7944,2.6155,24.9424,24.3578,34.9609
6.6,7,119.5411,70.4215,30.0283,-3.6904,6.9091,11.4059,13.8365
6.6,8,24.7702,21.2237,31.8913,0.0912,0.4082,10.5097,10.518
6.6,9,35.54,187.5468,29.7023,9.4004,8.0129,-5.3301,13.453
6.6,10,132.2955,89.1022,13.7869,2.5757,12.4097,12.4447,17.7625
6.6,11,106.4963,29.0075,45.5292,9.8573,-6.6307,3.9753,12.5274
6.6,12,114.3888,52.3195,0.8097,11.4779,6.8096,7.7018,15.4088
6.6,13,170.5953,102.4905,10.9997,-7.97,15.7014,16.5222,24.1462
6.6,14,121.296,59.5317,27.3185,-10.6907,-1.9317,10.8455,15.3508
6.6,15,111.923,172.057,17.2121,-3.6204,4.697,15.8059,16.8818
6.6,16,92.7664,158.8309,40.0207,-5.4853,-0.6093,-2.8269,6.2009
6.6,17,57.8517,138.5761,48.3331,27.7623,7.7677,15.0883,32.5383
6.6,18,3.6851,87.7043,8.8048,-7.8948,-10.6634,-10.9558,17.2066
6.6,19,93.2494,126.7695,36.0818,-13.0799,-5.5123,4.3456,14.8443
6.6,20,49.7998,114.0619,25.5907,-2.2486,-4.8548,5.3899,7.5945
6.6,21,82.7485,139.0454,20.9894,-13.3755,-6.0148,19.0301,24.0255
6.6,22,162.6463,24.8472,20.9639,-27.6959,11.3898,-7.6765,30.9147
6.6,23,39.6957,72.3219,30.486,-3.6677,5.0387,0.1708,6.2346
6.6,24,2.6853,23.2554,13.4204,1.1967,8.0232,-4.6659,9.3582
6.6,25,48.7889,102.8771,1.1409,-4.7563,-0.002,-8.0983,9.3917
6.6,26,50.8674,70.9253,25.0647,16.6165,2.7446,-15.7639,23.0682
6.6,27,124.6983,21.8207,40.4245,-4.1987,7.8415,31.4014,32.6369
6.6,28,109.7609,14.2692,47.1604,-6.552,-13.4538,-10.2408,18.1331
6.6,29,153.2062,123.0675,41.3692,0.9409,0.7657,15.2661,15.3142
6.6,30,133.51,22.3972,42.2071,17.7618,7.4084,-20.3039,27.9752
6.6,31,78.9453,168.3645,27.9748,-12.0225,-17.033,17.589,27.2771
6.6,32,148.0648,111.9544,34.5716,-9.6646,7.2303,2.8538,12.4027
6.6,33,27.0555,70.1247,2.9302,2.5608,-7.5842,5.6964,9.8248
6.6,34,10.3863,121.6855,42.8567,13.0687,-5.4314,6.8758,15.7343
6.6,35,24.8578,2.3027,30.0732,21.6969,-6.003,17.0967,28.2681
6.6,36,144.5914,195.8903,15.0862,-6.7479,3.4066,24.7221,25.8519
6.6,37,104.3503,107.6488,8.4106,-2.2008,24.3816,4.9471,24.9756
6.6,38,35.6509,153.4874,43.4951,-4.9057,-3.9869,-29.2066,29.8829
6.6,39,84.5043,0.5586,6.2692,-6.9345,-7.2185,-8.7787,13.3139
6.6,40,44.9583,110.4699,35.534,-8.665,-8.3806,9.2431,15.1905
6.6,41,144.3394,104.608,42.1971,-2.7325,5.6423,-0.1167,6.2702
6.6,42,89.0705,185.2806,18.532,28.2714,11.9718,4.7196,31.0624
6.6,43,81.3102,131.2524,41.6387,5.3329,20.7727,6.7145,22.4729
6.6,44,57.5876,110.8966,29.4295,7.3499,10.7306,-5.0257,13.9437
6.6,45,109.7761,49.1619,6.2666,3.2882,3.243,5.3696,7.0825
6.6,46,79.0083,70.1089,25.0078,18.2365,-9.1075,17.2481,26.7023
6.6,47,17.0365,101.8289,29.9277,21.3888,1.8657,17.1233,27.4621
6.6,48,6.7986,74.0964,23.2145,-15.6282,-11.6357,15.6409,24.9854
6.6,49,197.7715,7.991,22.6964,3.5502,-1.2162,10.4606,11.1134
6.7,0,49.4646,182.1834,20.3074,-12.8919,-8.8079,14.9556,21.6206
6.7,1,2.7482,145.5439,26.2348,6.9692,-1.4628,22.291,23.4008
6.7,2,179.1773,40.8283,6.6758,18.679,17.3633,8.1681,26.7788
6.7,3,112.2952,190.3666,27.3299,-10.1347,-11.0621,1.3504,15.0634
6.7,4,146.289,155.3769,7.7988,-0.3746,-1.7766,5.0513,5.3677
6.7,5,143.1259,145.5565,47.9486,-23.4795,3.3837,-3.4171,23.9669
6.7,6,71.3125,83.5154,41.6956,-4.6384,18.9485,29.0121,34.9609
6.7,7,119.3196,70.3495,28.6644,-2.2153,-0.7204,-13.639,13.8365
6.7,8,24.7674,21.2269,30.8395,-0.0281,0.032,-10.5179,10.518
6.7,9,36.6674,186.8226,29.8217,11.2742,-7.2422,1.1942,13.453
6.7,10,132.0424,89.4211,12.0579,-2.5313,3.1886,-17.2896,17.7625
6.7,11,106.5378,29.0899,46.7785,0.4151,0.8237,12.4934,12.5274
6.7,12,114.3652,52.3072,0.731,-0.2362,-0.123,15.4065,15.4088
6.7,13,169.1111,103.627,12.528,-14.8424,11.3654,15.283,24.1462
6.7,14,122.1715,60.1339,26.2107,8.7553,6.0226,-11.0779,15.3508
6.7,15,111.7653,171.9889,18.8915,-1.5773,-0.6807,16.7941,16.8818
6.7,16,92.205,158.6949,39.7952,-5.6139,-1.3607,-2.2548,6.2009
6.7,17,57.981,138.8228,45.0912,1.2926,2.4675,-32.4188,32.5383
6.7,18,3.5662,87.6206,7.0903,-1.1891,-0.8373,-17.145,17.2066
6.7,19,91.9149,126.1684,36.3296,-13.3447,-6.0111,2.4774,14.8443
6.7,20,49.8045,114.0306,26.3495,0.0469,-0.3135,7.5879,7.5945
6.7,21,82.6501,139.162,23.3871,-0.984,1.1659,23.977,24.0255
6.7,22,162.6673,27.5434,19.4514,0.2101,26.9614,-15.1248,30.9147
6.7,23,40.2892,72.1341,30.4522,5.9353,-1.8783,-0.3386,6.2346
6.7,24,2.4161,23.1464,12.5308,-2.6923,-1.0899,-8.896,9.3582
6.7,25,49.7122,103.0361,1.2063,9.233,1.5899,0.6538,9.3917
6.7,26,51.8107,68.9437,25.7755,9.4328,-19.8152,7.1079,23.0682
6.7,27,125.4585,24.0078,38.1244,7.6022,21.8711,-23.0007,32.6369
6.7,28,110.143,12.6107,47.786,3.8208,-16.5854,6.2555,18.1331
6.7,29,153.0742,122.6116,42.8252,-1.3196,-4.5593,14.5601,15.3142
6.7,30,133.5182,22.3956,39.4096,0.0824,-0.0163,-27.9751,27.9752
6.7,31,80.7004,167.9789,25.9227,17.5514,-3.8562,-20.5211,27.2771
6.7,32,147.9487,112.7054,33.5914,-1.161,7.51,-9.802,12.4027
6.7,33,27.094,69.7539,2.0212,0.3846,-3.7081,-9.09,9.8248
6.7,34,10.0664,122.4016,41.4926,-3.1985,7.1611,-13.6403,15.7343
6.7,35,23.0626,0.4102,31.1625,-17.9521,-18.9251,10.8926,28.2681
6.7,36,143.9216,195.418,12.6344,-6.6987,-4.7234,-24.5181,25.8519
6.7,37,106.0725,108.2632,10.1119,17.2218,6.1445,17.0128,24.9756
6.7,38,36.6889,153.5212,46.2971,10.3795,0.3381,28.0203,29.8829
6.7,39,84.7888,0.6666,7.5654,2.8452,1.0805,12.9614,13.3139
6.7,40,45.8817,111.4281,36.2665,9.2343,9.5822,7.3254,15.1905
6.7,41,144.3218,104.972,41.6868,-0.1751,3.6397,-5.1027,6.2702
6.7,42,89.7563,184.8267,15.5366,6.8585,-4.5389,-29.9538,31.0624
6.7,43,79.8235,131.0775,39.9625,-14.8661,-1.7484,-16.7623,22.4729
6.7,44,57.6358,110.7375,30.8139,0.4828,-1.5909,13.8442,13.9437
6.7,45,109.8201,49.0908,6.9699,0.4404,-0.7105,7.033,7.0825
6.7,46,78.7732,67.6314,24.0398,-2.3508,-24.7747,-9.6799,26.7023
6.7,47,15.2166,103.3079,28.4986,-18.1987,14.7904,-14.2907,27.4621
6.7,48,8.4367,72.2114,23.2931,16.3803,-18.8504,0.7856,24.9854
6.7,49,197.7274,7.1104,22.0199,-0.4403,-8.8063,-6.7648,11.1134
6.8,0,51.342,181.9422,19.2627,18.7743,-2.4122,-10.4478,21.6206
6.8,1,3.0514,147.2026,24.6122,3.0324,16.5868,-16.2259,23.4008
6.8,2,177.401,42.7404,7.2756,-17.7629,19.121,5.9977,26.7788
6.8,3,112.0307,190.4924,25.8523,-2.6458,1.2578,-14.7758,15.0634
6.8,4,146.574,155.6622,7.4445,2.85,2.8523,-3.5431,5.3677
6.8,5,142.8769,145.7821,45.5756,-2.4896,2.2561,-23.7302,23.9669
6.8,6,73.2743,81.0423,43.1983,19.6177,-24.7309,15.0264,34.9609
6.8,7,120.179,71.3932,28.9586,8.5944,10.437,2.9415,13.8365
6.8,8,23.9747,20.7646,30.3255,-7.9273,-4.6227,-5.1399,10.518
6.8,9,36.1671,187.1551,28.618,-5.0027,3.3251,-12.0374,13.453
6.8,10,132.1545,89.6266,13.8187,1.121,2.0555,17.6075,17.7625
6.8,11,107.7431,29.1835,47.1068,12.0534,0.9361,3.2826,12.5274
6.8,12,114.1747,53.5965,1.553,-1.9047,12.8931,8.2202,15.4088
6.8,13,171.335,104.5372,12.7654,22.2387,9.1019,2.3742,24.1462
6.8,14,121.5448,60.7469,27.4709,-6.2671,6.1294,12.6017,15.3508
6.8,15,111.9647,171.4872,20.491,1.9941,-5.0172,15.9952,16.8818
6.8,16,92.0955,158.1268,39.5719,-1.0952,-5.6801,-2.2335,6.2009
6.8,17,60.5263,137.9493,46.9204,25.4531,-8.7353,18.2914,32.5383
6.8,18,2.5463,88.1241,5.7992,-10.1992,5.0351,-12.9109,17.2066
6.8,19,91.5694,124.8958,37.0112,-3.4556,-12.7261,6.8161,14.8443
6.8,20,49.4385,113.4086,26.1129,-3.6602,-6.2195,-2.366,7.5945
6.8,21,82.6606,139.2121,20.9851,0.1052,0.5009,-24.02,24.0255
6.8,22,162.5251,27.9497,22.5128,-1.4222,4.0635,30.6135,30.9147
6.8,23,40.0432,72.0875,31.0231,-2.4602,-0.4666,5.7096,6.2346
6.8,24,2.6302,22.4371,11.9592,2.1412,-7.0933,-5.7162,9.3582
6.8,25,49.7058,103.0376,2.1454,-0.0643,0.0157,9.3915,9.3917
6.8,26,52.0807,70.8613,24.522,2.6994,19.1758,-12.5358,23.0682
6.8,27,128.6923,23.875,37.7036,32.3372,-1.3284,-4.208,32.6369
6.8,28,110.7537,13.1531,49.4049,6.1074,5.424,16.1891,18.1331
6.8,29,154.2782,122.2691,41.9431,12.0404,-3.4253,-8.8216,15.3142
6.8,30,134.5202,19.8198,38.9766,10.0201,-25.7578,-4.3294,27.9752
6.8,31,81.9547,165.9717,27.2786,12.5431,-20.0719,13.5583,27.2771
6.8,32,148.0864,112.2307,32.4538,1.3764,-4.7469,-11.3754,12.4027
6.8,33,27.3417,70.6745,1.7839,2.477,9.2065,-2.373,9.8248
6.8,34,9.1922,121.4398,40.6058,-8.7422,-9.6176,-8.8681,15.7343
6.8,35,23.1644,1.9897,32.6529,1.0184,23.9982,14.9042,28.2681
6.8,36,143.8925,194.3474,10.2815,-0.2903,-10.7062,-23.529,25.8519
6.8,37,105.8473,109.9156,8.2527,-2.2528,16.524,-18.5921,24.9756
6.8,38,37.6759,155.6575,48.1388,9.8697,21.363,18.4173,29.8829
6.8,39,84.493,1.2201,6.3911,-2.958,5.5343,-11.7423,13.3139
6.8,40,44.4198,111.6142,35.8981,-14.6189,1.8613,-3.6843,15.1905
6.8,41,143.8818,104.752,42.0756,-4.4002,-2.1997,3.8877,6.2702
6.8,42,90.8407,183.0433,17.8372,10.8438,-17.8335,23.0054,31.0624
6.8,43,79.9023,130.4223,37.8143,0.7874,-6.5528,-21.4819,22.4729
6.8,44,57.356,110.1784,32.0602,-2.7981,-5.5912,12.4633,13.9437
6.8,45,109.7744,49.6289,7.4282,-0.4572,5.381,4.5823,7.0825
6.8,46,76.4567,67.9407,22.7483,-23.1654,3.0922,-12.9157,26.7023
6.8,47,14.2675,104.9028,30.5228,-9.4908,15.9482,20.2422,27.4621
6.8,48,8.6147,74.0859,24.9354,1.7805,18.7455,16.4227,24.9854
6.8,49,198.7812,7.1783,22.3663,10.538,0.6793,3.4638,11.1134
6.9,0,49.4796,181.2253,18.4309,-18.6244,-7.1691,-8.3177,21.6206
6.9,1,2.8533,145.1478,23.5101,-1.981,-20.5479,-11.0208,23.4008
6.9,2,177.4484,42.7401,4.5981,0.4744,-0.0022,-26.7746,26.7788
6.9,3,111.9565,190.4525,27.3563,-0.7412,-0.3988,15.0398,15.0634
6.9,4,146.7568,155.1893,7.6207,1.8284,-4.7289,1.7627,5.3677
6.9,5,142.7947,143.4989,44.8517,-0.8219,-22.8326,-7.2392,23.9669
6.9,6,75.4107,78.3167,43.6775,21.3642,-27.2556,4.7921,34.9609
6.9,7,120.3476,71.3436,27.5861,1.6857,-0.4952,-13.7245,13.8365
6.9,8,24.1657,21.2758,29.4264,1.9104,5.1123,-8.9913,10.518
6.9,9,36.7981,188.229,29.1264,6.3093,10.7391,5.0841,13.453
6.9,10,130.6349,88.7104,13.8982,-15.1963,-9.1622,0.7956,17.7625
6.9,11,107.0053,29.4268,48.0896,-7.3778,2.4334,9.8276,12.5274
6.9,12,112.953,53.0148,2.29,-12.2179,-5.8172,7.3699,15.4088
6.9,13,172.0167,102.3478,13.5219,6.8172,-21.8937,7.5651,24.1462
6.9,14,122.3102,60.3967,28.7546,7.6543,-3.5016,12.8374,15.3508
6.9,15,111.6527,171.6653,18.8415,-3.1198,1.7817,-16.4951,16.8818
6.9,16,91.9931,157.6253,39.9219,-1.0244,-5.0154,3.4997,6.2009
6.9,17,61.3582,140.3445,48.9595,8.3188,23.9526,20.3914,32.5383
6.9,18,1.2681,87.8422,4.6824,-12.7825,-2.8195,-11.1681,17.2066
6.9,19,92.4174,125.0127,35.7984,8.4801,1.1691,-12.1274,14.8443
6.9,20,48.9659,113.3975,25.5185,-4.7257,-0.1114,-5.9441,7.5945
6.9,21,81.3162,138.8184,19.0331,-13.4436,-3.9366,-19.5192,24.0255
6.9,22,162.2436,24.8798,22.7435,-2.8153,-30.6997,2.3076,30.9147
6.9,23,39.891,71.8795,30.4554,-1.5213,-2.0798,-5.6772,6.2346
6.9,24,2.1132,23.075,12.4082,-5.1697,6.3789,4.4899,9.3582
6.9,25,50.01,103.0486,1.2569,3.0423,0.1096,-8.8846,9.3917
6.9,26,52.2263,70.9905,22.2234,1.4561,1.2916,-22.986,23.0682
6.9,27,131.4047,23.4114,35.9487,27.1239,-4.6355,-17.5491,32.6369
6.9,28,111.6617,12.6711,47.9111,9.0798,-4.8197,-14.9377,18.1331
6.9,29,154.2535,122.3177,43.4735,-0.2479,0.4858,15.3045,15.3142
6.9,30,134.3936,22.0949,37.3537,-1.2668,22.751,-16.2297,27.9752
6.9,31,80.3404,166.6533,25.1881,-16.1431,6.8158,-20.9042,27.2771
6.9,32,147.8215,111.5625,31.4431,-2.6486,-6.6822,-10.1074,12.4027
6.9,33,26.778,71.3842,1.4047,-5.6368,7.0972,-3.7925,9.8248
6.9,34,10.5484,122.0501,41.1194,13.5626,6.1026,5.1363,15.7343
6.9,35,21.6993,3.0154,34.8419,-14.6519,10.257,21.8907,28.2681
6.9,36,143.736,196.6969,9.2145,-1.5655,23.4952,-10.6698,25.8519
6.9,37,104.8019,111.9694,9.2155,-10.4533,20.538,9.6281,24.9756
6.9,38,39.2275,158.2059,47.9705,15.5158,25.4835,-1.6833,29.8829
6.9,39,84.1584,0.7011,7.5707,-3.3464,-5.1892,11.7955,13.3139
6.9,40,42.9571,111.3672,36.225,-14.6274,-2.4707,3.2691,15.1905
6.9,41,143.8171,105.2431,41.6911,-0.6474,4.9106,-3.8447,6.2702
6.9,42,88.4898,182.2159,19.6912,-23.509,-8.2744,18.54,31.0624
6.9,43,78.6998,130.4774,39.712,-12.0251,0.5514,18.9769,22.4729
6.9,44,57.7509,108.8496,31.9091,3.9487,-13.2872,-1.5109,13.9437
6.9,45,109.8018,49.6211,8.1358,0.274,-0.0778,7.0768,7.0825
6.9,46,77.1313,68.6652,25.2282,6.7467,7.2454,24.7992,26.7023
6.9,47,15.4551,103.8413,28.2857,11.876,-10.6151,-22.3707,27.4621
6.9,48,8.18,72.5967,26.8939,-4.3473,-14.8926,19.5852,24.9854
6.9,49,198.4083,6.1904,22.7128,-3.7291,-9.8788,3.4658,11.1134
7.0,0,47.3889,180.7606,18.1351,-20.907,-4.6472,-2.9582,21.6206
7.0,1,0.8095,144.9683,24.6355,-20.4385,-1.7946,11.2536,23.4008
7.0,2,178.0493,41.9493,7.085,6.0091,-7.9087,24.8686,26.7788
7.0,3,110.8042,189.4885,27.2482,-11.5239,-9.6403,-1.0815,15.0634
7.0,4,146.2376,155.0639,7.6735,-5.1925,-1.2537,0.5273,5.3677
7.0,5,145.0539,144.2151,44.495,22.5919,7.162,-3.5671,23.9669
7.0,6,74.6617,78.569,40.2719,-7.4907,2.5225,-34.0557,34.9609
7.0,7,121.0664,70.875,28.6716,7.1878,-4.6866,10.8544,13.8365
7.0,8,24.0688,20.8807,28.4564,-0.9686,-3.9511,-9.6994,10.518
7.0,9,38.0056,188.6294,28.6889,12.0754,4.0037,-4.3749,13.453
7.0,10,131.8769,87.6013,13.2799,12.4205,-11.0907,-6.1833,17.7625
7.0,11,107.4526,28.5713,47.2912,4.4725,-8.555,-7.984,12.5274
7.0,12,111.5465,52.59,1.8254,-14.0642,-4.2479,-4.646,15.4088
7.0,13,174.245,102.6636,14.3967,22.2831,3.1578,8.7482,24.1462
7.0,14,121.1335,59.9099,27.8973,-11.7667,-4.8678,-8.573,15.3508
7.0,15,112.4728,171.9582,17.3952,8.2007,2.9285,-14.4626,16.8818
7.0,16,91.8872,157.8489,40.4905,-1.0587,2.236,5.686,6.2009
7.0,17,61.1529,140.1289,47.8003,-2.053,-2.1564,-32.4018,32.5383
7.0,18,2.7251,86.9545,4.4592,14.5701,-8.8766,-2.2325,17.2066
7.0,19,91.6211,126.0028,35.0309,-7.9626,9.9012,-7.6757,14.8443
7.0,20,49.0379,113.3105,24.7675,0.7196,-0.8696,-7.5102,7.5945
7.0,21,81.5581,138.6822,16.6467,2.4181,-1.362,-23.8647,24.0255
7.0,22,165.1362,25.2645,21.7227,28.926,3.8471,-10.2082,30.9147
7.0,23,39.9,72.0147,31.064,0.09,1.3524,6.0855,6.2346
7.0,24,1.9384,22.3966,13.0286,-1.7482,-6.7843,6.2043,9.3582
7.0,25,50.046,102.2135,0.8286,0.3593,-8.3505,-4.2829,9.3917
7.0,26,52.0459,71.1351,24.5186,-1.8035,1.4464,22.9521,23.0682
7.0,27,129.6451,20.7599,35.2243,-17.5959,-26.5157,-7.2438,32.6369
7.0,28,110.6063,11.7736,46.7413,-10.5544,-8.9752,-11.6986,18.1331
7.0,29,154.1578,120.8301,43.1224,-0.957,-14.8754,-3.5117,15.3142
7.0,30,134.056,20.4029,35.1515,-3.3757,-16.9197,-22.0214,27.9752
7.0,31,81.1633,167.146,27.7417,8.2281,4.9271,25.5355,27.2771
7.0,32,148.4343,112.505,30.9192,6.1276,9.4249,-5.2394,12.4027
7.0,33,27.3585,72.0241,1.8725,5.8054,6.3984,4.6781,9.8248
7.0,34,11.8962,121.4414,40.582,13.4771,-6.0872,-5.3741,15.7343
7.0,35,22.4345,2.5714,37.5351,7.3525,-4.4396,26.9317,28.2681
7.0,36,144.4201,194.4687,10.3327,6.8414,-22.2819,11.1818,25.8519
7.0,37,106.6562,113.6401,9.1234,18.5424,16.7066,-0.9216,24.9756
7.0,38,38.1511,157.6636,45.236,-10.7636,-5.4224,-27.3446,29.8829
7.0,39,84.3135,1.0739,8.8394,1.5516,3.7279,12.6868,13.3139
7.0,40,41.9396,112.473,36.4476,-10.1746,11.0577,2.2262,15.1905
7.0,41,143.7646,105.7296,41.2992,-0.5246,4.8659,-3.9196,6.2702
7.0,42,89.0429,181.1937,22.5718,5.5307,-10.2224,28.806,31.0624
7.0,43,78.9352,130.7788,37.4975,2.3547,3.0141,-22.145,22.4729
7.0,44,57.0448,107.9253,31.1402,-7.061,-9.2436,-7.6892,13.9437
7.0,45,110.5017,49.5501,8.2176,6.9992,-0.7107,0.8176,7.0825
7.0,46,76.2301,66.5066,23.9404,-9.0121,-21.5861,-12.8776,26.7023
7.0,47,17.8615,105.1492,28.0852,24.0643,13.0789,-2.0055,27.4621
7.0,48,9.7237,71.5874,25.2084,15.4377,-10.0922,-16.8551,24.9854
7.0,49,198.1335,5.8448,21.693,-2.7487,-3.4567,-10.1982,11.1134
7.1,0,49.4788,181.2533,18.3882,20.8988,4.9277,2.5312,21.6206
7.1,1,1.7302,146.3728,23.0058,9.2068,14.0442,-16.297,23.4008
7.1,2,180.2178,41.2888,5.6594,21.6853,-6.6047,-14.256,26.7788
7.1,3,109.4653,188.802,27.3209,-13.3886,-6.8646,0.7268,15.0634
7.1,4,145.7068,155.1008,7.7442,-5.3081,0.3688,0.7076,5.3677
7.1,5,144.977,144.2835,42.1005,-0.7694,0.6842,-23.9448,23.9669
7.1,6,74.5468,78.1393,43.7396,-1.1487,-4.2962,34.6769,34.9609
7.1,7,121.9154,71.9179,28.9972,8.4898,10.4294,3.2557,13.8365
7.1,8,23.9036,21.8779,28.7472,-1.6521,9.9722,2.9077,10.518
7.1,9,37.5433,187.9407,27.6297,-4.6232,-6.8865,-10.5917,13.453
7.1,10,130.6917,87.7582,14.5936,-11.8516,1.568,13.1372,17.7625
7.1,11,107.5685,27.6581,48.1408,1.1591,-9.1322,8.4968,12.5274
7.1,12,111.9088,52.3166,0.3528,3.6224,-2.7337,-14.7254,15.4088
7.1,13,175.2717,100.5967,15.1067,10.2668,-20.6695,7.0995,24.1462
7.1,14,121.6756,61.1456,28.6292,5.4206,12.3572,7.3189,15.3508
7.1,15,113.1726,172.4114,18.8631,6.9985,4.5326,14.6789,16.8818
7.1,16,92.0685,158.176,39.9959,1.8133,3.2712,-4.946,6.2009
7.1,17,61.4081,138.9356,49.1834,2.5519,-11.9328,-30.1635,32.5383
7.1,18,4.1888,86.0742,4.2515,14.6379,-8.8026,-2.0771,17.2066
7.1,19,92.0166,125.8027,33.6142,3.9552,-2.0013,-14.167,14.8443
7.1,20,48.9641,113.5467,24.0495,-0.7381,2.3614,-7.1803,7.5945
7.1,21,82.3101,137.5028,14.6933,7.5202,-11.7939,-19.534,24.0255
7.1,22,162.7991,24.723,19.7728,-23.3705,-5.4148,-19.4992,30.9147
7.1,23,40.1753,71.4554,31.0569,2.7529,-5.5934,-0.0704,6.2346
7.1,24,1.3046,22.1978,13.6877,-6.3388,-1.9878,6.5912,9.3582
7.1,25,50.3623,102.6261,0.0465,3.1632,4.1256,-7.8216,9.3917
7.1,26,52.0927,71.1605,26.8248,0.4679,0.2542,23.0621,23.0682
7.1,27,131.1741,20.3387,32.3719,15.29,-4.2119,-28.5244,32.6369
7.1,28,109.0648,12.5493,47.2982,-15.4149,7.7566,5.5697,18.1331
7.1,29,153.9576,121.1038,44.6158,-2.0018,2.7364,14.9342,15.3142
7.1,30,133.1858,21.506,37.5706,-8.7022,11.0311,24.1909,27.9752
7.1,31,79.3968,168.8272,28.9639,-17.6642,16.8118,12.2221,27.2771
7.1,32,149.3438,112.1775,31.6961,9.0958,-3.2749,7.7697,12.4027
7.1,33,27.7298,72.1784,0.9761,3.7126,1.5434,-8.9644,9.8248
7.1,34,11.9312,121.4739,39.0093,0.3501,0.3249,-15.7271,15.7343
7.1,35,23.1167,0.1097,36.9545,6.8214,26.8112,-5.8064,28.2681
7.1,36,143.7369,194.2495,7.8491,-6.8319,-2.1918,-24.8363,25.8519
7.1,37,108.213,115.2677,8.044,15.5683,16.2761,-10.7934,24.9756
7.1,38,40.0377,158.0786,42.9561,18.8664,4.15,-22.7996,29.8829
7.1,39,84.3693,1.4153,10.1251,0.5575,3.4136,12.8568,13.3139
7.1,40,41.9017,113.0306,37.8601,-0.3794,5.5766,14.1248,15.1905
7.1,41,144.101,105.7598,41.8275,3.3638,0.3012,5.2829,6.2702
7.1,42,89.5568,183.5693,24.5059,5.1396,23.7567,19.341,31.0624
7.1,43,78.8586,129.7358,35.5083,-0.7669,-10.4296,-19.8913,22.4729
7.1,44,57.1746,107.7589,29.7619,1.2981,-1.6642,-13.783,13.9437
7.1,45,111.0049,49.1759,8.5468,5.032,-3.7419,3.2922,7.0825
7.1,46,74.3756,68.0425,25.0945,-18.5454,15.359,11.5404,26.7023
7.1,47,16.7977,107.4318,26.99,-10.6387,22.8263,-10.9521,27.4621
7.1,48,12.2131,71.5853,24.9942,24.8934,-0.0218,-2.1413,24.9854
7.1,49,198.2681,4.7423,21.6551,1.3464,-11.0251,-0.3788,11.1134
7.2,0,49.6155,183.4111,18.3987,1.3673,21.5771,0.1047,21.6206
7.2,1,1.0461,147.9766,24.5665,-6.8409,16.0382,15.6069,23.4008
7.2,2,178.917,42.0212,3.4362,-13.0083,7.3237,-22.2318,26.7788
7.2,3,108.2832,187.9066,27.0562,-11.8205,-8.9542,-2.6462,15.0634
7.2,4,146.2203,154.9544,7.799,5.1353,-1.4633,0.5476,5.3677
7.2,5,143.2586,143.8597,43.7167,-17.1831,-4.2379,16.1615,23.9669
7.2,6,74.5008,77.7525,47.2139,-0.46,-3.8688,34.7431,34.9609
7.2,7,122.1379,71.3234,30.2266,2.2253,-5.9455,12.2942,13.8365
7.2,8,24.6418,22.5165,29.1391,7.3819,6.386,3.9186,10.518
7.2,9,36.8005,186.8749,27.9791,-7.4283,-10.658,3.4944,13.453
7.2,10,129.0186,87.947,15.1594,-16.7311,1.8886,5.6577,17.7625
7.2,11,106.4546,27.113,48.318,-11.1392,-5.451,1.7721,12.5274
7.2,12,112.1862,52.3849,1.1613,2.7742,0.683,15.1416,15.4088
7.2,13,176.902,99.5068,16.5155,16.3031,-10.8984,14.088,24.1462
7.2,14,122.8174,60.7966,29.594,11.4183,-3.4904,9.6482,15.3508
7.2,15,114.8591,172.4483,18.9293,16.8648,0.369,0.6617,16.8818
7.2,16,92.1254,158.4149,40.5653,0.5689,2.389,5.6939,6.2009
7.2,17,62.592,141.4597,49.1389,11.8397,25.2405,-16.7772,32.5383
7.2,18,4.4943,84.5414,3.5319,3.0545,-15.3284,-7.1956,17.2066
7.2,19,91.9417,125.7497,32.1326,-0.749,-0.5305,-14.8159,14.8443
7.2,20,49.0259,113.6726,23.3031,0.6187,1.2597,-7.4637,7.5945
7.2,21,83.1499,135.5271,13.6147,8.3985,-19.7572,-10.7862,24.0255
7.2,22,160.9411,27.1664,19.4056,-18.5805,24.4337,-3.6717,30.9147
7.2,23,39.8726,71.5314,30.5172,-3.0269,0.7598,-5.3973,6.2346
7.2,24,0.9062,22.5388,12.9126,-3.9832,3.4104,-7.751,9.3582
7.2,25,49.7463,102.5429,0.6576,-6.1595,-0.8325,7.0407,9.3917
7.2,26,50.6366,71.3432,28.6046,-14.5615,1.8263,17.7981,23.0682
7.2,27,130.8435,22.4615,34.8287,-3.3054,21.2282,24.5684,32.6369
7.2,28,107.5593,13.3217,46.6463,-15.0549,7.7238,-6.5193,18.1331
7.2,29,154.6196,120.6739,43.3034,6.6199,-4.2988,-13.1233,15.3142
7.2,30,132.2308,21.4887,34.9412,-9.5498,-0.1737,-26.2942,27.9752
7.2,31,80.0347,168.4574,26.3377,6.3792,-3.698,-26.2616,27.2771
7.2,32,148.2327,111.8155,31.2807,-11.1114,-3.6201,-4.1543,12.4027
7.2,33,27.7463,72.0393,0.0036,0.1652,-1.3911,-9.7244,9.8248
7.2,34,11.5624,122.7864,38.2239,-3.6877,13.1256,-7.8542,15.7343
7.2,35,23.2023,0.2201,39.7607,0.8561,3.2985,28.0619,28.2681
7.2,36,143.5047,196.8235,7.91,-2.3225,25.7402,0.6094,25.8519
7.2,37,109.5237,115.4295,10.1638,13.1074,1.6182,21.1981,24.9756
7.2,38,40.6657,159.0782,40.2108,6.2795,9.9959,-27.4524,29.8829
7.2,39,85.3534,1.55,9.2386,9.8418,1.3473,-8.8648,13.3139
7.2,40,42.1417,112.9477,39.3578,2.3998,-0.829,14.9768,15.1905
7.2,41,144.6865,105.7597,41.6032,5.8553,-0.0008,-2.243,6.2702
7.2,42,89.7698,180.8028,25.9022,2.1301,-27.6652,13.9633,31.0624
7.2,43,78.9896,129.8416,37.7493,1.31,1.058,22.4097,22.4729
7.2,44,58.283,106.9423,29.9834,11.0835,-8.1654,2.2153,13.9437
7.2,45,110.9822,48.5964,8.1402,-0.2267,-5.7945,-4.0662,7.0825
7.2,46,73.0629,70.3524,25.362,-13.1262,23.0988,2.6756,26.7023
7.2,47,16.3286,107.4251,24.2841,-4.6902,-0.0671,-27.0586,27.4621
7.2,48,11.7583,70.8508,22.6498,-4.5477,-7.3443,-23.4446,24.9854
7.2,49,198.2928,4.746,20.5441,0.2475,0.0377,-11.1106,11.1134
7.3,0,49.6249,183.4027,20.5607,0.0937,-0.0834,21.6202,21.6206
7.3,1,0.9921,147.8765,26.9038,-0.5398,-1.0009,23.3731,23.4008
7.3,2,178.1169,44.5745,3.5423,-8.0011,25.5336,1.0613,26.7788
7.3,3,108.5474,189.3486,27.4026,2.6418,14.4196,3.4642,15.0634
7.3,4,146.1508,154.7991,8.3081,-0.6946,-1.5534,5.0909,5.3677
7.3,5,143.3532,143.8073,46.1109,0.9459,-0.5236,23.9425,23.9669
7.3,6,73.82,79.8868,49.8979,-6.8074,21.3432,26.8401,34.9609
7.3,7,122.0156,71.5768,28.8718,-1.2229,2.5341,-13.5474,13.8365
7.3,8,25.1856,21.8086,28.5829,5.4378,-7.0798,-5.562,10.518
7.3,9,37.1371,186.6082,29.254,3.3668,-2.667,12.7489,13.453
7.3,10,130.032,87.3394,16.4857,10.1334,-6.0759,13.2628,17.7625
7.3,11,106.2116,27.9871,49.182,-2.4297,8.7402,8.6394,12.5274
7.3,12,113.1549,53.2982,1.937,9.6875,9.133,7.757,15.4088
7.3,13,174.736,100.3644,15.8803,-21.6596,8.576,-6.3522,24.1462
7.3,14,122.402,62.2012,29.1345,-4.1539,14.0457,-4.5948,15.3508
7.3,15,115.5699,171.8127,20.3224,7.1078,-6.3569,13.9307,16.8818
7.3,16,92.6068,158.5277,40.191,4.8141,1.1281,-3.7421,6.2009
7.3,17,60.7786,139.4317,49.0761,-18.1342,-20.2798,-17.8499,32.5383
7.3,18,5.5783,83.8164,4.6544,10.8405,-7.2501,11.2244,17.2066
7.3,19,92.6307,125.6479,33.4435,6.8897,-1.0172,13.1092,14.8443
7.3,20,48.6495,113.1537,22.8959,-3.7639,-5.1895,-4.0717,7.5945
7.3,21,84.806,134.9881,15.2697,16.5609,-5.3898,16.5502,24.0255
7.3,22,161.8436,27.6309,16.4856,9.0251,4.6457,-29.2008,30.9147
7.3,23,39.7065,71.734,29.9515,-1.661,2.0264,-5.6573,6.2346
7.3,24,1.8093,22.5883,12.6723,9.0308,0.495,-2.4031,9.3582
7.3,25,49.9073,102.5237,0.2675,1.61,-0.1912,9.2507,9.3917
7.3,26,50.9456,71.1266,30.8803,3.0902,-2.1653,22.7575,23.0682
7.3,27,131.8182,22.6351,37.9386,9.7469,1.736,31.0991,32.6369
7.3,28,107.8351,13.3532,44.8544,2.7586,0.3157,-17.9192,18.1331
7.3,29,154.1201,121.2265,44.6415,-4.9947,5.526,13.3806,15.3142
7.3,30,132.0808,24.2811,35.0192,-1.4994,27.9241,0.7798,27.9752
7.3,31,81.2915,166.6555,27.9546,12.5677,-18.0183,16.1688,27.2771
7.3,32,148.4627,112.1804,32.4435,2.3002,3.6491,11.6284,12.4027
7.3,33,27.9873,71.1164,0.2389,2.4099,-9.2295,2.3528,9.8248
7.3,34,11.0327,122.5977,36.7544,-5.297,-1.8868,-14.6952,15.7343
7.3,35,23.1858,0.2361,36.9339,-0.1643,0.1595,-28.2672,28.2681
7.3,36,145.0798,198.8733,7.885,15.7515,20.4975,-0.25,25.8519
7.3,37,109.9204,115.4238,12.6297,3.9661,-0.0575,24.6586,24.9756
7.3,38,38.5187,157.1126,40.8867,-21.4696,-19.6561,6.7587,29.8829
7.3,39,84.2146,2.006,8.7211,-11.3881,4.5601,-5.1745,13.3139
7.3,40,42.0401,113.0544,37.8459,-1.0162,1.0669,-15.1189,15.1905
7.3,41,144.8238,105.6673,42.2079,1.373,-0.9239,6.0478,6.2702
7.3,42,90.9202,178.405,24.2972,11.5032,-23.9778,-16.0502,31.0624
7.3,43,79.6639,128.1748,39.0974,6.7435,-16.6682,13.4806,22.4729
7.3,44,57.4315,106.1802,30.7825,-8.5145,-7.6213,7.9903,13.9437
7.3,45,111.3686,48.2684,7.6456,3.8638,-3.2809,-4.9466,7.0825
7.3,46,72.901,70.8585,22.7452,-1.6193,5.0617,-26.1681,26.7023
7.3,47,15.5919,104.9641,23.3134,-7.3674,-24.6102,-9.7071,27.4621
7.3,48,10.0277,72.0358,21.292,-17.3064,11.8494,-13.5774,24.9854
7.3,49,197.5659,4.2179,21.198,-7.2696,-5.2816,6.5395,11.1134
7.4,0,50.0672,182.4594,18.6662,4.4231,-9.433,-18.9448,21.6206
7.4,1,1.3936,150.1725,27.1111,4.0153,22.9603,2.0734,23.4008
7.4,2,175.5169,44.1084,3.9824,-26.0003,-4.661,4.4005,26.7788
7.4,3,109.8618,189.6914,28.0538,13.1434,3.4282,6.5119,15.0634
7.4,4,146.2673,155.3089,8.1867,1.1645,5.0975,-1.2133,5.3677
7.4,5,143.5301,141.4183,46.1822,1.7688,-23.8909,0.7133,23.9669
7.4,6,74.3269,78.0742,46.9517,5.0688,-18.1258,-29.4622,34.9609
7.4,7,122.2426,70.2213,28.7114,2.2696,-13.5545,-1.6041,13.8365
7.4,8,25.7921,22.5646,28.1744,6.0654,7.5599,-4.0851,10.518
7.4,9,36.0304,186.2407,29.9247,-11.0675,-3.6758,6.7069,13.453
7.4,10,128.4939,88.1512,16.1245,-15.3806,8.1178,-3.6117,17.7625
7.4,11,107.011,27.9442,49.8544,7.9938,-0.428,-9.636,12.5274
7.4,12,112.3049,52.063,1.582,-8.5003,-12.3519,-3.5504,15.4088
7.4,13,176.2322,99.7192,14.0983,14.962,-6.4521,-17.8199,24.1462
7.4,14,123.1129,63.1218,28.1328,7.1089,9.2065,-10.0176,15.3508
7.4,15,115.3418,171.8854,18.6512,-2.2805,0.7272,-16.7112,16.8818
7.4,16,92.6901,157.9182,40.2686,0.8327,-6.0956,0.7756,6.2009
7.4,17,59.6664,140.6485,48.1186,-11.1225,12.1684,-28.0528,32.5383
7.4,18,4.8101,82.9721,5.9419,-7.6819,-8.4432,12.875,17.2066
7.4,19,91.1785,125.541,33.1552,-14.5224,-1.0697,-2.8827,14.8443
7.4,20,49.0879,113.1314,22.2761,4.3831,-0.2225,-6.1981,7.5945
7.4,21,85.2659,135.8751,17.4546,4.5988,8.8697,21.8496,24.0255
7.4,22,162.3475,27.4142,13.4431,5.0391,-2.1675,-30.4242,30.9147
7.4,23,39.2238,72.0775,29.7573,-4.8273,3.435,-1.9411,6.2346
7.4,24,1.4101,22.6697,13.5148,-3.9922,0.8139,8.4247,9.3582
7.4,25,49.0348,102.3652,0.0418,-8.725,-1.5851,3.093,9.3917
7.4,26,50.8651,71.9576,28.7299,-0.8048,8.3098,-21.5045,23.0682
7.4,27,134.1759,22.0872,35.7493,23.5764,-5.4792,-21.8929,32.6369
7.4,28,109.2998,12.4428,45.4149,14.6462,-9.1039,5.605,18.1331
7.4,29,154.8139,121.1072,43.2815,6.9379,-1.1927,-13.6003,15.3142
7.4,30,134.553,24.2332,36.3277,24.7216,-0.4785,13.0854,27.9752
7.4,31,79.9992,164.3118,27.428,-12.9231,-23.4372,-5.2658,27.2771
7.4,32,147.4358,112.5021,31.827,-10.2695,3.2169,-6.1657,12.4027
7.4,33,28.3864,70.5724,0.4753,3.9905,-5.4395,7.1424,9.8248
7.4,34,11.8526,122.7213,38.0916,8.1988,1.2355,13.3724,15.7343
7.4,35,24.541,2.0751,36.0324,13.5517,23.1118,-9.0158,28.2681
7.4,36,143.1872,198.9056,9.6457,-18.9268,0.3228,17.6066,25.8519
7.4,37,108.7819,113.25,12.1644,-11.384,-21.7379,-4.6526,24.9756
7.4,38,37.9209,157.7176,38.022,-5.978,6.0501,-28.6469,29.8829
7.4,39,83.3274,2.9674,8.4737,-8.8724,9.6135,-2.474,13.3139
7.4,40,43.5286,113.355,37.8826,14.8855,3.0064,0.3668,15.1905
7.4,41,144.2722,105.9537,42.1251,-5.5162,2.8637,-0.828,6.2702
7.4,42,89.4983,179.3282,26.9,-14.2188,9.2312,26.0285,31.0624
7.4,43,79.7619,128.7882,41.2571,0.9798,6.1342,21.5973,22.4729
7.4,44,57.4461,107.0458,31.8755,0.1456,8.656,10.9306,13.9437
7.4,45,110.7776,47.9231,7.8277,-5.91,-3.4521,1.8212,7.0825
7.4,46,71.8074,73.2697,23.0919,-10.9365,24.1119,3.4673,26.7023
7.4,47,16.7841,102.8035,24.5186,11.9221,-21.6052,12.0519,27.4621
7.4,48,11.5298,73.3006,19.7473,15.0214,12.6486,-15.4479,24.9854
7.4,49,197.0188,3.9276,22.1208,-5.4707,-2.903,9.2278,11.1134
7.5,0,50.8409,181.4855,16.8978,7.7373,-9.7392,-17.6842,21.6206
7.5,1,1.2478,151.5152,29.0221,-1.4581,13.4264,19.1102,23.4008
7.5,2,177.4846,42.7314,2.798,19.6772,-13.7707,-11.8441,26.7788
7.5,3,110.7362,188.4674,27.9753,8.7448,-12.24,-0.7853,15.0634
7.5,4,145.9597,155.4668,7.7762,-3.076,1.5798,-4.1054,5.3677
7.5,5,145.2109,140.3367,47.5049,16.8075,-10.8151,13.227,23.9669
7.5,6,75.9408,79.5982,49.6527,16.1392,15.2397,27.01,34.9609
7.5,7,123.4352,70.4332,28.0427,11.9262,2.119,-6.6877,13.8365
7.5,8,25.6879,22.7121,29.2105,-1.0417,1.475,10.3619,10.518
7.5,9,35.912,186.189,28.5856,-1.1841,-0.5163,-13.3909,13.453
7.5,10,128.0652,88.7302,14.5009,-4.2875,5.7901,-16.2357,17.7625
7.5,11,108.1364,27.5155,49.8007,11.2541,-4.2876,-3.4492,12.5274
7.5,12,112.2681,53.3051,2.4932,-0.3677,12.4204,9.1121,15.4088
7.5,13,175.8988,101.3975,12.3945,-3.3342,16.7825,-17.0373,24.1462
7.5,14,122.1111,61.988,28.3923,-10.0179,-11.3383,2.5951,15.3508
7.5,15,116.7622,171.9199,17.7395,14.2035,0.3449,-9.1179,16.8818
7.5,16,92.6042,157.3131,40.3735,-0.859,-6.051,1.0486,6.2009
7.5,17,57.6168,142.6355,49.6802,-20.4962,19.8698,15.6152,32.5383
7.5,18,4.9555,82.9516,7.6562,1.4538,-0.2046,17.1438,17.2066
7.5,19,90.6495,124.1694,32.9493,-5.2898,-13.7161,-2.0594,14.8443
7.5,20,49.7303,113.3501,22.6171,6.4241,2.1866,3.4099,7.5945
7.5,21,87.2129,137.1563,18.0378,19.4699,12.8117,5.8314,24.0255
7.5,22,164.5564,28.7806,11.7666,22.0895,13.6643,-16.765,30.9147
7.5,23,39.6493,71.947,29.3208,4.255,-1.3054,-4.3659,6.2346
7.5,24,1.3957,22.6371,14.4499,-0.1435,-0.3263,9.3514,9.3582
7.5,25,48.5243,102.6149,0.7059,-5.1048,2.4966,7.4775,9.3917
7.5,26,51.2974,73.3021,30.5539,4.3235,13.4449,18.2397,23.0682
7.5,27,135.1927,21.0528,32.8256,10.168,-10.3433,-29.2369,32.6369
7.5,28,109.6132,13.4404,46.8963,3.134,9.9761,14.8143,18.1331
7.5,29,154.5871,120.2946,42.0034,-2.2683,-8.1265,-12.7804,15.3142
7.5,30,134.5771,23.9461,39.1104,0.2409,-2.8713,27.8264,27.9752
7.5,31,79.3692,166.498,28.9327,-6.3003,21.8621,15.0464,27.2771
7.5,32,147.0895,112.4914,30.6361,-3.463,-0.107,-11.9089,12.4027
7.5,33,28.5227,71.3679,1.0357,1.3631,7.9544,5.6032,9.8248
7.5,34,10.7727,123.7491,38.5948,-10.7985,10.278,5.0321,15.7343
7.5,35,26.9486,1.5391,34.6515,24.0763,-5.3604,-13.8088,28.2681
7.5,36,142.5267,197.1362,7.8804,-6.6049,-17.6935,-17.6532,25.8519
7.5,37,109.8832,111.6643,13.7489,11.0129,-15.8566,15.845,24.9756
7.5,38,35.8215,157.1701,40.0769,-20.9939,-5.4747,20.5492,29.8829
7.5,39,83.4058,4.1047,7.786,0.7844,11.3729,-6.8777,13.3139
7.5,40,43.3955,112.7947,39.2882,-1.331,-5.6031,14.0565,15.1905
7.5,41,143.8034,105.952,41.7088,-4.688,-0.0167,-4.1638,6.2702
7.5,42,89.7983,179.9343,23.8683,3.0002,6.0613,-30.3172,31.0624
7.5,43,77.9398,129.9059,41.9507,-18.221,11.1769,6.9356,22.4729
7.5,44,57.1414,106.7009,30.5593,-3.047,-3.4492,-13.1622,13.9437
7.5,45,110.7278,47.3845,7.3705,-0.4979,-5.3866,-4.5715,7.0825
7.5,46,71.921,75.9369,23.1522,1.1368,26.6713,0.6028,26.7023
7.5,47,18.3143,101.2924,22.8107,15.3016,-15.111,-17.0788,27.4621
7.5,48,10.3941,74.3732,17.7973,-11.3575,10.7259,-19.4995,24.9854
7.5,49,196.9006,4.8122,22.783,-1.1818,8.8465,6.622,11.1134
7.6,0,48.9722,180.917,15.9709,-18.6876,-5.6848,-9.2687,21.6206
7.6,1,2.4056,149.6848,29.9083,11.5774,-18.3037,8.8619,23.4008
7.6,2,177.0841,42.5071,5.4362,-4.0052,-2.2427,26.3825,26.7788
7.6,3,109.4295,188.6038,28.7121,-13.0674,1.364,7.3681,15.0634
7.6,4,145.9543,155.5427,8.3076,-0.0537,0.7582,5.3136,5.3677
7.6,5,145.5589,139.0509,45.5125,3.48,-12.8584,-19.9239,23.9669
7.6,6,77.0075,82.6738,49.0725,10.6663,30.7566,-12.7483,34.9609
7.6,7,123.4698,71.1409,29.2311,0.3458,7.0768,11.8848,13.8365
7.6,8,26.2601,21.83,29.2404,5.7219,-8.8204,0.2982,10.518
7.6,9,35.8444,184.9698,28.0212,-0.6754,-12.1928,-5.6448,13.453
7.6,10,128.0007,88.6748,16.2751,-0.6452,-0.5537,17.7421,17.7625
7.6,11,108.6573,27.6455,48.6688,5.2093,1.2999,-11.3185,12.5274
7.6,12,113.3004,54.367,2.0676,10.3223,10.6194,-4.2557,15.4088
7.6,13,174.9634,101.3977,14.6206,-9.3542,0.0025,22.2607,24.1462
7.6,14,122.1003,61.516,29.853,-0.1086,-4.7204,14.6067,15.3508
7.6,15,116.6608,171.9431,19.4244,-1.0135,0.2326,16.8497,16.8818
7.6,16,92.8224,157.3369,40.9534,2.1817,0.238,5.7996,6.2009
7.6,17,57.8249,143.1106,46.4679,2.0817,4.7506,-32.1222,32.5383
7.6,18,4.636,82.7523,9.3352,-3.1951,-1.9931,16.7894,17.2066
7.6,19,90.1527,122.8105,32.6171,-4.9677,-13.5883,-3.3215,14.8443
7.6,20,50.3903,113.4908,22.9653,6.6008,1.4072,3.4822,7.5945
7.6,21,89.4005,137.767,17.2544,21.8758,6.1076,-7.834,24.0255
7.6,22,164.4351,30.4844,14.3434,-1.2128,17.0378,25.7675,30.9147
7.6,23,40.1736,72.2504,29.4681,5.2433,3.0346,1.4729,6.2346
7.6,24,0.9743,22.5234,15.2777,-4.2141,-1.1371,8.2779,9.3582
7.6,25,48.9072,102.9915,0.0645,3.8284,3.7665,7.7046,9.3917
7.6,26,50.5417,72.286,28.6257,-7.5579,-10.1614,-19.2813,23.0682
7.6,27,135.7385,17.893,32.2179,5.4586,-31.598,-6.0776,32.6369
7.6,28,109.6398,13.4355,45.0832,0.266,-0.0499,-18.131,18.1331
7.6,29,155.7803,119.8936,42.8755,11.9328,-4.0097,8.721,15.3142
7.6,30,134.249,26.1647,37.4381,-3.2806,22.1856,-16.7227,27.9752
7.6,31,82.0071,166.9911,29.4211,26.3794,4.9308,4.8837,27.2771
7.6,32,146.96,112.729,29.4257,-1.2947,2.3758,-12.104,12.4027
7.6,33,28.3932,70.883,0.191,-1.2944,-4.8485,-8.4465,9.8248
7.6,34,12.1287,124.284,39.1872,13.5598,5.3491,5.9234,15.7343
7.6,35,25.4755,3.3263,33.0309,-14.7313,17.8727,-16.2061,28.2681
7.6,36,142.0467,198.6778,5.8614,-4.7994,15.4163,-20.1897,25.8519
7.6,37,110.1981,113.2787,11.8695,3.1486,16.1445,-18.7942,24.9756
7.6,38,35.3134,155.3735,37.7437,-5.0815,-17.966,-23.3321,29.8829
7.6,39,82.739,3.067,8.2871,-6.6682,-10.3768,5.0119,13.3139
7.6,40,42.6507,112.6258,37.9752,-7.4484,-1.6892,-13.1309,15.1905
7.6,41,144.2858,105.6491,41.4466,4.824,-3.0286,-2.6214,6.2702
7.6,42,91.8558,181.492,25.5972,20.5746,15.5774,17.2887,31.0624
7.6,43,79.263,131.7198,42.0471,13.2325,18.1384,0.9649,22.4729
7.6,44,56.1525,107.5899,30.9788,-9.8885,8.8906,4.1954,13.9437
7.6,45,110.4478,46.9675,6.8711,-2.7999,-4.1695,-4.9938,7.0825
7.6,46,71.4372,75.6545,25.763,-4.8387,-2.8239,26.1079,26.7023
7.6,47,20.6793,102.4796,22.0768,23.6506,11.872,-7.3397,27.4621
7.6,48,12.2871,73.8672,16.2472,18.9306,-5.0608,-15.5013,24.9854
7.6,49,196.7891,5.1217,23.8445,-1.1158,3.0953,10.6152,11.1134
7.7,0,47.7811,179.1576,16.3715,-11.9101,-17.594,4.006,21.6206
7.7,1,1.848,149.1998,32.1287,-5.5754,-4.8501,22.2033,23.4008
7.7,2,178.6387,41.1663,3.7167,15.546,-13.4074,-17.195,26.7788
7.7,3,109.5441,188.648,27.2108,1.1458,0.4416,-15.0132,15.0634
7.7,4,146.1363,155.2463,8.7164,1.8204,-2.9631,4.0888,5.3677
7.7,5,144.7145,137.3172,46.9357,-8.4441,-17.3368,14.2318,23.9669
7.7,6,74.8018,85.3403,49.5704,-22.0565,26.6642,4.9795,34.9609
7.7,7,123.4395,71.8987,30.3884,-0.3026,7.578,11.5728,13.8365
7.7,8,26.6607,22.1399,30.1622,4.0056,3.0993,9.2184,10.518
7.7,9,37.0511,184.5014,28.388,12.0662,-4.6834,3.6681,13.453
7.7,10,128.1198,88.8225,18.0412,1.192,1.4766,17.6608,17.7625
7.7,11,108.6001,28.6098,49.4665,-0.5725,9.6428,7.9765,12.5274
7.7,12,112.827,53.1466,2.8805,-4.7341,-12.2045,8.1283,15.4088
7.7,13,174.4209,99.2766,13.6023,-5.4245,-21.2112,-10.1833,24.1462
7.7,14,122.1061,61.5252,28.3179,0.0579,0.0922,-15.3505,15.3508
7.7,15,117.1154,170.8767,18.1972,4.5459,-10.6643,-12.272,16.8818
7.7,16,92.4044,157.3098,41.4106,-4.1801,-0.2706,4.5722,6.2009
7.7,17,59.3164,141.0154,48.4612,14.9144,-20.9522,19.9325,32.5383
7.7,18,5.9022,83.5259,8.4641,12.6623,7.736,-8.7113,17.2066
7.7,19,91.4738,123.1749,33.1877,13.2107,3.6435,5.7058,14.8443
7.7,20,50.1053,113.1592,22.3444,-2.8503,-3.3158,-6.2095,7.5945
7.7,21,90.4406,139.1991,15.6298,10.4017,14.3213,-16.2459,24.0255
7.7,22,163.9329,30.405,17.3928,-5.0223,-0.7938,30.4937,30.9147
7.7,23,40.7717,72.3036,29.3001,5.9805,0.5316,-1.6795,6.2346
7.7,24,1.0961,21.8836,14.6056,1.2174,-6.3974,-6.7206,9.3582
7.7,25,49.6647,102.4377,0.0265,7.5755,-5.5382,-0.3803,9.3917
7.7,26,51.6878,70.4516,27.824,11.4616,-18.3439,-8.0172,23.0682
7.7,27,138.1064,17.2589,34.3726,23.6787,-6.3416,21.5469,32.6369
7.7,28,109.8164,13.3123,46.8837,1.7661,-1.2314,18.0048,18.1331
7.7,29,154.402,120.3995,43.3108,-13.7836,5.0587,4.3527,15.3142
7.7,30,132.0944,27.7645,38.2282,-21.546,15.9984,7.9016,27.9752
7.7,31,83.9823,165.4824,28.2973,19.7517,-15.0871,-11.2379,27.2771
7.7,32,148.049,112.1907,29.6758,10.8902,-5.3828,2.501,12.4027
7.7,33,29.2096,70.7423,0.3372,8.1639,-1.4071,5.2819,9.8248
7.7,34,12.1293,124.2786,37.6137,0.0062,-0.0536,-15.7342,15.7343
7.7,35,25.8185,4.4286,35.6112,3.4298,11.0227,25.8035,28.2681
7.7,36,144.4193,197.8229,5.2931,23.726,-8.5496,-5.6835,25.8519
7.7,37,112.5584,112.4647,11.8074,23.6035,-8.1407,-0.6207,24.9756
7.7,38,34.9237,154.7037,34.8577,-3.8973,-6.6981,-28.8605,29.8829
7.7,39,83.1459,2.5576,9.448,4.0693,-5.0938,11.6084,13.3139
7.7,40,41.9325,112.3353,36.6685,-7.1812,-2.9048,-13.0669,15.1905
7.7,41,144.8515,105.4419,41.2729,5.6572,-2.0718,-1.7376,6.2702
7.7,42,93.0971,182.3236,28.3204,12.4138,8.3157,27.2326,31.0624
7.7,43,80.7252,130.0393,41.75,14.622,-16.8047,-2.9718,22.4729
7.7,44,56.4337,107.6922,32.3407,2.8123,1.0226,13.6188,13.9437
7.7,45,110.218,47.3343,6.3106,-2.299,3.6679,-5.6056,7.0825
7.7,46,72.8113,77.2195,27.4341,13.7412,15.6508,16.7106,26.7023
7.7,47,20.4913,102.5044,24.8164,-1.8804,0.2479,27.3966,27.4621
7.7,48,12.5619,76.3201,16.635,2.7476,24.5291,3.8786,24.9854
7.7,49,197.6627,4.8504,24.4755,8.7369,-2.7135,6.3096,11.1134
7.8,0,46.7898,179.9444,14.6186,-9.9131,7.8679,-17.5293,21.6206
7.8,1,1.8585,147.9479,30.1516,0.1052,-12.5186,-19.7704,23.4008
7.8,2,180.2367,40.1363,5.6026,15.9798,-10.3004,18.8589,26.7788
7.8,3,109.2118,187.5541,28.1917,-3.3233,-10.9384,9.8087,15.0634
7.8,4,146.5366,155.0759,9.0308,4.0029,-1.7045,3.1439,5.3677
7.8,5,144.5477,137.2133,44.5471,-1.668,-1.0388,-23.8862,23.9669
7.8,6,72.5471,84.153,47.1769,-22.5475,-11.8726,-23.9356,34.9609
7.8,7,123.215,72.5268,31.6007,-2.2446,6.2807,12.1228,13.8365
7.8,8,26.4099,21.1725,30.4899,-2.5082,-9.6746,3.2772,10.518
7.8,9,37.9923,183.639,28.8125,9.4122,-8.6238,4.2453,13.453
7.8,10,127.2567,87.6905,16.9788,-8.6314,-11.3196,-10.624,17.7625
7.8,11,108.6973,29.5183,48.6094,0.9718,9.0849,-8.5706,12.5274
7.8,12,112.5793,53.0761,4.3997,-2.4768,-0.7046,15.1921,15.4088
7.8,13,174.4889,97.4554,15.1863,0.6797,-18.2118,15.84,24.1462
7.8,14,122.6591,61.3037,26.9031,5.5304,-2.2153,-14.1476,15.3508
7.8,15,117.2972,171.15,19.8532,1.8178,2.7334,16.5595,16.8818
7.8,16,92.8215,157.7403,41.5693,4.1717,4.3047,1.5868,6.2009
7.8,17,56.9095,142.4811,46.8345,-24.0687,14.6572,-16.2666,32.5383
7.8,18,7.0515,84.684,7.9177,11.4928,11.5814,-5.464,17.2066
7.8,19,92.5928,123.0366,34.1532,11.1903,-1.383,9.6549,14.8443
7.8,20,49.4805,113.481,22.0566,-6.248,3.218,-2.8782,7.5945
7.8,21,88.163,138.7109,16.2181,-22.7766,-4.8828,5.8831,24.0255
7.8,22,164.2829,32.8195,19.2914,3.5002,24.1453,18.9862,30.9147
7.8,23,40.4308,72.4164,28.7904,-3.409,1.1284,-5.0966,6.2346
7.8,24,1.2584,21.868,15.5271,1.6234,-0.1566,9.215,9.3582
7.8,25,48.822,102.4977,0.3836,-8.4278,0.6001,4.1007,9.3917
7.8,26,53.9176,70.5753,27.2459,22.2979,1.2375,-5.7807,23.0682
7.8,27,138.2307,19.9053,36.2786,1.2434,26.4639,19.0601,32.6369
7.8,28,111.5092,13.0818,47.4914,16.9281,-2.3057,6.0772,18.1331
7.8,29,155.9028,120.2962,43.0244,15.0085,-1.0326,-2.8639,15.3142
7.8,30,132.7071,30.1817,39.4963,6.1266,24.1721,12.6803,27.9752
7.8,31,83.3682,164.9392,30.8989,-6.1406,-5.4318,26.0159,27.2771
7.8,32,148.6938,112.529,30.6798,6.4475,3.3831,10.0405,12.4027
7.8,33,28.7541,70.5013,1.1737,-4.5549,-2.4095,8.365,9.8248
7.8,34,12.9319,125.0905,36.5309,8.0254,8.1188,-10.8281,15.7343
7.8,35,26.9628,1.9427,34.9031,11.4436,-24.8593,-7.0813,28.2681
7.8,36,146.7862,196.8784,5.7281,23.6686,-9.4443,4.3502,25.8519
7.8,37,112.7192,112.7706,9.3339,1.6079,3.0594,-24.7353,24.9756
7.8,38,33.0,155.1628,37.0979,-19.2362,4.5911,22.4026,29.8829
7.8,39,84.053,3.2346,8.7469,9.0705,6.7697,-7.0112,13.3139
7.8,40,41.3066,113.3336,35.7098,-6.2598,9.9827,-9.587,15.1905
7.8,41,145.27,105.6234,40.8426,4.185,1.814,-4.3024,6.2702
7.8,42,92.8768,184.7278,26.366,-2.2035,24.042,-19.5447,31.0624
7.8,43,82.6841,129.9188,40.6551,19.5882,-1.2048,-10.949,22.4729
7.8,44,57.7017,108.0571,32.7917,12.6796,3.6495,4.5093,13.9437
7.8,45,110.6505,46.8045,6.4944,4.3256,-5.2983,1.8381,7.0825
7.8,46,74.5099,78.1183,25.5801,16.9861,8.9872,-18.5395,26.7023
7.8,47,18.8601,102.2039,22.6277,-16.3124,-3.0053,-21.887,27.4621
7.8,48,11.3237,76.7042,18.7709,-12.3816,3.8415,21.359,24.9854
7.8,49,197.9529,4.7173,23.411,2.9011,-1.3307,-10.6452,11.1134
7.9,0,46.6412,179.9324,12.4617,-1.4867,-0.12,-21.5691,21.6206
7.9,1,1.7194,147.9298,32.4875,-1.3914,-0.1808,23.3587,23.4008
7.9,2,178.4969,39.2617,3.7642,-17.3971,-8.7457,-18.3837,26.7788
7.9,3,110.2976,186.6047,28.626,10.8581,-9.4942,4.3436,15.0634
7.9,4,146.2273,154.7708,8.7157,-3.0933,-3.0514,-3.1516,5.3677
7.9,5,146.719,136.8503,43.5996,21.7129,-3.6303,-9.4754,23.9669
7.9,6,74.8384,81.7542,46.0732,22.9132,-23.9881,-11.0371,34.9609
7.9,7,123.4792,73.6994,30.9153,2.6412,11.726,-6.8536,13.8365
7.9,8,26.4628,22.1263,30.93,0.529,9.5386,4.4005,10.518
7.9,9,37.8999,183.7754,30.1477,-0.9237,1.3634,13.3518,13.453
7.9,10,125.9119,88.7817,16.5839,-13.4481,10.9114,-3.9491,17.7625
7.9,11,108.5982,29.484,49.8577,-0.9909,-0.3427,12.4834,12.5274
7.9,12,112.7253,54.3998,5.1748,1.4603,13.2367,7.7517,15.4088
7.9,13,174.8829,99.7002,15.9837,3.9403,22.4482,7.9745,24.1462
7.9,14,121.8943,62.0094,25.7746,-7.6477,7.057,-11.2854,15.3508
7.9,15,117.1412,170.8575,18.1979,-1.5601,-2.9253,-16.553,16.8818
7.9,16,92.7161,157.4829,42.1235,-1.0543,-2.574,5.5421,6.2009
7.9,17,60.0402,142.0077,47.584,31.3075,-4.7337,7.4946,32.5383
7.9,18,7.5401,86.2693,7.4606,4.8861,15.8524,-4.5709,17.2066
7.9,19,91.9464,123.5521,35.3861,-6.464,5.1547,12.3288,14.8443
7.9,20,50.094,113.3426,21.6308,6.1348,-1.3843,-4.2573,7.5945
7.9,21,87.6071,137.3066,18.0866,-5.559,-14.0428,18.6848,24.0255
7.9,22,162.0653,31.3672,17.7007,-22.1762,-14.5229,-15.9068,30.9147
7.9,23,40.2822,72.3786,29.3947,-1.4864,-0.3781,6.043,6.2346
7.9,24,1.8793,22.1868,14.9038,6.209,3.1888,-6.2334,9.3582
7.9,25,49.1303,102.2535,0.4693,3.0832,-2.4424,8.5283,9.3917
7.9,26,52.5965,69.2458,28.5907,-13.2114,-13.2956,13.4473,23.0682
7.9,27,136.7922,19.2098,33.4327,-14.3854,-6.9543,-28.4582,32.6369
7.9,28,111.2307,13.0112,49.2818,-2.7845,-0.7056,17.9041,18.1331
7.9,29,154.8507,121.1455,43.7434,-10.5215,8.4931,7.1896,15.3142
7.9,30,132.6527,32.0366,37.4028,-0.5438,18.549,-20.9344,27.9752
7.9,31,83.4239,163.2763,28.7374,0.5563,-16.6289,-21.615,27.2771
7.9,32,148.4005,112.5114,31.8848,-2.9326,-0.1765,12.0497,12.4027
7.9,33,29.6598,70.6974,1.5002,9.0563,1.961,3.2657,9.8248
7.9,34,12.5165,125.3959,38.0175,-4.1537,3.0541,14.8656,15.7343
7.9,35,27.8273,1.5266,32.2441,8.645,-4.1611,-26.5901,28.2681
7.9,36,146.3646,197.3059,8.2426,-4.2159,4.2749,25.145,25.8519
7.9,37,110.588,114.0632,9.4911,-21.3127,12.9258,1.5721,24.9756
7.9,38,31.1641,153.3507,38.6063,-18.3596,-18.1214,15.0839,29.8829
7.9,39,84.4443,2.0721,8.2292,3.913,-11.6253,-5.177,13.3139
7.9,40,41.169,113.089,34.2169,-1.3756,-2.4458,-14.9291,15.1905
7.9,41,145.3186,105.5566,41.4642,0.4854,-0.6677,6.2156,6.2702
7.9,42,92.9166,184.7624,29.4718,0.3976,0.346,31.0579,31.0624
7.9,43,84.5054,128.9849,39.7274,18.2139,-9.3392,-9.2771,22.4729
7.9,44,57.9031,107.9183,34.1644,2.0138,-1.3886,13.7274,13.9437
7.9,45,110.2969,46.7617,5.8822,-3.5359,-0.4275,-6.1218,7.0825
7.9,46,73.6266,77.2378,23.219,-8.8329,-8.8043,-23.6109,26.7023
7.9,47,19.0048,102.8121,19.9536,1.4476,6.0825,-26.7409,27.4621
7.9,48,9.0943,77.4605,17.934,-22.2939,7.563,-8.3697,24.9854
7.9,49,198.0061,4.8911,22.3146,0.5323,1.7382,-10.9637,11.1134
8.0,0,45.2766,180.9955,13.7587,-13.6453,10.6316,12.9702,21.6206
8.0,1,3.1449,149.6179,31.7164,14.2546,16.8803,-7.711,23.4008
8.0,2,178.2893,37.5729,1.6965,-2.0767,-16.8887,-20.6777,26.7788
8.0,3,111.0462,185.3086,28.4561,7.486,-12.9606,-1.6997,15.0634
8.0,4,146.0838,154.4224,9.098,-1.4348,-3.4835,3.8234,5.3677
8.0,5,146.9878,137.6865,41.3696,2.6882,8.3616,-22.2995,23.9669
8.0,6,75.1428,78.8896,48.0541,3.0438,-28.6456,19.8098,34.9609
8.0,7,123.4829,74.8962,31.6097,0.0376,11.9679,6.9437,13.8365
8.0,8,26.5204,21.1618,30.5145,0.5757,-9.6455,-4.1548,10.518
8.0,9,37.7858,183.7239,31.4872,-1.1413,-0.5144,13.3946,13.453
8.0,10,125.5257,89.2103,18.2638,-3.8615,4.2862,16.7995,17.7625
8.0,11,109.5066,30.0097,49.1738,9.0841,5.2568,-6.8396,12.5274
8.0,12,112.7956,54.267,3.6413,0.7032,-1.328,-15.3354,15.4088
8.0,13,176.7314,98.9637,14.6159,18.4849,-7.3654,-13.6783,24.1462
8.0,14,121.4303,61.2142,24.5462,-4.6406,-7.9511,-12.2839,15.3508
8.0,15,118.7695,170.4886,18.4476,16.2834,-3.6891,2.4968,16.8818
8.0,16,92.8594,157.4199,42.7235,1.4335,-0.6299,6.0,6.2009
8.0,17,60.4799,143.2195,49.4284,4.3964,12.118,-29.8758,32.5383
8.0,18,7.374,84.8688,6.4749,-1.661,-14.0051,-9.8572,17.2066
8.0,19,91.1009,124.7266,35.0559,-8.4554,11.7455,-3.302,14.8443
8.0,20,50.0073,113.3494,20.8764,-0.8673,0.0682,-7.5445,7.5945
8.0,21,88.9201,139.291,18.4189,13.1305,19.8437,3.3227,24.0255
8.0,22,162.669,31.2708,14.6703,6.0372,-0.9648,-30.3042,30.9147
8.0,23,40.2643,72.2604,30.0066,-0.1785,-1.1816,6.119,6.2346
8.0,24,1.839,22.5646,15.759,-0.4029,3.7777,8.5523,9.3582
8.0,25,48.7257,102.6765,0.2652,-4.0462,4.2297,7.3445,9.3917
8.0,26,50.9448,70.1205,29.9429,-16.5162,8.7471,13.5221,23.0682
8.0,27,136.7428,16.0208,34.1249,-0.4942,-31.8907,6.9213,32.6369
8.0,28,112.1769,12.5343,49.2467,9.4618,-4.7689,-14.7153,18.1331
8.0,29,154.1881,122.5212,43.6263,-6.6261,13.7568,-1.1703,15.3142
8.0,30,131.091,32.3092,35.0978,-15.6169,2.7256,-23.0499,27.9752
8.0,31,81.3666,161.9118,29.8975,-20.5729,-13.6452,11.6019,27.2771
8.0,32,148.1579,112.7036,30.6838,-2.4257,1.9223,-12.0103,12.4027
8.0,33,28.7121,70.6725,1.7583,-9.4767,-0.249,2.5802,9.8248
8.0,34,13.2841,125.9969,36.7825,7.6765,6.0094,-12.3501,15.7343
8.0,35,28.9958,3.5804,33.7956,11.6851,20.5384,15.5151,28.2681
8.0,36,145.2835,198.08,10.4596,-10.8107,7.7407,22.1705,25.8519
8.0,37,111.313,113.634,7.1399,7.2502,-4.2915,-23.5117,24.9756
8.0,38,29.5024,155.6573,37.6853,-16.6167,23.066,-9.2103,29.8829
8.0,39,84.4456,3.0609,9.1206,0.0129,9.8889,8.9146,13.3139
8.0,40,41.1355,112.3425,32.8943,-0.335,-7.4649,-13.2255,15.1905
8.0,41,145.9009,105.3639,41.5943,5.8231,-1.9273,1.3009,6.2702
8.0,42,90.3395,185.4392,31.0684,-25.7709,6.7683,15.9662,31.0624
8.0,43,86.52,129.0939,38.7374,20.1454,1.0903,-9.8998,22.4729
8.0,44,57.637,107.2683,35.369,-2.6611,-6.4993,12.0459,13.9437
8.0,45,109.6875,47.1218,5.9059,-6.0942,3.6009,0.2371,7.0825
8.0,46,72.4909,75.0551,24.2563,-11.3567,-21.8275,10.3729,26.7023
8.0,47,18.8011,103.9704,17.472,-2.0378,11.583,-24.8163,27.4621
8.0,48,9.2759,77.4633,15.442,1.8161,0.0275,-24.9193,24.9854
8.0,49,197.9074,5.0374,21.2173,-0.9871,1.4624,-10.9725,11.1134
8.1,0,47.0564,179.7683,13.7844,17.7978,-12.2727,0.2573,21.6206
8.1,1,4.0241,148.8193,29.7001,8.792,-7.9857,-20.1625,23.4008
8.1,2,179.2011,35.1641,2.4295,9.1179,-24.0881,7.3305,26.7788
8.1,3,111.2794,186.0206,29.7629,2.3325,7.1197,13.0681,15.0634
8.1,4,145.9721,154.4044,9.6227,-1.1167,-0.1802,5.2472,5.3677
8.1,5,147.345,136.4883,43.4143,3.5723,-11.9815,20.4473,23.9669
8.1,6,74.2513,77.1489,45.1562,-8.915,-17.407,-28.979,34.9609
8.1,7,124.2955,75.6173,32.4666,8.1256,7.2111,8.5687,13.8365
8.1,8,26.8267,20.9258,31.4926,3.0637,-2.3598,9.7813,10.518
8.1,9,38.3891,184.6836,32.2116,6.0329,9.597,7.2447,13.453
8.1,10,126.2251,90.5172,19.2425,6.994,13.0692,9.787,17.7625
8.1,11,110.5247,29.2798,49.1744,10.1813,-7.299,0.0064,12.5274
8.1,12,111.4018,54.4021,4.2841,-13.9386,1.3514,6.428,15.4088
8.1,13,175.3862,100.345,13.1624,-13.452,13.8132,-14.5354,24.1462
8.1,14,121.0313,61.0744,23.0705,-3.9896,-1.3984,-14.7572,15.3508
8.1,15,119.6334,170.3872,19.8944,8.6383,-1.0143,14.4688,16.8818
8.1,16,92.9399,157.4951,43.3338,0.8049,0.7523,6.1023,6.2009
8.1,17,60.5416,141.8061,47.6414,0.6175,-14.1339,-29.3017,32.5383
8.1,18,6.6201,86.1559,5.6172,-7.5389,12.8717,-8.5761,17.2066
8.1,19,91.4197,125.015,33.6351,3.188,2.8844,-14.2081,14.8443
8.1,20,49.4909,113.6252,20.3925,-5.1636,2.7576,-4.8384,7.5945
8.1,21,87.8345,138.9476,20.5344,-10.8563,-3.4336,21.156,24.0255
8.1,22,163.4144,33.8954,16.1239,7.4536,26.2464,14.5358,30.9147
8.1,23,40.2104,72.2969,30.6267,-0.5392,0.3651,6.2005,6.2346
8.1,24,1.2968,21.9443,15.3151,-5.4218,-6.2027,-4.4391,9.3582
8.1,25,47.9036,102.2481,0.4164,-8.2203,-4.2831,1.5121,9.3917
8.1,26,50.7076,68.7269,31.7658,-2.3727,-13.936,18.2292,23.0682
8.1,27,137.8736,14.1466,31.704,11.308,-18.7413,-24.2087,32.6369
8.1,28,112.0051,12.6446,48.9516,-1.7176,1.1031,-18.0178,18.1331
8.1,29,152.8893,123.204,44.0647,-12.9881,6.8281,4.3832,15.3142
8.1,30,131.0216,32.3106,32.3012,-0.6939,0.0144,-27.9666,27.9752
8.1,31,81.1697,161.8246,27.1784,-1.9688,-0.8719,-27.192,27.2771
8.1,32,148.5065,112.9858,31.8401,3.486,2.8225,11.5632,12.4027
8.1,33,28.3739,71.487,2.1913,-3.3819,8.1449,4.3301,9.8248
8.1,34,13.7865,126.937,37.9398,5.0239,9.4015,11.5732,15.7343
8.1,35,27.6587,4.7466,35.9962,-13.3716,11.6619,22.0065,28.2681
8.1,36,147.7534,197.6626,9.8203,24.6987,-4.1742,-6.3929,25.8519
8.1,37,110.0312,112.9005,9.1541,-12.8176,-7.3357,20.1415,24.9756
8.1,38,28.9762,155.9074,40.6162,-5.2626,2.5014,29.3093,29.8829
8.1,39,83.818,2.785,7.9793,-6.2754,-2.7596,-11.4133,13.3139
8.1,40,40.6363,111.4469,34.0151,-4.9919,-8.9567,11.2076,15.1905
8.1,41,145.4273,105.569,41.2382,-4.7363,2.0512,-3.5603,6.2702
8.1,42,87.8497,186.288,29.4163,-24.8976,8.4877,-16.5209,31.0624
8.1,43,85.8696,127.0306,38.1291,-6.5039,-20.6332,-6.0827,22.4729
8.1,44,58.1741,107.4844,36.6375,5.3709,2.1602,12.6851,13.9437
8.1,45,109.64,47.1096,5.1994,-0.4749,-0.1222,-7.0655,7.0825
8.1,46,69.9927,74.2895,23.706,-24.9823,-7.656,-5.5031,26.7023
8.1,47,18.8994,101.654,18.9438,0.9833,-23.164,14.7184,27.4621
8.1,48,10.1203,77.3708,13.0923,8.4437,-0.9244,-23.4972,24.9854
8.1,49,198.0987,4.3902,22.1003,1.9137,-6.4722,8.8293,11.1134
8.2,0,47.1724,179.724,11.6259,1.1595,-0.4431,-21.5849,21.6206
8.2,1,5.29,149.6332,31.4921,12.6595,8.1386,17.9192,23.4008
8.2,2,179.9481,36.2333,0.0907,7.4699,10.6925,-23.3876,26.7788
8.2,3,112.6949,185.7882,30.2227,14.1549,-2.3243,4.598,15.0634
8.2,4,146.1177,154.8326,9.9119,1.4553,4.2817,2.8915,5.3677
8.2,5,148.9665,137.3657,41.883,16.2147,8.7739,-15.3138,23.9669
8.2,6,77.512,76.1389,45.9115,32.6068,-10.1002,7.5529,34.9609
8.2,7,125.0358,75.0251,31.4587,7.403,-5.9215,-10.0787,13.8365
8.2,8,26.7282,20.7793,32.5295,-0.9857,-1.4647,10.3688,10.518
8.2,9,37.8465,184.5019,33.4292,-5.4254,-1.8169,12.1757,13.453
8.2,10,127.4459,89.8384,18.1453,12.2076,-6.788,-10.9728,17.7625
8.2,11,109.8268,28.2456,49.2877,-6.9788,-10.3416,1.1325,12.5274
8.2,12,110.5631,53.1095,4.2872,-8.3871,-12.9262,0.0306,15.4088
8.2,13,175.5542,100.0935,15.558,1.6793,-2.5155,23.956,24.1462
8.2,14,120.2027,59.8835,22.5688,-8.2865,-11.9086,-5.0167,15.3508
8.2,15,117.9778,170.3489,20.2224,-16.5558,-0.3825,3.2793,16.8818
8.2,16,92.834,157.5831,43.9384,-1.0597,0.8798,6.0461,6.2009
8.2,17,58.9493,141.7748,44.804,-15.9235,-0.3136,-28.374,32.5383
8.2,18,4.938,85.9168,5.889,-16.8214,-2.3917,2.7176,17.2066
8.2,19,91.1093,125.3862,32.2317,-3.1033,3.7116,-14.0338,14.8443
8.2,20,48.8199,113.852,20.6666,-6.7099,2.2682,2.7402,7.5945
8.2,21,88.5363,136.8712,19.5505,7.0178,-20.7642,-9.8398,24.0255
8.2,22,163.1428,34.0526,19.1994,-2.7159,1.5715,30.7551,30.9147
8.2,23,40.8042,72.3931,30.463,5.9383,0.962,-1.6374,6.2346
8.2,24,1.2169,22.3243,14.4636,-0.7998,3.7996,-8.5146,9.3582
8.2,25,47.9572,102.713,1.2307,0.5356,4.648,8.1433,9.3917
8.2,26,51.0404,67.542,33.7169,3.3283,-11.8489,19.5107,23.0682
8.2,27,135.337,14.9833,33.5795,-25.366,8.3666,18.7546,32.6369
8.2,28,111.7615,13.9083,49.771,-2.4362,12.6371,-12.7741,18.1331
8.2,29,153.3105,122.1536,43.033,4.2129,-10.5043,-10.3168,15.3142
8.2,30,133.5268,32.6146,33.5086,25.0516,3.0396,12.0743,27.9752
8.2,31,81.3186,162.1135,24.4701,1.4892,2.8891,-27.0827,27.2771
8.2,32,148.8409,112.3491,30.8296,3.3434,-6.3673,-10.1047,12.4027
8.2,33,28.1769,71.4221,3.1516,-1.9703,-0.6491,9.6033,9.8248
8.2,34,13.9567,125.8001,39.0141,1.7019,-11.369,10.7433,15.7343
8.2,35,28.6446,3.153,33.8798,9.8588,-15.9357,-21.1647,28.2681
8.2,36,148.5814,197.3465,7.3918,8.2799,-3.1606,-24.2853,25.8519
8.2,37,110.399,113.0553,11.6196,3.6781,1.5486,24.6547,24.9756
8.2,38,29.2902,154.9249,37.8116,3.1404,-9.8258,-28.046,29.8829
8.2,39,83.5716,1.855,7.059,-2.4648,-9.3,-9.2029,13.3139
8.2,40,40.8563,112.2415,32.7393,2.1994,7.9466,-12.758,15.1905
8.2,41,145.4406,105.5629,40.6114,0.1337,-0.0612,-6.2685,6.2702
8.2,42,85.7136,187.7554,27.7038,-21.3611,14.6741,-17.1245,31.0624
8.2,43,86.0081,126.9124,40.369,1.3855,-1.1817,22.399,22.4729
8.2,44,57.206,106.7323,35.9731,-9.681,-7.5205,-6.6442,13.9437
8.2,45,108.9418,46.9912,5.209,-6.9821,-1.1846,0.0958,7.0825
8.2,46,71.0221,75.9008,25.5699,10.2937,16.1136,18.6388,26.7023
8.2,47,21.2269,100.2642,19.3826,23.2756,-13.8982,4.388,27.4621
8.2,48,8.4314,76.7428,14.8231,-16.8895,-6.2806,17.3081,24.9854
8.2,49,199.0691,4.4273,22.6407,9.704,0.3716,5.4039,11.1134
8.3,0,45.505,178.3698,11.8722,-16.6735,-13.5418,2.4629,21.6206
8.3,1,5.0716,149.334,29.1815,-2.1837,-2.9917,-23.1058,23.4008
8.3,2,180.6051,34.1743,1.4904,6.5707,-20.5899,15.8111,26.7788
8.3,3,112.6807,185.7327,31.7279,-0.1418,-0.5549,15.0525,15.0634
8.3,4,146.2393,154.38,10.1737,1.2159,-4.5253,2.6182,5.3677
8.3,5,150.3811,139.2037,41.2792,14.1467,18.38,-6.038,23.9669
8.3,6,76.525,74.1187,43.2344,-9.8697,-20.2023,-26.7716,34.9609
8.3,7,124.9549,74.0354,32.4223,-0.8088,-9.897,9.6355,13.8365
8.3,8,26.4912,21.5092,31.8102,-2.3698,7.2988,-7.1931,10.518
8.3,9,38.3098,184.0362,32.2552,4.6324,-4.657,-11.7404,13.453
8.3,10,127.1666,90.6187,16.5742,-2.7932,7.8028,-15.7105,17.7625
8.3,11,109.8633,29.1865,49.886,0.3648,9.409,-8.2627,12.5274
8.3,12,111.4949,52.0803,4.9555,9.318,-10.2926,6.6836,15.4088
8.3,13,175.564,100.6187,13.2012,0.0984,5.2521,-23.5679,24.1462
8.3,14,119.7346,60.1584,21.1329,-4.6809,2.7483,-14.3591,15.3508
8.3,15,116.9376,171.486,20.9115,-10.4022,11.371,6.8913,16.8818
8.3,16,93.3188,157.2218,44.0758,4.8483,-3.6135,1.3739,6.2009
8.3,17,56.342,142.5281,46.5989,-26.0731,7.5331,17.9495,32.5383
8.3,18,4.625,85.0591,4.4306,-3.13,-8.5768,-14.5845,17.2066
8.3,19,91.4164,124.305,33.2014,3.0705,-10.8119,9.6968,14.8443
8.3,20,48.7148,113.743,21.4108,-1.0512,-1.0902,7.442,7.5945
8.3,21,90.6774,136.0804,20.3004,21.4114,-7.9076,7.4996,24.0255
8.3,22,163.7216,32.3623,16.6764,5.7879,-16.9023,-25.2296,30.9147
8.3,23,40.3776,72.7023,30.7963,-4.2666,3.0914,3.3331,6.2346
8.3,24,2.0022,22.0735,14.0208,7.8533,-2.5075,-4.4287,9.3582
8.3,25,47.8141,102.6907,0.3028,-1.4312,-0.2228,-9.2793,9.3917
8.3,26,52.8977,67.8073,32.3747,18.5733,2.6526,-13.4217,23.0682
8.3,27,135.277,15.9353,36.7006,-0.5998,9.5203,31.2117,32.6369
8.3,28,110.5039,12.7013,49.2714,-12.5763,-12.0698,-4.9966,18.1331
8.3,29,153.6596,122.68,44.4281,3.4907,5.2646,13.9508,15.3142
8.3,30,131.1114,31.2052,33.5847,-24.1535,-14.0941,0.7609,27.9752
8.3,31,79.5614,164.1947,24.6155,-17.5722,20.8121,1.4542,27.2771
8.3,32,148.821,112.3448,29.5895,-0.1985,-0.0436,-12.401,12.4027
8.3,33,29.0696,71.4326,3.5618,8.9268,0.1052,4.1021,9.8248
8.3,34,14.2598,125.3741,37.5301,3.0308,-4.2598,-14.8404,15.7343
8.3,35,26.8205,5.3043,33.6912,-18.2402,21.5133,-1.8859,28.2681
8.3,36,149.7823,198.8011,5.624,12.0091,14.546,-17.6781,25.8519
8.3,37,108.2199,113.9513,10.7912,-21.7917,8.9598,-8.284,24.9756
8.3,38,26.3333,155.1823,38.1589,-29.5685,2.5745,3.4729,29.8829
8.3,39,83.5323,1.809,5.729,-0.3931,-0.4596,-13.3002,13.3139
8.3,40,39.6861,112.0595,31.7879,-11.7019,-1.8204,-9.5133,15.1905
8.3,41,145.4603,105.5684,41.2381,0.197,0.0553,6.2668,6.2702
8.3,42,86.0988,187.3529,24.648,3.852,-4.0247,-30.5587,31.0624
8.3,43,84.1833,127.4239,39.1612,-18.2483,5.1145,-12.0777,22.4729
8.3,44,58.2511,107.2814,35.2312,10.4517,5.4909,-7.4187,13.9437
8.3,45,109.0359,46.3399,4.947,0.9406,-6.5125,-2.6199,7.0825
8.3,46,69.8275,74.0145,27.0344,-11.9457,-18.8638,14.6448,26.7023
8.3,47,20.0882,98.7084,17.427,-11.3878,-15.5581,-19.5558,27.4621
8.3,48,6.2091,77.8416,14.5121,-22.2227,10.9884,-3.1105,24.9854
8.3,49,198.2247,4.9596,23.1292,-8.445,5.3224,4.885,11.1134
8.4,0,44.7809,179.8522,10.4748,-7.2415,14.8237,-13.9738,21.6206
8.4,1,7.2647,148.6027,29.544,21.9311,-7.3133,3.625,23.4008
8.4,2,182.2331,33.9653,0.6256,16.2797,-2.0906,21.1591,26.7788
8.4,3,113.6509,186.64,31.0175,9.7015,9.0729,-7.1041,15.0634
8.4,4,145.9416,154.8251,10.1365,-2.9769,4.4511,-0.3719,5.3677
8.4,5,150.9871,141.4447,40.6833,6.0592,22.4098,-5.9582,23.9669
8.4,6,77.0567,75.3863,40.0199,5.3171,12.6762,-32.1451,34.9609
8.4,7,124.7866,74.045,31.0489,-1.6825,0.0955,-13.7335,13.8365
8.4,8,26.3835,21.4636,30.7649,-1.0765,-0.4564,-10.4528,10.518
8.4,9,37.2392,184.5762,31.6451,-10.7055,5.3996,-6.1008,13.453
8.4,10,126.9727,91.9778,17.7013,-1.9391,13.5911,11.2706,17.7625
8.4,11,109.7735,29.6805,48.7383,-0.898,4.9396,-11.4774,12.5274
8.4,12,112.4496,52.033,6.164,9.5476,-0.4726,12.0852,15.4088
8.4,13,177.233,99.7507,14.7149,16.6904,-8.6797,15.1371,24.1462
8.4,14,119.7515,60.1671,19.5979,0.169,0.0873,-15.3497,15.3508
8.4,15,116.8591,171.368,19.2293,-0.785,-1.1796,-16.8222,16.8818
8.4,16,92.9752,157.3172,43.5685,-3.436,0.9544,-5.0729,6.2009
8.4,17,56.1279,141.999,43.3956,-2.1404,-5.2905,-32.0339,32.5383
8.4,18,3.2207,84.0792,4.5997,-14.0426,-9.7984,1.6915,17.2066
8.4,19,91.5579,124.1869,31.7284,1.4147,-1.1816,-14.7294,14.8443
8.4,20,49.1175,113.9233,22.0289,4.0276,1.803,6.181,7.5945
8.4,21,89.2705,138.0272,20.2473,-14.0692,19.4679,-0.5312,24.0255
8.4,22,166.044,32.1501,18.7059,23.2236,-2.1226,20.2948,30.9147
8.4,23,40.5591,73.1029,31.2381,1.8156,4.0066,4.4182,6.2346
8.4,24,2.654,22.7447,14.0407,6.518,6.712,0.1988,9.3582
8.4,25,47.7853,102.4744,1.2163,-0.2875,-2.163,9.1347,9.3917
8.4,26,52.9099,67.7376,34.6805,0.1213,-0.6967,23.0574,23.0682
8.4,27,133.8931,13.3305,35.3037,-13.8393,-26.0482,-13.9689,32.6369
8.4,28,110.6183,12.0123,47.598,1.1444,-6.8903,-16.7339,18.1331
8.4,29,153.1775,121.3739,43.7901,-4.8211,-13.0609,-6.3792,15.3142
8.4,30,132.2991,32.5655,31.4481,11.8764,13.6033,-21.3662,27.9752
8.4,31,77.4504,162.4877,24.8808,-21.1097,-17.0699,2.6528,27.2771
8.4,32,149.0145,111.2103,29.1271,1.9342,-11.3447,-4.6241,12.4027
8.4,33,29.7204,70.6992,3.5015,6.5088,-7.3347,-0.6031,9.8248
8.4,34,14.285,126.4394,38.6878,0.252,10.6525,11.5771,15.7343
8.4,35,28.3131,6.8433,31.8487,14.9261,15.3892,-18.4247,28.2681
8.4,36,150.2806,196.2827,5.9276,4.9833,-25.1847,3.0365,25.8519
8.4,37,108.1306,116.1196,9.5548,-0.8926,21.6825,-12.3634,24.9756
8.4,38,28.1646,155.5547,40.4908,18.3121,3.7238,23.3192,29.8829
8.4,39,84.081,0.7356,6.2941,5.4873,-10.7338,5.6512,13.3139
8.4,40,39.6455,112.0579,30.2694,-0.4055,-0.0153,-15.1851,15.1905
8.4,41,145.2059,106.0553,41.5402,-2.5444,4.8694,3.0216,6.2702
8.4,42,87.6773,187.4665,21.9751,15.7849,1.1355,-26.7286,31.0624
8.4,43,85.8526,127.8006,40.6179,16.6928,3.7674,14.5667,22.4729
8.4,44,58.6119,105.9667,35.524,3.6075,-13.1468,2.9278,13.9437
8.4,45,108.3627,46.3835,4.7312,-6.7319,0.436,-2.1572,7.0825
8.4,46,71.1174,75.7833,28.5634,12.8984,17.688,15.2898,26.7023
8.4,47,19.3346,99.6369,19.8992,-7.5355,9.285,24.7219,27.4621
8.4,48,7.021,79.2205,16.4309,8.1193,13.7893,19.1885,24.9854
8.4,49,199.0594,5.676,23.2871,8.3478,7.1644,1.579,11.1134
8.5,0,44.5854,178.7239,8.6409,-1.955,-11.2829,-18.3391,21.6206
8.5,1,5.7187,149.5313,28.0529,-15.461,9.2865,-14.9102,23.4008
8.5,2,182.4872,32.9499,1.8393,2.5408,-10.1531,24.6489,26.7788
8.5,3,114.0953,185.8201,29.8345,4.4438,-8.1986,-11.8297,15.0634
8.5,4,146.1625,155.0831,10.5522,2.2091,2.5798,4.1565,5.3677
8.5,5,151.1649,143.8054,41.057,1.7786,23.6068,3.7371,23.9669
8.5,6,77.0242,75.6437,36.5334,-0.325,2.574,-34.8645,34.9609
8.5,7,125.2159,74.7822,32.1383,4.2927,7.3724,10.8935,13.8365
8.5,8,26.1532,21.648,31.7744,-2.3037,1.8448,10.0955,10.518
8.5,9,37.4121,185.0385,32.8966,1.7291,4.6227,12.515,13.453
8.5,10,126.1991,91.4482,19.21,-7.736,-5.2958,15.0869,17.7625
8.5,11,109.7981,29.6987,49.9907,0.246,0.1825,12.5236,12.5274
8.5,12,112.2643,53.5058,6.5772,-1.853,14.7285,4.1314,15.4088
8.5,13,177.0897,99.5065,17.1129,-1.4334,-2.4419,23.9796,24.1462
8.5,14,119.5541,60.3133,21.1132,-1.974,1.462,15.153,15.3508
8.5,15,115.621,172.034,18.2946,-12.3812,6.6592,-9.3464,16.8818
8.5,16,93.0517,157.0709,44.1324,0.7651,-2.4635,5.6389,6.2009
8.5,17,58.0929,141.8072,45.982,19.6492,-1.9183,25.8644,32.5383
8.5,18,2.1984,83.6363,5.9109,-10.2237,-4.4293,13.112,17.2066
8.5,19,91.9756,124.4133,33.1347,4.1774,2.2647,14.0632,14.8443
8.5,20,49.684,114.3508,21.7586,5.6649,4.2758,-2.7025,7.5945
8.5,21,91.511,137.5779,19.5053,22.4048,-4.4931,-7.4203,24.0255
8.5,22,164.8409,29.625,20.0226,-12.0307,-25.2508,13.1675,30.9147
8.5,23,40.5662,72.6456,31.6617,0.071,-4.5736,4.2364,6.2346
8.5,24,2.4988,22.4364,14.9105,-1.5525,-3.0834,8.6982,9.3582
8.5,25,47.9381,102.7971,2.0849,1.5282,3.2275,8.6863,9.3917
8.5,26,51.231,68.3022,36.1583,-16.7882,5.6465,14.7789,23.0682
8.5,27,134.0242,12.9098,38.5376,1.311,-4.2068,32.3381,32.6369
8.5,28,111.2627,11.2939,46.0628,6.4435,-7.1837,-15.352,18.1331
8.5,29,153.1964,121.6111,45.303,0.1891,2.372,15.1282,15.3142
8.5,30,131.8375,32.2477,28.7073,-4.6154,-3.1775,-27.4083,27.9752
8.5,31,78.9308,164.7292,25.355,14.8038,22.4142,4.7422,27.2771
8.5,32,149.3494,111.1204,27.9363,3.3491,-0.8987,-11.9081,12.4027
8.5,33,29.7071,71.6592,3.7098,-0.133,9.6005,2.083,9.8248
8.5,34,14.0684,124.9747,38.1553,-2.1658,-14.6467,-5.3247,15.7343
8.5,35,28.398,7.5551,29.1143,0.8487,7.1179,-27.3441,28.2681
8.5,36,148.5578,194.7434,7.0877,-17.2284,-15.3929,11.6,25.8519
8.5,37,107.1228,114.5477,11.2135,-10.0778,-15.719,16.5871,24.9756
8.5,38,27.429,156.9245,37.9389,-7.3556,13.6986,-25.5192,29.8829
8.5,39,84.5381,0.2546,7.0577,4.5712,9.9021,7.6363,13.3139
8.5,40,40.2544,111.5236,28.9844,6.0892,-5.3432,-12.8501,15.1905
8.5,41,145.3668,105.8481,40.9707,1.6087,-2.072,-5.6951,6.2702
8.5,42,87.0029,188.6788,19.1958,-6.7439,12.1227,-27.7926,31.0624
8.5,43,85.7765,125.6627,41.3062,-0.7606,-21.3795,6.8826,22.4729
8.5,44,57.7807,105.6407,36.595,-8.3122,-3.2603,10.7099,13.9437
8.5,45,107.7982,46.0121,4.9435,-5.6445,-3.7142,2.1228,7.0825
8.5,46,69.6271,75.9961,30.7688,-14.9027,2.1281,22.0543,26.7023
8.5,47,17.2065,98.0854,20.6776,-21.2807,-15.5148,7.784,27.4621
8.5,48,7.9989,80.3389,18.4399,9.7783,11.1836,20.0893,24.9854
8.5,49,198.9906,5.7204,24.3954,-0.6883,0.4438,11.0832,11.1134
8.6,0,43.6499,179.4883,6.8478,-9.3541,7.6439,-17.931,21.6206
8.6,1,6.1379,150.1079,30.2818,4.192,5.7654,22.2886,23.4008
8.6,2,183.5961,34.2141,3.9234,11.089,12.6414,20.8407,26.7788
8.6,3,113.0069,185.0555,29.1275,-10.8832,-7.6466,-7.0704,15.0634
8.6,4,146.0784,155.0575,11.0817,-0.8407,-0.2563,5.2953,5.3677
8.6,5,151.8214,145.3025,39.3044,6.5643,14.9714,-17.5265,23.9669
8.6,6,79.4944,73.3847,35.5245,24.7021,-22.5895,-10.0886,34.9609
8.6,7,125.9528,74.5769,33.2912,7.3693,-2.0535,11.5293,13.8365
8.6,8,26.1322,22.6828,31.5867,-0.2091,10.3471,-1.8771,10.518
8.6,9,37.6541,185.9097,31.9005,2.4198,8.7125,-9.9609,13.453
8.6,10,126.5647,93.0335,18.497,3.6564,15.8527,-7.1293,17.7625
8.6,11,108.8459,30.5128,49.9935,-9.5219,8.1406,0.0284,12.5274
8.6,12,113.129,52.365,7.1473,8.6474,-11.4083,5.7013,15.4088
8.6,13,175.1877,98.197,16.4073,-19.0205,-13.0948,-7.056,24.1462
8.6,14,120.9205,60.9308,20.7845,13.6642,6.1751,-3.2873,15.3508
8.6,15,114.394,172.2443,17.1543,-12.2695,2.1033,-11.403,16.8818
8.6,16,93.5714,157.4022,44.2011,5.1965,3.313,0.6872,6.2009
8.6,17,56.3722,142.9575,43.4713,-17.207,11.503,-25.1066,32.5383
8.6,18,1.6267,84.0326,7.4847,-5.7166,3.9632,15.7378,17.2066
8.6,19,91.3447,123.5636,34.1757,-6.3088,-8.497,10.4093,14.8443
8.6,20,48.9895,114.1278,21.5474,-6.9455,-2.2304,-2.1124,7.5945
8.6,21,92.7208,136.3643,21.1893,12.0982,-12.1356,16.84,24.0255
8.6,22,164.9085,29.6319,16.9319,0.6759,0.0694,-30.9073,30.9147
8.6,23,40.6489,72.1013,31.3691,0.827,-5.4428,-2.9262,6.2346
8.6,24,3.4089,22.5669,14.736,9.1011,1.3045,-1.7448,9.3582
8.6,25,47.6254,103.6782,1.9959,-3.1277,8.8108,-0.8898,9.3917
8.6,26,52.4225,67.1787,37.783,11.9143,-11.2358,16.2466,23.0682
8.6,27,133.885,12.5557,41.779,-1.3914,-3.5412,32.4144,32.6369
8.6,28,112.0563,12.7814,45.3952,7.9362,14.8749,-6.6754,18.1331
8.6,29,151.8329,121.6902,44.6103,-13.6352,0.7904,-6.9268,15.3142
8.6,30,131.3756,29.658,29.6591,-4.6197,-25.8971,9.5189,27.9752
8.6,31,80.8781,163.9203,23.6246,19.4727,-8.0883,-17.3042,27.2771
8.6,32,148.9953,110.7222,26.8163,-3.5407,-3.9818,-11.1998,12.4027
8.6,33,29.8241,71.6775,4.6851,1.17,0.1829,9.7532,9.8248
8.6,34,13.1821,124.9764,39.4554,-8.8632,0.0166,13.0005,15.7343
8.6,35,28.6085,7.8563,31.9171,2.1045,3.0129,28.0282,28.2681
8.6,36,150.119,195.2267,5.0846,15.6117,4.8328,-20.031,25.8519
8.6,37,107.0091,114.4666,8.7199,-1.1375,-0.8103,-24.9365,24.9756
8.6,38,27.9223,154.0359,37.3537,4.9334,-28.886,-5.8518,29.8829
8.6,39,84.8067,0.3165,8.3603,2.6864,0.6193,13.0254,13.3139
8.6,40,40.3884,110.8983,27.6066,1.3397,-6.2535,-13.7786,15.1905
8.6,41,145.3057,105.6309,40.3857,-0.6106,-2.1724,-5.8501,6.2702
8.6,42,87.0112,188.0112,16.1622,0.0833,-6.6758,-30.3364,31.0624
8.6,43,85.8266,127.1742,42.9684,0.5008,15.1153,16.6225,22.4729
8.6,44,57.099,106.1791,37.6857,-6.8164,5.3844,10.9074,13.9437
8.6,45,108.2209,46.4078,5.3514,4.2267,3.9567,4.0793,7.0825
8.6,46,69.6581,76.44,28.1359,0.3103,4.4388,-26.3289,26.7023
8.6,47,16.5234,100.0689,22.4499,-6.8312,19.8345,17.7227,27.4621
8.6,48,6.9568,82.574,18.0384,-10.421,22.3507,-4.0148,24.9854
8.6,49,199.2306,6.1917,23.418,2.4002,4.7135,-9.774,11.1134
8.7,0,43.4161,180.2907,8.8418,-2.3381,8.0242,19.9398,21.6206
8.7,1,4.5038,150.0961,28.6068,-16.3402,-0.1177,-16.7505,23.4008
8.7,2,182.3119,36.5621,3.8306,-12.8417,23.4806,-0.9282,26.7788
8.7,3,113.1448,185.0289,27.6277,1.379,-0.2653,-14.9978,15.0634
8.7,4,146.0636,155.0598,10.5451,-0.1478,0.0237,-5.3656,5.3677
8.7,5,150.492,146.6803,40.7461,-13.2933,13.7781,14.4175,23.9669
8.7,6,78.9051,72.2603,32.2671,-5.8936,-11.2446,-32.5743,34.9609
8.7,7,125.1525,73.4673,33.4982,-8.0034,-11.0954,2.0704,13.8365
8.7,8,26.9908,22.6959,32.1942,8.5851,0.1316,6.0751,10.518
8.7,9,37.5541,185.8176,30.5621,-1.0003,-0.9215,-13.3841,13.453
8.7,10,126.6333,94.7854,18.2122,0.6862,17.5192,-2.848,17.7625
8.7,11,108.1032,31.2533,49.3215,-7.4276,7.4058,-6.8499,12.5274
8.7,12,112.9873,51.8614,8.5967,-1.417,-5.0363,14.4934,15.4088
8.7,13,173.363,97.5091,14.9833,-18.2464,-6.8798,-14.24,24.1462
8.7,14,120.8362,61.0221,22.3146,-0.8426,0.9126,15.3005,15.3508
8.7,15,114.7868,172.9321,18.6452,3.9284,6.8782,14.9081,16.8818
8.7,16,93.0197,157.3831,44.4837,-5.5162,-0.1901,2.8262,6.2009
8.7,17,55.0769,145.7388,42.3877,-12.9525,27.8126,-10.8366,32.5383
8.7,18,2.7847,83.3273,8.544,11.5799,-7.0535,10.5934,17.2066
8.7,19,90.5532,123.3901,35.4194,-7.9153,-1.7352,12.4374,14.8443
8.7,20,49.4016,113.666,21.1074,4.1216,-4.6183,-4.4,7.5945
8.7,21,92.6791,136.3988,23.5912,-0.4173,0.3445,24.0194,24.0255
8.7,22,165.3178,28.8582,19.8969,4.093,-7.7378,29.6495,30.9147
8.7,23,41.2328,72.3179,31.3407,5.8393,2.1662,-0.2839,6.2346
8.7,24,3.1957,23.2501,15.3389,-2.1311,6.8326,6.029,9.3582
8.7,25,48.4511,104.1199,2.0667,8.2578,4.4173,0.7077,9.3917
8.7,26,53.9656,67.4896,39.4692,15.4318,3.1099,16.8621,23.0682
8.7,27,135.3583,11.732,44.5723,14.7328,-8.2371,27.9332,32.6369
8.7,28,112.029,12.6521,43.5868,-0.2732,-1.2932,-18.0848,18.1331
8.7,29,151.5666,121.4235,43.1259,-2.6626,-2.6662,-14.8434,15.3142
8.7,30,128.9898,29.1641,28.2843,-23.8578,-4.9396,-13.7484,27.9752
8.7,31,80.2455,163.6248,26.2614,-6.3253,-2.9548,26.3685,27.2771
8.7,32,148.2373,109.8212,26.4267,-7.5799,-9.0105,-3.8966,12.4027
8.7,33,29.9815,71.3761,5.6069,1.5736,-3.0141,9.2177,9.8248
8.7,34,11.9003,124.0829,39.2701,-12.8179,-8.9352,-1.8526,15.7343
8.7,35,28.5886,5.6291,30.1765,-0.1986,-22.2727,-17.4061,28.2681
8.7,36,149.9654,196.0055,7.5448,-1.5355,7.7889,24.6028,25.8519
8.7,37,109.4353,114.1098,9.193,24.2624,-3.5679,4.7317,24.9756
8.7,38,30.574,154.5746,36.0855,26.5165,5.3867,-12.6823,29.8829
8.7,39,84.6667,0.4375,7.0418,-1.4008,1.2105,-13.1846,13.3139
8.7,40,40.7711,110.5481,26.1788,3.8269,-3.5021,-14.2773,15.1905
8.7,41,145.418,105.8717,39.8178,1.1236,2.4082,-5.6792,6.2702
8.7,42,88.797,190.2071,14.8825,17.8575,21.9593,-12.7972,31.0624
8.7,43,84.4199,128.7612,43.7119,-14.0677,15.8699,7.435,22.4729
8.7,44,56.0665,106.6794,36.8933,-10.3249,5.0023,-7.9246,13.9437
8.7,45,108.3532,46.3489,4.6581,1.3228,-0.5883,-6.933,7.0825
8.7,46,70.6748,74.748,26.3376,10.1673,-16.9191,-17.9828,26.7023
8.7,47,13.9562,100.6582,21.6728,-25.6721,5.8928,-7.7708,27.4621
8.7,48,7.0166,82.5637,20.5362,0.598,-0.1025,24.978,24.9854
8.7,49,198.5735,5.3739,23.0514,-6.571,-8.1786,-3.6663,11.1134
8.8,0,44.9442,181.2496,7.6502,15.2808,9.5895,-11.9159,21.6206
8.8,1,2.4653,148.9567,28.7551,-20.3857,-11.3938,1.4837,23.4008
8.8,2,184.6512,35.2692,3.6655,23.3927,-12.9292,-1.6504,26.7788
8.8,3,113.4124,183.8892,28.5756,2.6754,-11.3973,9.4788,15.0634
8.8,4,146.2711,154.7151,10.9005,2.0744,-3.4471,3.5534,5.3677
8.8,5,152.1143,145.8948,42.3258,16.2224,-7.855,15.797,23.9669
8.8,6,77.5523,70.6955,29.4486,-13.5276,-15.6474,-28.1855,34.9609
8.8,7,126.5178,73.4238,33.2779,13.653,-0.4357,-2.2034,13.8365
8.8,8,27.5659,22.818,33.0663,5.7518,1.2206,8.721,10.518
8.8,9,38.1909,184.7383,30.0729,6.3684,-10.7932,-4.8922,13.453
8.8,10,126.688,94.7167,19.9863,0.547,-0.6871,17.7407,17.7625
8.8,11,109.0918,30.6829,48.8052,9.8861,-5.7049,-5.1628,12.5274
8.8,12,111.461,52.0721,8.5854,-15.2637,2.1069,-0.1129,15.4088
8.8,13,173.9287,95.1696,14.7902,5.6564,-23.3948,-1.9304,24.1462
8.8,14,121.3443,62.4354,21.997,5.0803,14.1334,-3.176,15.3508
8.8,15,114.1594,172.4571,20.1387,-6.2747,-4.7501,14.9352,16.8818
8.8,16,92.8364,157.6086,43.9359,-1.8334,2.2551,-5.4777,6.2009
8.8,17,52.4596,143.9317,43.0742,-26.1735,-18.071,6.8648,32.5383
8.8,18,2.0622,81.8968,9.1704,-7.2253,-14.3048,6.2638,17.2066
8.8,19,90.1701,123.9384,36.7446,-3.831,5.4825,13.2521,14.8443
8.8,20,49.5522,114.3651,21.3628,1.5058,6.9917,2.5546,7.5945
8.8,21,92.548,136.6697,25.9748,-1.3103,2.7095,23.8362,24.0255
8.8,22,164.6958,27.8221,22.7424,-6.2194,-10.3609,28.4551,30.9147
8.8,23,40.987,71.821,31.0555,-2.4585,-4.9689,-2.8524,6.2346
8.8,24,3.174,22.852,16.1855,-0.2174,-3.9811,8.4664,9.3582
8.8,25,48.5367,104.2071,2.9979,0.8554,0.8721,9.3119,9.3917
8.8,26,54.6616,65.9742,37.8753,6.9596,-15.1547,-15.9388,23.0682
8.8,27,134.195,8.8909,45.6799,-11.6329,-28.4109,11.0755,32.6369
8.8,28,113.407,12.9195,42.4389,13.78,2.674,-11.4791,18.1331
8.8,29,150.8672,122.5962,43.8193,-6.9948,11.7268,6.9339,15.3142
8.8,30,128.1963,29.3325,25.607,-7.935,1.6843,-26.7734,27.9752
8.8,31,78.9505,165.1779,28.0921,-12.9502,15.531,18.3063,27.2771
8.8,32,149.1261,110.6291,26.1175,8.8881,8.0791,-3.0912,12.4027
8.8,33,30.2319,72.2881,5.873,2.5044,9.1199,2.6611,9.8248
8.8,34,12.0265,124.1025,37.7019,1.2618,0.1963,-15.6824,15.7343
8.8,35,30.5151,6.9046,31.8052,19.2652,12.7551,16.2864,28.2681
8.8,36,149.7011,198.577,7.5123,-2.6428,25.7144,-0.3256,25.8519
8.8,37,110.417,112.0225,10.1506,9.8175,-20.8734,9.5759,24.9756
8.8,38,28.1079,154.158,34.4501,-24.6612,-4.1665,-16.3539,29.8829
8.8,39,84.1429,0.7065,5.8477,-5.2379,2.6897,-11.9411,13.3139
8.8,40,39.991,109.2811,25.8728,-7.8011,-12.67,-3.0604,15.1905
8.8,41,145.312,105.8434,40.4351,-1.0607,-0.2831,6.1733,6.2702
8.8,42,90.1779,191.706,12.5383,13.8091,14.9884,-23.442,31.0624
8.8,43,84.7473,130.646,44.8912,3.2744,18.848,11.7925,22.4729
8.8,44,56.1039,106.8936,35.5159,0.3736,2.1422,-13.7731,13.9437
8.8,45,107.9094,46.0267,5.1063,-4.4376,-3.2221,4.4819,7.0825
8.8,46,68.9091,75.1822,24.3822,-17.6572,4.342,-19.5546,26.7023
8.8,47,11.8912,102.4199,21.2561,-20.65,17.6177,-4.1667,27.4621
8.8,48,4.8738,81.7672,19.5277,-21.4275,-7.9646,-10.0845,24.9854
8.8,49,198.9525,5.3019,22.0091,3.7899,-0.7201,-10.4224,11.1134
8.9,0,44.3471,182.1213,5.7639,-5.9708,8.717,-18.863,21.6206
8.9,1,2.3029,149.1798,31.0789,-1.6236,2.231,23.2375,23.4008
8.9,2,182.0358,34.9036,3.2213,-26.1534,-3.6561,-4.4428,26.7788
8.9,3,114.7391,183.6564,27.9014,13.2674,-2.3283,-6.7424,15.0634
8.9,4,146.2228,154.7243,10.366,-0.483,0.0921,-5.3451,5.3677
8.9,5,153.0875,145.3145,44.4378,9.732,-5.803,21.1193,23.9669
8.9,6,74.4195,71.4673,30.7949,-31.3279,7.7176,13.4635,34.9609
8.9,7,127.5604,74.2595,32.9187,10.4259,8.3574,-3.5921,13.8365
8.9,8,27.6571,23.5455,32.3122,0.912,7.2753,-7.541,10.518
8.9,9,37.3837,185.2684,31.0095,-8.0719,5.301,9.3663,13.453
8.9,10,126.55,94.9862,21.7366,-1.3808,2.6946,17.5025,17.7625
8.9,11,109.8674,29.8123,48.347,7.7559,-8.7055,-4.582,12.5274
8.9,12,111.1864,51.5011,7.1808,-2.7462,-5.7093,-14.0461,15.4088
8.9,13,173.2128,94.7859,12.5163,-7.1583,-3.8368,-22.7393,24.1462
8.9,14,121.3136,62.4371,20.4622,-0.3063,0.0169,-15.3478,15.3508
8.9,15,113.1879,173.1887,21.3095,-9.715,7.3162,11.7084,16.8818
8.9,16,92.8088,157.5852,44.555,-0.2759,-0.2347,6.1903,6.2009
8.9,17,52.5116,143.9834,46.3272,0.5204,0.5178,32.53,32.5383
8.9,18,2.6259,82.8171,10.5105,5.6369,9.203,13.4014,17.2066
8.9,19,89.9329,124.6224,35.4488,-2.3718,6.8409,-12.9588,14.8443
8.9,20,49.5775,114.4119,22.1204,0.2525,0.4676,7.5759,7.5945
8.9,21,91.6373,134.8225,24.7377,-9.1073,-18.4722,-12.3717,24.0255
8.9,22,167.3421,28.2373,21.1991,26.4631,4.1519,-15.4333,30.9147
8.9,23,41.2644,72.2592,31.4016,2.7737,4.3815,3.4611,6.2346
8.9,24,3.2916,22.7695,15.2608,1.1757,-0.8251,-9.2473,9.3582
8.9,25,49.0254,104.1996,3.7998,4.8872,-0.0754,8.0196,9.3917
8.9,26,54.6421,65.9757,40.1821,-0.1953,0.0153,23.0674,23.0682
8.9,27,132.0769,8.9526,48.1621,-21.1816,0.6164,24.822,32.6369
8.9,28,113.5752,11.7834,43.8421,1.6824,-11.3608,14.0324,18.1331
8.9,29,152.2715,122.9212,43.302,14.0429,3.2494,-5.1733,15.3142
8.9,30,127.6805,29.5871,22.8692,-5.1581,2.5462,-27.3774,27.9752
8.9,31,80.2895,166.1485,30.2613,13.3893,9.7058,21.6925,27.2771
8.9,32,148.1651,111.3188,26.4903,-9.6105,6.8973,3.7272,12.4027
8.9,33,30.5066,72.2601,6.8159,2.7464,-0.2801,9.429,9.8248
8.9,34,12.0393,123.542,36.2317,0.128,-5.6047,-14.7017,15.7343
8.9,35,32.8183,6.6875,30.1806,23.0318,-2.1704,-16.2454,28.2681
8.9,36,149.643,196.2363,6.4164,-0.5812,-23.4069,-10.959,25.8519
8.9,37,108.7872,110.7064,11.5106,-16.2986,-13.1605,13.5992,24.9756
8.9,38,28.1569,152.3104,36.7983,0.4901,-18.4757,23.4818,29.8829
8.9,39,84.055,0.5697,7.1691,-0.8792,-1.3682,13.2142,13.3139
8.9,40,38.8059,109.5533,24.9623,-11.8507,2.7221,-9.1051,15.1905
8.9,41,145.1464,106.448,40.4226,-1.656,6.0463,-0.1253,6.2702
8.9,42,89.8979,191.6703,9.4449,-2.7996,-0.3569,-30.9339,31.0624
8.9,43,84.6617,132.2476,43.3171,-0.8555,16.0164,-15.7409,22.4729
8.9,44,54.8218,107.0012,34.9783,-12.8204,1.0758,-5.3763,13.9437
8.9,45,108.321,46.5652,5.3121,4.1155,5.3845,2.0571,7.0825
8.9,46,66.4714,74.1202,24.1379,-24.3771,-10.6209,-2.4423,26.7023
8.9,47,11.9653,104.9199,20.1219,0.741,24.9994,-11.3423,27.4621
8.9,48,4.2485,83.9921,20.4772,-6.2534,22.2489,9.4946,24.9854
8.9,49,198.3827,5.3053,22.9632,-5.6986,0.0348,9.5411,11.1134
9.0,0,44.4169,183.455,7.4642,0.6978,13.3372,17.0024,21.6206
9.0,1,1.1222,150.9681,30.1388,-11.8075,17.883,-9.401,23.4008
9.0,2,181.5153,33.115,1.2974,-5.2056,-17.8858,-19.2382,26.7788
9.0,3,114.9959,182.2089,28.2299,2.5676,-14.4748,3.2853,15.0634
9.0,4,146.2331,154.7043,9.8297,0.1028,-0.2006,-5.363,5.3677
9.0,5,153.6897,147.6197,44.1777,6.0221,23.0518,-2.6002,23.9669
9.0,6,72.8219,71.0649,33.8785,-15.9762,-4.0237,30.8356,34.9609
9.0,7,127.8112,74.0773,34.2671,2.5086,-1.8224,13.4846,13.8365
9.0,8,26.9367,24.1268,31.8129,-7.2047,5.813,-4.993,10.518
9.0,9,36.2867,185.7856,31.5916,-10.9703,5.1721,5.821,13.453
9.0,10,127.706,94.8756,20.3925,11.5602,-1.1057,-13.4404,17.7625
9.0,11,110.8002,30.6146,48.5826,9.3282,8.0232,2.3556,12.5274
9.0,12,110.8826,50.4405,6.1051,-3.0379,-10.6062,-10.7569,15.4088
9.0,13,174.5988,92.8829,13.0531,13.8597,-19.0299,5.3677,24.1462
9.0,14,121.774,63.0774,19.1451,4.6032,6.4026,-13.1706,15.3508
9.0,15,113.1192,172.8865,22.969,-0.6864,-3.0221,16.5949,16.8818
9.0,16,92.597,157.6259,45.1363,-2.118,0.4076,5.8137,6.2009
9.0,17,54.22,141.7197,44.7321,17.0838,-22.6375,-15.9508,32.5383
9.0,18,3.554,82.2071,11.8248,9.2809,-6.1004,13.1422,17.2066
9.0,19,90.2382,124.3074,34.0306,3.0529,-3.1509,-14.1812,14.8443
9.0,20,50.0859,114.6295,22.6409,5.0839,2.1767,5.2051,7.5945
9.0,21,91.7175,132.9613,23.2206,0.8022,-18.6124,-15.171,24.0255
9.0,22,168.4678,27.6324,18.384,11.2566,-6.0484,-28.1501,30.9147
9.0,23,40.8823,71.8943,31.7327,-3.8203,-3.6489,3.3107,6.2346
9.0,24,2.5409,22.2178,15.1722,-7.5066,-5.5173,-0.8863,9.3582
9.0,25,49.9232,104.4605,3.8886,8.9783,2.6088,0.8879,9.3917
9.0,26,56.0648,64.1659,40.3308,14.2271,-18.0976,1.4868,23.0682
9.0,27,132.6573,9.1267,44.9551,5.8042,1.7419,-32.0694,32.6369
9.0,28,113.462,12.052,42.0524,-1.1323,2.6853,-17.8973,18.1331
9.0,29,153.5712,122.2678,43.7806,12.9973,-6.5339,4.7857,15.3142
9.0,30,130.1409,28.7833,23.9306,24.6041,-8.0379,10.6134,27.9752
9.0,31,80.6917,166.128,27.5635,4.0226,-0.2049,-26.9781,27.2771
9.0,32,147.0268,111.4888,26.028,-11.3829,1.7002,-4.6222,12.4027
9.0,33,30.9123,73.0873,7.157,4.0572,8.2724,3.4107,9.8248
9.0,34,10.6567,123.647,36.9753,-13.8266,1.0493,7.4359,15.7343
9.0,35,33.9806,7.5581,32.6059,11.6226,8.7052,24.2532,28.2681
9.0,36,151.387,194.4375,5.7792,17.4398,-17.9883,-6.3715,25.8519
9.0,37,106.4947,109.7898,11.8878,-22.9246,-9.1661,3.772,24.9756
9.0,38,25.7653,153.9466,37.5283,-23.9159,16.362,7.3006,29.8829
9.0,39,85.0257,1.0996,6.4279,9.7072,5.2994,-7.4126,13.3139
9.0,40,38.5943,109.6967,23.4649,-2.1166,1.4337,-14.9739,15.1905
9.0,41,145.1519,106.4418,39.7956,0.0555,-0.062,-6.2696,6.2702
9.0,42,89.4565,190.2059,12.1485,-4.414,-14.6439,27.036,31.0624
9.0,43,85.8105,132.9024,41.4999,11.4873,6.548,-18.1713,22.4729
9.0,44,55.5079,108.0809,35.5331,6.8608,10.797,5.5479,13.9437
9.0,45,107.7849,46.9957,5.4818,-5.3611,4.3056,1.6976,7.0825
9.0,46,68.5122,75.63,23.3099,20.4079,15.0983,-8.2807,26.7023
9.0,47,13.2211,104.3675,22.5009,12.5577,-5.5243,23.7898,27.4621
9.0,48,3.0798,82.3339,21.9356,-11.6868,-16.5826,14.5843,24.9854
9.0,49,198.4483,5.3499,21.8547,0.6566,0.4452,-11.0851,11.1134
9.1,0,44.7305,181.6026,8.5339,3.1365,-18.5248,10.6979,21.6206
9.1,1,0.9186,150.8783,31.2803,20.408,-0.898,11.415,23.4008
9.1,2,179.9869,35.3037,1.5089,-15.2838,21.8869,2.1149,26.7788
9.1,3,114.7793,180.728,28.0595,-2.1661,-14.8091,-1.7037,15.0634
9.1,4,146.0671,154.3135,10.1581,-1.6599,-3.9075,3.2846,5.3677
9.1,5,152.8523,149.7121,44.9931,-8.3739,20.9239,8.1535,23.9669
9.1,6,76.2964,70.6932,33.7684,34.7453,-3.7169,-1.1003,34.9609
9.1,7,127.4926,73.6461,32.9916,-3.1866,-4.3119,-12.7554,13.8365
9.1,8,26.2698,23.6043,32.4363,-6.6684,-5.2251,6.2338,10.518
9.1,9,37.3785,186.2983,32.1872,10.9184,5.1278,5.9564,13.453
9.1,10,127.4198,96.4117,19.5478,-2.8622,15.361,-8.447,17.7625
9.1,11,109.7349,30.9833,48.0361,-10.6529,3.6867,-5.4645,12.5274
9.1,12,110.1475,49.6516,5.0043,-7.3504,-7.8894,-11.0073,15.4088
9.1,13,174.3115,92.8598,15.4504,-2.8729,-0.2309,23.9736,24.1462
9.1,14,121.8273,62.4268,20.5345,0.5339,-6.5054,13.894,15.3508
9.1,15,112.9885,174.5386,23.2908,-1.3073,16.5206,3.218,16.8818
9.1,16,92.4221,157.0617,44.9478,-1.7492,-5.6424,-1.8855,6.2009
9.1,17,55.1928,139.5322,46.9357,9.7279,-21.8749,22.0363,32.5383
9.1,18,3.7158,80.5006,11.9745,1.6185,-17.0648,1.497,17.2066
9.1,19,90.2529,124.1958,35.5108,0.1469,-1.1155,14.8016,14.8443
9.1,20,50.1859,114.5452,21.8928,1.0004,-0.8436,-7.4809,7.5945
9.1,21,91.9405,133.0916,20.8319,2.2299,1.3033,-23.8863,24.0255
9.1,22,167.4841,24.7772,19.0453,-9.8374,-28.5522,6.6121,30.9147
9.1,23,41.2468,71.8216,31.2321,3.6446,-0.7267,-5.0059,6.2346
9.1,24,1.7481,21.8222,15.4733,-7.9283,-3.9554,3.0119,9.3582
9.1,25,50.0447,105.0434,4.6149,1.2141,5.829,7.2631,9.3917
9.1,26,57.0345,64.1583,38.2377,9.6976,-0.0759,-20.9307,23.0682
9.1,27,134.119,11.9813,44.3497,14.6176,28.5454,-6.0543,32.6369
9.1,28,112.6919,13.3438,43.0653,-7.7013,12.9187,10.1294,18.1331
9.1,29,153.9303,122.9415,45.1081,3.5912,6.7377,13.2752,15.3142
9.1,30,127.4128,29.4019,23.8984,-27.2809,6.1857,-0.3213,27.9752
9.1,31,79.2552,166.931,25.3881,-14.3647,8.0297,-21.7536,27.2771
9.1,32,145.8331,111.5546,26.3583,-11.9367,0.6576,3.3028,12.4027
9.1,33,31.7869,72.6621,7.0171,8.746,-4.2517,-1.3991,9.8248
9.1,34,9.6329,123.7873,38.1618,-10.238,1.403,11.8652,15.7343
9.1,35,31.2085,7.3026,33.097,-27.7209,-2.5547,4.9105,28.2681
9.1,36,152.8927,193.138,4.1278,15.0574,-12.9946,-16.5147,25.8519
9.1,37,107.214,108.2038,13.678,7.1923,-15.8605,17.9025,24.9756
9.1,38,25.9578,156.924,37.6949,1.9254,29.7742,1.6652,29.8829
9.1,39,85.7281,1.1568,5.2983,7.0239,0.5717,-11.296,13.3139
9.1,40,37.5713,108.6142,23.7639,-10.2292,-10.8246,2.9903,15.1905
9.1,41,145.2088,106.3579,40.4144,0.5689,-0.8388,6.1877,6.2702
9.1,42,87.1111,189.3971,14.0176,-23.4545,-8.0879,18.6907,31.0624
9.1,43,86.2484,134.6619,40.1722,4.3791,17.5944,-13.2775,22.4729
9.1,44,55.4482,106.9831,36.3907,-0.5969,-10.978,8.5764,13.9437
9.1,45,107.5188,46.5151,5.0348,-2.6607,-4.8067,-4.4697,7.0825
9.1,46,66.0838,74.5785,23.6669,-24.2839,-10.5145,3.5703,26.7023
9.1,47,15.0093,102.2959,22.7301,17.8821,-20.7159,2.2919,27.4621
9.1,48,3.4539,80.6221,20.1545,3.7408,-17.1179,-17.8115,24.9854
9.1,49,197.9618,4.4913,21.3436,-4.865,-8.5858,-5.1112,11.1134
9.2,0,46.399,180.9683,9.754,16.6843,-6.3427,12.2005,21.6206
9.2,1,0.9106,153.0064,32.2535,-0.08,21.2809,9.732,23.4008
9.2,2,180.7602,32.975,2.5813,7.7331,-23.2876,10.7235,26.7788
9.2,3,114.3273,179.9371,26.8598,-4.5194,-7.9084,-11.9974,15.0634
9.2,4,145.5578,154.2076,10.2905,-5.0929,-1.059,1.3242,5.3677
9.2,5,154.2892,151.3948,45.914,14.3687,16.8268,9.2092,23.9669
9.2,6,77.2569,73.9661,34.5354,9.6045,32.729,7.6699,34.9609
9.2,7,127.8223,74.3351,31.8379,3.2967,6.8907,-11.5368,13.8365
9.2,8,25.5825,23.1873,33.1145,-6.8733,-4.1702,6.7821,10.518
9.2,9,37.6811,186.2473,30.8774,3.0255,-0.5107,-13.0984,13.453
9.2,10,128.6414,95.224,20.0498,12.2163,-11.8773,5.0198,17.7625
9.2,11,110.9472,31.1773,47.7869,12.1229,1.9397,-2.4918,12.5274
9.2,12,109.9855,50.73,3.9157,-1.6198,10.7845,-10.8859,15.4088
9.2,13,175.0674,94.0067,17.4363,7.5586,11.4688,19.8589,24.1462
9.2,14,122.6237,62.3042,19.2279,7.9636,-1.2266,-13.0662,15.3508
9.2,15,113.0204,174.8899,24.9417,0.3186,3.5137,16.509,16.8818
9.2,16,92.4883,157.2715,45.5275,0.6625,2.0977,5.7976,6.2009
9.2,17,53.0558,137.5033,45.5558,-21.3693,-20.2894,-13.7998,32.5383
9.2,18,2.3944,80.0137,10.9858,-13.2138,-4.8689,-9.8871,17.2066
9.2,19,90.3468,124.8101,34.1627,0.9393,6.1428,-13.481,14.8443
9.2,20,50.0912,114.372,22.6262,-0.9467,-1.7315,7.3337,7.5945
9.2,21,93.7544,134.3581,21.769,18.1391,12.6646,9.3704,24.0255
9.2,22,167.79,24.8146,15.9692,3.059,0.3741,-30.7608,30.9147
9.2,23,41.7882,72.13,31.2536,5.414,3.0842,0.2154,6.2346
9.2,24,1.5834,22.0093,14.5713,-1.6465,1.8707,-9.0203,9.3582
9.2,25,50.9475,104.9005,4.8306,9.0283,-1.429,2.1566,9.3917
9.2,26,54.8295,63.4838,38.3026,-22.0505,-6.7453,0.6494,23.0682
9.2,27,134.144,11.1418,41.1959,0.2494,-8.3951,-31.5377,32.6369
9.2,28,112.2613,14.2369,44.5836,-4.3055,8.9308,15.1826,18.1331
9.2,29,153.7151,121.8384,44.0679,-2.1519,-11.0317,-10.4017,15.3142
9.2,30,130.1242,28.8169,24.262,27.1141,-5.8498,3.6356,27.9752
9.2,31,77.7067,168.8574,26.5421,-15.4851,19.2638,11.5394,27.2771
9.2,32,145.9796,111.5537,27.5899,1.4653,-0.0087,12.3158,12.4027
9.2,33,31.1532,71.9116,6.998,-6.3367,-7.5058,-0.191,9.8248
9.2,34,9.6293,123.3831,39.6825,-0.0358,-4.0412,15.2064,15.7343
9.2,35,31.1739,9.8403,31.8522,-0.3456,25.3776,-12.4476,28.2681
9.2,36,152.196,192.2617,6.458,-6.9672,-8.763,23.3021,25.8519
9.2,37,105.5323,108.0873,11.8351,-16.8165,-1.1648,-18.429,24.9756
9.2,38,28.2449,156.2814,39.5077,22.8706,-6.4265,18.1279,29.8829
9.2,39,86.0302,0.9505,4.0181,3.0218,-2.0627,-12.8013,13.3139
9.2,40,37.5183,108.6544,25.2815,-0.5301,0.4023,15.1759,15.1905
9.2,41,145.2942,106.3283,41.0349,0.8543,-0.2963,6.2046,6.2702
9.2,42,89.4004,187.374,13.4567,22.8935,-20.2313,-5.6082,31.0624
9.2,43,84.3592,133.4565,40.341,-18.8919,-12.0531,1.6883,22.4729
9.2,44,56.6043,107.6388,36.8123,11.5608,6.5574,4.216,13.9437
9.2,45,107.8051,46.9713,4.5749,2.8634,4.5619,-4.5991,7.0825
9.2,46,68.1021,75.637,25.0583,20.1833,10.5851,13.9141,26.7023
9.2,47,16.7445,103.6949,24.3342,17.3525,13.9905,16.0413,27.4621
9.2,48,5.9186,80.2627,20.3511,24.6472,-3.5944,1.9663,24.9854
9.2,49,198.079,4.9748,20.3498,1.1715,4.8351,-9.9377,11.1134
9.3,0,48.2803,179.9215,9.9528,18.8127,-10.468,1.9878,21.6206
9.3,1,1.9208,153.8975,30.34,10.1017,8.911,-19.1349,23.4008
9.3,2,179.2369,31.3696,4.089,-15.2335,-16.0539,15.0771,26.7788
9.3,3,115.4601,180.7942,26.3586,11.328,8.571,-5.0119,15.0634
9.3,4,145.7349,154.4392,9.8398,1.7708,2.3158,-4.5071,5.3677
9.3,5,154.7067,151.449,48.2734,4.1757,0.5419,23.5941,23.9669
9.3,6,74.9725,76.6116,34.6101,-22.8441,26.4548,0.7467,34.9609
9.3,7,126.9409,73.2755,31.9596,-8.8133,-10.5968,1.2171,13.8365
9.3,8,25.5215,23.179,34.1645,-0.6096,-0.083,10.5,10.518
9.3,9,37.1202,185.1542,30.3292,-5.6092,-10.9302,-5.4819,13.453
9.3,10,128.4978,94.9422,21.7977,-1.4355,-2.8181,17.4786,17.7625
9.3,11,111.5997,31.9678,48.507,6.5256,7.9056,7.2009,12.5274
9.3,12,111.3033,51.2264,4.5414,13.1774,4.9639,6.2568,15.4088
9.3,13,173.9232,92.8573,15.6474,-11.442,-11.4937,-17.8889,24.1462
9.3,14,122.4817,62.1002,17.7131,-1.4196,-2.0396,-15.1484,15.3508
9.3,15,111.4683,174.3123,24.6138,-15.5203,-5.7761,-3.2787,16.8818
9.3,16,92.4889,157.2913,44.9078,0.0053,0.198,-6.1978,6.2009
9.3,17,53.324,136.8353,42.3825,2.6819,-6.6797,-31.7321,32.5383
9.3,18,3.8561,80.7664,11.4934,14.6165,7.527,5.0763,17.2066
9.3,19,89.5851,123.9749,35.1249,-7.6174,-8.3516,9.6219,14.8443
9.3,20,50.3693,114.6345,21.97,2.7806,2.6247,-6.5617,7.5945
9.3,21,92.7434,132.8814,23.3719,-10.1106,-14.7668,16.0294,24.0255
9.3,22,167.3672,25.0549,19.0222,-4.2271,2.4031,30.53,30.9147
9.3,23,41.6986,71.6889,31.6849,-0.8962,-4.4119,4.313,6.2346
9.3,24,2.138,22.198,15.3011,5.5455,1.8867,7.2982,9.3582
9.3,25,50.2339,104.6431,5.3843,-7.1359,-2.5733,5.5373,9.3917
9.3,26,55.7477,64.6658,36.5473,9.1825,11.8193,-17.5536,23.0682
9.3,27,132.9251,8.4477,39.8146,-12.1883,-26.9407,-13.8135,32.6369
9.3,28,112.4712,14.4339,46.3739,2.0984,1.9695,17.9032,18.1331
9.3,29,154.9137,122.4357,44.8108,11.9858,5.9733,7.4287,15.3142
9.3,30,129.7289,27.1415,26.4672,-3.953,-16.7538,22.0521,27.9752
9.3,31,77.9535,168.9615,29.2566,2.4678,1.041,27.1453,27.2771
9.3,32,146.111,112.3676,26.6633,1.3136,8.1386,-9.2663,12.4027
9.3,33,31.5299,71.1693,6.4759,3.7663,-7.4222,-5.2204,9.8248
9.3,34,10.147,122.068,40.3738,5.1774,-13.1518,6.9133,15.7343
9.3,35,31.3054,9.6689,29.0337,1.3151,-1.7148,-28.1854,28.2681
9.3,36,151.0361,194.4997,7.0316,-11.5989,22.3804,5.736,25.8519
9.3,37,104.1418,107.8397,13.895,-13.9046,-2.4761,20.5988,24.9756
9.3,38,28.6557,153.5013,40.5238,4.1077,-27.8002,10.1616,29.8829
9.3,39,86.725,1.7586,3.22,6.9472,8.0811,-7.9808,13.3139
9.3,40,37.3328,107.5115,26.2648,-1.8551,-11.4291,9.8329,15.1905
9.3,41,145.5214,106.488,40.4727,2.2719,1.5964,-5.6218,6.2702
9.3,42,90.2626,186.8512,16.3948,8.6215,-5.2275,29.3805,31.0624
9.3,43,83.9036,132.9244,38.2057,-4.5563,-5.3219,-21.3529,22.4729
9.3,44,56.025,107.6632,38.0804,-5.7931,0.2438,12.681,13.9437
9.3,45,107.1002,47.0391,4.5701,-7.0498,0.6785,-0.0487,7.0825
9.3,46,69.1904,78.0021,24.4647,10.8828,23.6505,-5.9356,26.7023
9.3,47,15.1879,105.9573,24.3399,-15.5666,22.624,0.0571,27.4621
9.3,48,5.708,78.8079,18.3307,-2.1055,-14.5475,-20.2041,24.9854
9.3,49,197.0137,4.6945,20.2025,-10.6529,-2.8026,-1.473,11.1134
9.4,0,48.5366,179.5674,7.8354,2.5633,-3.5412,-21.174,21.6206
9.4,1,2.1818,153.1105,28.1517,2.6094,-7.8699,-21.8827,23.4008
9.4,2,179.3334,31.5284,6.7604,0.9654,1.5877,26.7143,26.7788
9.4,3,114.9233,179.7659,25.3976,-5.3686,-10.283,-9.6095,15.0634
9.4,4,146.0092,154.0938,9.534,2.7437,-3.454,-3.0585,5.3677
9.4,5,155.1022,150.6053,46.0653,3.9551,-8.437,-22.0813,23.9669
9.4,6,72.8014,77.707,37.122,-21.7101,10.9534,25.1189,34.9609
9.4,7,127.2528,73.3727,33.3042,3.1183,0.972,13.4454,13.8365
9.4,8,26.1074,22.9085,34.9951,5.859,-2.7046,8.3058,10.518
9.4,9,36.1187,185.9222,30.7953,-10.0145,7.6792,4.6609,13.453
9.4,10,127.8663,95.696,23.2768,-6.315,7.5388,14.7916,17.7625
9.4,11,111.6712,30.7735,48.1358,0.7149,-11.9433,-3.7125,12.5274
9.4,12,111.2456,51.8822,5.9346,-0.5772,6.5574,13.9319,15.4088
9.4,13,174.6483,91.6267,17.5942,7.2514,-12.3059,19.4684,24.1462
9.4,14,122.4891,62.104,16.178,0.0739,0.0382,-15.3506,15.3508
9.4,15,111.3699,172.6283,24.5491,-0.984,-16.8406,-0.6472,16.8818
9.4,16,92.9365,157.1936,44.4899,4.4759,-0.9772,-4.1788,6.2009
9.4,17,54.1945,136.8121,39.2474,8.7044,-0.2315,-31.3515,32.5383
9.4,18,4.5656,80.3981,13.0171,7.0955,-3.6827,15.2367,17.2066
9.4,19,89.6106,123.948,33.6409,0.255,-0.269,-14.8397,14.8443
9.4,20,50.2665,115.1946,22.4725,-1.0276,5.6007,5.0253,7.5945
9.4,21,92.8305,132.8628,25.7728,0.8715,-0.1854,24.009,24.0255
9.4,22,170.1424,23.704,18.8476,27.7518,-13.5098,-1.7453,30.9147
9.4,23,41.1387,71.566,31.4395,-5.5983,-1.2282,-2.4537,6.2346
9.4,24,1.4156,22.7085,15.6066,-7.2236,5.1055,3.0544,9.3582
9.4,25,50.6521,104.9859,6.1522,4.1824,3.4277,7.6787,9.3917
9.4,26,54.4167,63.8136,34.8669,-13.3104,-8.5216,-16.8035,23.0682
9.4,27,132.218,6.2456,37.5119,-7.0716,-22.021,-23.0269,32.6369
9.4,28,111.0617,15.4048,46.973,-14.0944,9.709,5.9909,18.1331
9.4,29,154.6748,122.5958,46.315,-2.3885,1.6007,15.0419,15.3142
9.4,30,127.7088,26.1391,24.8118,-20.2011,-10.0244,-16.5541,27.9752
9.4,31,80.4409,169.4002,28.2267,24.874,4.387,-10.2994,27.2771
9.4,32,146.1361,112.3608,27.9033,0.2507,-0.068,12.4,12.4027
9.4,33,31.4017,71.6697,5.6402,-1.2817,5.004,-8.3572,9.8248
9.4,34,10.3855,122.3596,38.8461,2.3853,2.9164,-15.2766,15.7343
9.4,35,34.019,9.7625,29.8203,27.1356,0.9361,7.8657,28.2681
9.4,36,151.1586,194.3456,4.4539,1.2252,-1.5413,-25.7768,25.8519
9.4,37,105.0174,106.8238,11.788,8.7552,-10.1592,-21.0694,24.9756
9.4,38,30.9443,155.0631,41.6431,22.8862,15.618,11.1932,29.8829
9.4,39,87.3979,2.7129,3.8597,6.7298,9.5425,6.3961,13.3139
9.4,40,35.8952,107.9997,26.3145,-14.3762,4.8815,0.4974,15.1905
9.4,41,145.7517,107.0265,40.2488,2.3021,5.3852,-2.2394,6.2702
9.4,42,89.9941,183.8455,17.1313,-2.6848,-30.0569,7.365,31.0624
9.4,43,85.7936,133.6459,39.1841,18.9008,7.2153,9.7842,22.4729
9.4,44,55.2569,107.4151,39.2174,-7.6815,-2.4804,11.3696,13.9437
9.4,45,106.7822,47.3274,5.1334,-3.1801,2.883,5.6336,7.0825
9.4,46,66.9262,78.509,25.7863,-22.6422,5.0691,13.2154,26.7023
9.4,47,14.3903,106.3652,26.9359,-7.9755,4.0791,25.96,27.4621
9.4,48,6.4038,79.8067,20.5127,6.9579,9.9877,21.8197,24.9854
9.4,49,197.0975,5.1384,19.1871,0.8386,4.4389,-10.1539,11.1134
9.5,0,48.8532,179.479,5.6984,3.1657,-0.8836,-21.3693,21.6206
9.5,1,3.8982,151.7219,28.9274,17.1644,-13.8859,7.7565,23.4008
9.5,2,178.3755,33.5336,8.2546,-9.5789,20.0521,14.9421,26.7788
9.5,3,116.04,179.9083,26.3985,11.1668,1.4238,10.009,15.0634
9.5,4,145.7331,153.8824,9.1251,-2.7615,-2.1137,-4.0888,5.3677
9.5,5,154.2112,150.9683,48.2604,-8.9106,3.6308,21.9506,23.9669
9.5,6,72.7936,74.8172,39.0897,-0.0787,-28.8975,19.6771,34.9609
9.5,7,127.0107,73.335,31.9424,-2.4203,-0.3771,-13.6179,13.8365
9.5,8,27.024,23.3864,34.8005,9.1655,4.7787,-1.946,10.518
9.5,9,36.1486,186.8184,31.7981,0.2993,8.9625,10.0283,13.453
9.5,10,128.9551,94.7056,22.2826,10.8881,-9.9044,-9.9427,17.7625
9.5,11,112.8057,31.0473,47.6803,11.3444,2.7379,-4.5545,12.5274
9.5,12,111.1272,50.4722,6.5448,-1.1837,-14.0995,6.102,15.4088
9.5,13,174.5392,92.031,15.2162,-1.0908,4.0428,-23.7804,24.1462
9.5,14,122.337,62.1507,17.7048,-1.5218,0.4667,15.2681,15.3508
9.5,15,110.5068,172.458,23.1083,-8.6308,-1.703,-14.4084,16.8818
9.5,16,92.9364,157.2454,43.872,-0.0003,0.519,-6.1792,6.2009
9.5,17,54.163,136.7677,35.994,-0.3144,-0.4441,-32.5337,32.5383
9.5,18,3.9965,78.8646,12.4831,-5.6911,-15.335,-5.34,17.2066
9.5,19,90.0649,124.217,35.0283,4.5434,2.6893,13.8737,14.8443
9.5,20,49.9804,115.4846,23.1135,-2.8614,2.9002,6.4092,7.5945
9.5,21,92.8074,132.2078,28.0842,-0.2315,-6.5504,23.1141,24.0255
9.5,22,169.5975,20.6786,19.1751,-5.4493,-30.254,3.2748,30.9147
9.5,23,40.5474,71.3958,31.3396,-5.9139,-1.7022,-0.9996,6.2346
9.5,24,1.5672,21.8454,15.2782,1.5161,-8.6308,-3.2842,9.3582
9.5,25,50.7586,105.0713,5.223,1.0643,0.8542,-9.292,9.3917
9.5,26,54.8932,64.2511,37.0812,4.7653,4.3752,22.1426,23.0682
9.5,27,130.4261,3.5181,37.4727,-17.919,-27.275,-0.3921,32.6369
9.5,28,110.436,13.7221,46.7179,-6.2577,-16.8268,-2.5512,18.1331
9.5,29,155.2782,121.1901,46.3879,6.0333,-14.0567,0.7294,15.3142
9.5,30,128.4166,27.6689,27.0445,7.0775,15.2984,22.3267,27.9752
9.5,31,78.6827,169.2142,26.1496,-17.5825,-1.8597,-20.7711,27.2771
9.5,32,145.6152,111.5304,28.6631,-5.2091,-8.3038,7.5986,12.4027
9.5,33,31.5292,72.434,6.2443,1.2746,7.643,6.0404,9.8248
9.5,34,9.6733,122.2836,40.2471,-7.1224,-0.7604,14.0093,15.7343
9.5,35,33.9693,9.7036,26.9945,-0.4973,-0.5893,-28.2576,28.2681
9.5,36,151.4507,195.6316,2.2303,2.9212,12.8597,-22.2354,25.8519
9.5,37,103.2524,108.5763,11.5612,-17.6496,17.525,-2.2686,24.9756
9.5,38,31.2281,156.3851,44.308,2.8385,13.22,26.6488,29.8829
9.5,39,87.5173,2.6295,5.1831,1.1937,-0.834,13.234,13.3139
9.5,40,36.0155,109.4468,26.7606,1.2031,14.4709,4.4606,15.1905
9.5,41,146.0328,107.2933,39.7559,2.8117,2.6682,-4.9285,6.2702
9.5,42,91.6548,184.2184,14.5329,16.6065,3.729,-25.9844,31.0624
9.5,43,87.7481,134.2131,40.1374,19.5444,5.672,9.533,22.4729
9.5,44,55.5636,108.2131,38.1158,3.0676,7.9792,-11.0158,13.9437
9.5,45,106.239,46.8883,5.251,-5.4312,-4.3911,1.1757,7.0825
9.5,46,68.2424,78.6556,28.1049,13.1622,1.4657,23.1866,26.7023
9.5,47,13.7992,108.88,26.0042,-5.9113,25.1479,-9.3171,27.4621
9.5,48,8.5693,80.6353,19.5818,21.655,8.2866,-9.3091,24.9854
9.5,49,196.994,5.2101,18.083,-1.0354,0.7165,-11.0419,11.1134
9.6,0,48.8171,180.8852,4.0565,-0.361,14.0618,-16.419,21.6206
9.6,1,3.4543,150.4069,27.0433,-4.4386,-13.1504,-18.8405,23.4008
9.6,2,177.0312,35.1505,9.9128,-13.4434,16.1691,16.5814,26.7788
9.6,3,116.8606,181.1714,26.4051,8.2068,12.6313,0.066,15.0634
9.6,4,146.1353,154.1975,9.2896,4.022,3.151,1.6453,5.3677
9.6,5,155.7827,152.0371,49.7206,15.7148,10.6875,14.6026,23.9669
9.6,6,70.9252,71.9082,39.6087,-18.6841,-29.0901,5.1899,34.9609
9.6,7,126.3603,72.7786,33.0295,-6.5044,-5.5639,10.8712,13.8365
9.6,8,26.1439,23.2835,34.2338,-8.8006,-1.0288,-5.6674,10.518
9.6,9,35.572,186.8172,33.0136,-5.7666,-0.0118,12.1544,13.453
9.6,10,129.2922,95.1892,20.607,3.3701,4.8362,-16.7558,17.7625
9.6,11,111.6623,31.0429,48.1923,-11.4335,-0.0434,5.1194,12.5274
9.6,12,111.612,50.664,7.9948,4.8481,1.9173,14.5,15.4088
9.6,13,176.0775,91.2576,13.5233,15.3831,-7.7339,-16.9288,24.1462
9.6,14,123.5641,62.619,16.9103,12.2714,4.6835,-7.9452,15.3508
9.6,15,109.2809,173.097,22.1395,-12.2599,6.39,-9.6879,16.8818
9.6,16,93.5439,157.2476,43.9963,6.075,0.0218,1.2434,6.2009
9.6,17,54.8685,133.7155,35.1145,7.0546,-30.5223,-8.7956,32.5383
9.6,18,4.2843,79.3595,10.8604,2.8778,4.9487,-16.2264,17.2066
9.6,19,90.5078,123.991,36.427,4.4287,-2.2595,13.9869,14.8443
9.6,20,50.4185,115.6088,22.5057,4.381,1.2423,-6.0779,7.5945
9.6,21,93.8351,130.0514,28.341,10.2778,-21.5639,2.5674,24.0255
9.6,22,167.9616,18.2173,20.0823,-16.3592,-24.6129,9.0721,30.9147
9.6,23,40.5475,71.4754,30.7212,0.0013,0.796,-6.1836,6.2346
9.6,24,1.6489,22.1103,14.3843,0.8163,2.6487,-8.9383,9.3582
9.6,25,50.7063,105.1364,6.1585,-0.5223,0.6504,9.3546,9.3917
9.6,26,55.8417,62.484,38.221,9.4849,-17.6707,11.3987,23.0682
9.6,27,130.6483,3.2561,34.2271,2.222,-2.6197,-32.4556,32.6369
9.6,28,110.9301,14.6963,48.1652,4.9419,9.7421,14.4733,18.1331
9.6,29,154.3517,122.4088,46.429,-9.2644,12.1871,0.411,15.3142
9.6,30,128.468,28.3217,24.3246,0.5141,6.5275,-27.1982,27.9752
9.6,31,80.3326,170.816,27.6166,16.4998,16.0182,14.6702,27.2771
9.6,32,144.864,110.5435,28.6606,-7.5121,-9.8688,-0.0253,12.4027
9.6,33,31.195,72.92,5.4584,-3.3413,4.8591,-7.8582,9.8248
9.6,34,9.7642,122.8663,41.7058,0.9085,5.8272,14.5872,15.7343
9.6,35,35.4618,8.0318,25.2716,14.9258,-16.7176,-17.2287,28.2681
9.6,36,151.4295,193.6164,0.6112,-0.213,-20.152,-16.1918,25.8519
9.6,37,103.5332,106.7095,9.9259,2.8079,-18.6677,-16.3528,24.9756
9.6,38,33.162,156.8713,46.5337,19.3388,4.8613,22.2568,29.8829
9.6,39,88.4318,2.0897,5.9862,9.1444,-5.3979,8.0313,13.3139
9.6,40,35.6097,109.2408,28.2099,-4.0585,-2.0595,14.4927,15.1905
9.6,41,145.6193,107.2834,39.2847,-4.1356,-0.0988,-4.7119,6.2702
9.6,42,93.5822,184.3468,16.9654,19.2747,1.2838,24.3251,31.0624
9.6,43,89.4994,132.9009,40.6486,17.5135,-13.1216,5.1119,22.4729
9.6,44,54.4571,107.8999,37.3273,-11.0654,-3.1313,-7.8853,13.9437
9.6,45,106.2748,46.8182,4.5471,0.3581,-0.7011,-7.0386,7.0825
9.6,46,67.4378,77.4635,30.3547,-8.0458,-11.9212,22.4981,26.7023
9.6,47,14.3448,107.074,24.0086,5.456,-18.0602,-19.9556,27.4621
9.6,48,7.7665,78.4932,20.5866,-8.0279,-21.4208,10.0483,24.9854
9.6,49,197.9596,4.6868,18.2529,9.6561,-5.2326,1.6995,11.1134
9.7,0,50.4791,180.9317,5.4385,16.6209,0.4648,13.8196,21.6206
9.7,1,5.2966,150.3414,28.4848,18.4227,-0.655,14.4143,23.4008
9.7,2,177.6574,33.6865,7.7597,6.2622,-14.64,-21.5305,26.7788
9.7,3,116.6882,181.1861,24.9088,-1.7246,0.1469,-14.9636,15.0634
9.7,4,145.9496,153.8008,8.9793,-1.8564,-3.9671,-3.103,5.3677
9.7,5,154.6592,152.2035,47.6101,-11.2341,1.6641,-21.1054,23.9669
9.7,6,70.8126,68.5997,38.4844,-1.1258,-33.0848,-11.2425,34.9609
9.7,7,126.4199,72.8456,34.4102,0.5961,0.6705,13.8074,13.8365
9.7,8,25.6092,23.4709,33.3476,-5.3468,1.8739,-8.8617,10.518
9.7,9,34.9918,187.7908,32.2887,-5.8019,9.7354,-7.2486,13.453
9.7,10,127.9851,95.5278,21.7611,-13.071,3.3863,11.5406,17.7625
9.7,11,110.4702,31.4264,48.2284,-11.9207,3.8342,0.3613,12.5274
9.7,12,111.7439,50.8299,6.4686,1.3192,1.6592,-15.2623,15.4088
9.7,13,177.2392,91.0848,11.4136,11.6168,-1.7287,-21.0974,24.1462
9.7,14,123.8727,62.6492,18.4137,3.0865,0.3014,15.0343,15.3508
9.7,15,109.8174,173.131,20.5392,5.3654,0.34,-16.0029,16.8818
9.7,16,93.1483,157.6511,44.2517,-3.9564,4.0347,2.5534,6.2009
9.7,17,53.4316,132.3598,37.7,-14.3684,-13.5569,25.8553,32.5383
9.7,18,4.8293,80.5113,9.7041,5.4506,11.5179,-11.5627,17.2066
9.7,19,89.4037,123.7573,37.3913,-11.0408,-2.3367,9.6434,14.8443
9.7,20,50.3527,115.2281,21.8519,-0.6578,-3.8074,-6.5382,7.5945
9.7,21,95.3911,131.0955,26.8373,15.5601,10.4409,-15.0365,24.0255
9.7,22,170.5161,17.9664,18.3593,25.5452,-2.5083,-17.23,30.9147
9.7,23,40.5439,71.4814,31.3446,-0.0362,0.0597,6.2342,6.2346
9.7,24,1.2834,21.6546,13.6532,-3.6547,-4.5568,-7.3113,9.3582
9.7,25,50.991,105.374,5.2956,2.8467,2.3767,-8.6285,9.3917
9.7,26,55.7073,61.9676,40.4653,-1.3438,-5.1645,22.4425,23.0682
9.7,27,131.5039,1.9164,31.3767,8.556,-13.3971,-28.5041,32.6369
9.7,28,111.4599,15.1087,49.8496,5.2972,4.1242,16.8445,18.1331
9.7,29,155.3106,123.3782,47.1262,9.589,9.6936,6.9721,15.3142
9.7,30,127.9414,30.9865,24.9936,-5.2654,26.6484,6.6897,27.9752
9.7,31,82.2479,170.9599,29.5535,19.1525,1.439,19.3688,27.2771
9.7,32,145.8009,110.4612,29.4691,9.3696,-0.8233,8.0845,12.4027
9.7,33,30.9226,72.7262,4.5346,-2.7246,-1.9376,-9.2384,9.8248
9.7,34,9.7621,122.8646,43.2792,-0.0206,-0.0165,15.7343,15.7343
9.7,35,35.9581,7.9009,28.0515,4.9623,-1.3087,27.7984,28.2681
9.7,36,151.8362,192.8984,3.0611,4.067,-7.1795,24.4997,25.8519
9.7,37,104.4427,104.5801,10.862,9.0948,-21.2941,9.3609,24.9756
9.7,38,31.5728,159.3929,46.7475,-15.8922,25.2161,2.1378,29.8829
9.7,39,87.7594,3.2288,6.1376,-6.7236,11.3913,1.5141,13.3139
9.7,40,35.5912,109.3096,26.6925,-0.1847,0.6882,-15.1738,15.1905
9.7,41,145.2613,107.7982,39.2837,-3.5794,5.1481,-0.0104,6.2702
9.7,42,91.6211,186.4482,18.143,-19.6116,21.0138,11.776,31.0624
9.7,43,90.7575,134.4217,41.7233,12.5805,15.2079,10.7463,22.4729
9.7,44,53.7129,108.8476,36.6256,-7.4417,9.4767,-7.0171,13.9437
9.7,45,105.6086,47.0498,4.4833,-6.6625,2.3164,-0.6381,7.0825
9.7,46,66.5529,79.7256,31.4636,-8.8495,22.6218,11.0885,26.7023
9.7,47,15.7024,109.381,23.3953,13.576,23.0704,-6.1333,27.4621
9.7,48,7.559,78.705,23.0675,-2.0756,2.1175,24.8088,24.9854
9.7,49,197.0782,4.7931,18.9214,-8.8142,1.0624,6.6851,11.1134
9.8,0,50.649,180.933,7.5939,1.6985,0.0136,21.5538,21.6206
9.8,1,6.8219,150.5661,30.2451,15.2535,2.2472,17.6033,23.4008
9.8,2,177.4632,33.1933,10.3846,-1.9419,-4.9319,26.249,26.7788
9.8,3,115.9546,181.6347,26.1456,-7.3357,4.4861,12.368,15.0634
9.8,4,146.2038,153.3973,9.2256,2.5421,-4.0353,2.4629,5.3677
9.8,5,155.5281,153.8575,46.1089,8.689,16.54,-15.0114,23.9669
9.8,6,73.793,68.8593,36.6754,29.8037,2.5958,-18.0905,34.9609
9.8,7,126.2459,72.9932,35.7749,-1.7403,1.4754,13.6471,13.8365
9.8,8,25.5702,23.0266,34.3002,-0.39,-4.4426,9.5258,10.518
9.8,9,36.189,187.5758,31.7139,11.9721,-2.1494,-5.7475,13.453
9.8,10,129.204,94.4347,21.0724,12.1897,-10.9312,-6.8866,17.7625
9.8,11,109.4672,31.5271,47.4847,-10.0308,1.0071,-7.4366,12.5274
9.8,12,112.2502,49.6144,5.6682,5.0629,-12.1543,-8.0044,15.4088
9.8,13,178.1644,91.5225,13.6006,9.2519,4.3771,21.8696,24.1462
9.8,14,123.8272,62.627,16.8795,-0.4553,-0.2222,-15.3425,15.3508
9.8,15,111.288,172.3735,20.2023,14.706,-7.5749,-3.3687,16.8818
9.8,16,93.0602,157.7182,44.8618,-0.881,0.6712,6.1012,6.2009
9.8,17,56.5555,131.5598,38.1345,31.2388,-7.9997,4.3454,32.5383
9.8,18,5.1407,82.1824,9.4374,3.1133,16.711,-2.6679,17.2066
9.8,19,90.3757,124.5175,36.5661,9.7197,7.6016,-8.2521,14.8443
9.8,20,50.1801,115.201,21.1128,-1.7266,-0.2708,-7.3907,7.5945
9.8,21,96.6915,130.2384,25.0079,13.0031,-8.5711,-18.2943,24.0255
9.8,22,170.1905,18.7697,15.3919,-3.2555,8.0331,-29.6748,30.9147
9.8,23,40.6188,71.2516,30.7699,0.7491,-2.2976,-5.7472,6.2346
9.8,24,1.507,22.0565,12.8382,2.2357,4.0186,-8.1503,9.3582
9.8,25,50.9698,104.611,4.7484,-0.2124,-7.6301,-5.4717,9.3917
9.8,26,55.6326,61.9396,38.1598,-0.7475,-0.2799,-23.0544,23.0682
9.8,27,131.735,2.3701,34.6004,2.3108,4.5363,32.2374,32.6369
9.8,28,111.3229,14.4348,48.1718,-1.3697,-6.7392,-16.7784,18.1331
9.8,29,154.9879,121.9857,46.5766,-3.227,-13.9248,-5.4964,15.3142
9.8,30,126.9126,30.8864,27.5932,-10.2884,-1.0009,25.9954,27.9752
9.8,31,82.3855,171.8455,26.9772,1.376,8.8563,-25.7626,27.2771
9.8,32,146.6357,111.3763,29.4052,8.3479,9.1504,-0.6386,12.4027
9.8,33,31.3664,72.604,5.4026,4.4382,-1.2215,8.6797,9.8248
9.8,34,8.8984,121.5796,43.5593,-8.6373,-12.85,2.8007,15.7343
9.8,35,36.5891,6.2848,25.8197,6.3099,-16.1617,-22.3175,28.2681
9.8,36,151.2117,191.0941,4.8041,-6.2446,-18.0429,17.4292,25.8519
9.8,37,105.4497,102.7338,12.2091,10.0708,-18.463,13.4713,24.9756
9.8,38,32.9902,161.7056,45.4937,14.1744,23.1275,-12.5375,29.8829
9.8,39,87.5665,3.2325,4.8203,-1.9292,0.037,-13.1733,13.3139
9.8,40,35.5725,109.2771,25.1739,-0.1867,-0.3255,-15.1859,15.1905
9.8,41,145.5217,107.996,39.8187,2.6036,1.9777,5.3502,6.2702
9.8,42,93.168,188.5761,16.4914,15.4692,21.2794,-16.5155,31.0624
9.8,43,90.1296,133.7187,39.6832,-6.2785,-7.0304,-20.4006,22.4729
9.8,44,54.6575,107.8252,36.7068,9.4461,-10.2244,0.8122,13.9437
9.8,45,105.5156,46.9024,5.1698,-0.9303,-1.4744,6.8646,7.0825
9.8,46,66.6222,79.7417,28.7943,0.693,0.1604,-26.6928,26.7023
9.8,47,16.176,109.292,20.6917,4.7358,-0.8901,-27.0361,27.4621
9.8,48,9.1036,80.5604,22.4237,15.446,18.5537,-6.438,24.9854
9.8,49,197.1816,5.7332,19.505,1.0342,9.4014,5.8355,11.1134
9.9,0,48.7485,181.2206,8.5838,-19.0048,2.8755,9.8994,21.6206
9.9,1,8.0625,149.6353,31.9974,12.4051,-9.3081,17.5234,23.4008
9.9,2,179.9606,33.9033,9.7288,24.9738,7.1,-6.5578,26.7788
9.9,3,115.1469,182.9051,26.0921,-8.0775,12.7033,-0.5344,15.0634
9.9,4,145.9466,153.7451,9.5434,-2.5723,3.4782,3.1777,5.3677
9.9,5,154.2719,155.8335,46.6202,-12.5623,19.7601,5.1125,23.9669
9.9,6,70.3096,69.1294,36.8021,-34.8334,2.7005,1.267,34.9609
9.9,7,126.4559,72.1874,34.6699,2.1001,-8.0579,-11.0502,13.8365
9.9,8,25.2548,23.7208,33.5756,-3.1542,6.9413,-7.2455,10.518
9.9,9,36.1469,186.362,31.1354,-0.4209,-12.1382,-5.7854,13.453
9.9,10,129.2354,94.4759,19.2969,0.3137,0.4122,-17.7549,17.7625
9.9,11,108.3435,31.0762,47.1632,-11.2369,-4.5083,-3.2158,12.5274
9.9,12,112.2407,49.6239,4.1273,-0.0948,0.0947,-15.4082,15.4088
9.9,13,175.8714,90.9458,14.0903,-22.9303,-5.7665,4.8977,24.1462
9.9,14,124.7862,63.3978,17.7974,9.5903,7.708,9.1795,15.3508
9.9,15,112.8738,171.8961,20.5298,15.8581,-4.7738,3.2752,16.8818
9.9,16,93.4833,157.4353,45.216,4.2314,-2.8287,3.5419,6.2009
9.9,17,56.5556,131.5597,34.8807,0.0006,-0.0012,-32.5383,32.5383
9.9,18,5.3903,81.9831,7.7466,2.4967,-1.9929,-16.9074,17.2066
9.9,19,91.1042,125.4775,37.4328,7.2849,9.6002,8.6672,14.8443
9.9,20,49.7394,115.1907,21.7312,-4.4066,-0.1031,6.1845,7.5945
9.9,21,95.9208,131.9336,26.5259,-7.7069,16.9525,15.1804,24.0255
9.9,22,172.2385,17.0181,16.9067,20.4794,-17.5164,15.149,30.9147
9.9,23,40.8029,71.7119,31.148,1.8413,4.6029,3.7806,6.2346
9.9,24,1.6352,22.7274,13.4779,1.2821,6.7086,6.3973,9.3582
9.9,25,50.6928,103.9515,5.357,-2.7701,-6.5953,6.0854,9.3917
9.9,26,57.067,62.836,39.7284,14.3437,8.9643,15.6858,23.0682
9.9,27,131.6518,1.6226,31.4246,-0.8316,-7.4751,-31.7585,32.6369
9.9,28,111.2822,14.7905,46.3942,-0.4069,3.5575,-17.776,18.1331
9.9,29,154.2511,120.8095,45.9294,-7.368,-11.7624,-6.4717,15.3142
9.9,30,128.8589,28.8916,27.8354,19.4627,-19.9486,2.4223,27.9752
9.9,31,80.9565,170.6693,28.9809,-14.2896,-11.7627,20.0371,27.2771
9.9,32,146.8859,112.4236,28.7897,2.5016,10.4731,-6.1549,12.4027
9.9,33,32.0783,72.8312,4.7648,7.1194,2.272,-6.3779,9.8248
9.9,34,9.8569,121.8556,44.7762,9.5848,2.7595,12.169,15.7343
9.9,35,38.2812,7.341,23.8167,16.921,10.5621,-20.0302,28.2681
9.9,36,150.0021,190.431,6.9905,-12.0957,-6.6317,21.864,25.8519
9.9,37,104.6863,103.8097,10.0884,-7.6342,10.7588,-21.2073,24.9756
9.9,38,33.1072,164.4049,44.2169,1.1698,26.9924,-12.7682,29.8829
9.9,39,87.8094,4.4766,4.4131,2.4295,12.4411,-4.0714,13.3139
9.9,40,36.7366,108.8873,24.2791,11.6406,-3.8973,-8.9476,15.1905
9.9,41,145.5265,108.0005,39.1917,0.0485,0.0449,-6.2698,6.2702
9.9,42,92.4609,190.5473,14.1973,-7.0709,19.7123,-22.9412,31.0624
9.9,43,88.1998,134.0683,38.5861,-19.2987,3.4961,-10.9713,22.4729
9.9,44,55.8196,107.8284,35.9362,11.621,0.0328,-7.7057,13.9437
9.9,45,105.904,46.6918,5.7233,3.8848,-2.1055,5.5351,7.0825
9.9,46,66.9438,79.9726,26.1536,3.216,2.3088,-26.4072,26.7023
9.9,47,15.1135,106.9401,19.7529,-10.6246,-23.5193,-9.3878,27.4621
9.9,48,8.9009,80.3476,19.9425,-2.0264,-2.1273,-24.812,24.9854
9.9,49,197.2687,5.5093,20.59,0.8712,-2.2387,10.8507,11.1134
10.0,0,49.1246,179.7637,7.0312,3.761,-14.5683,-15.5264,21.6206
10.0,1,10.327,149.3804,32.5292,22.6455,-2.5488,5.3181,23.4008
10.0,2,182.087,32.5569,10.6435,21.2638,-13.4644,9.147,26.7788
10.0,3,114.5487,184.2681,26.3236,-5.981,13.6299,2.3147,15.0634
10.0,4,145.8696,153.5449,10.0354,-0.7698,-2.0023,4.9204,5.3677
10.0,5,153.483,157.9593,47.3966,-7.8887,21.258,7.7638,23.9669
10.0,6,72.9774,66.8714,36.8888,26.6774,-22.5793,0.8665,34.9609
10.0,7,126.0142,72.4647,33.3883,-4.4165,2.7736,-12.816,13.8365
10.0,8,24.6542,24.3147,34.2024,-6.0058,5.9392,6.2678,10.518
10.0,9,36.6122,186.0832,29.9043,4.6528,-2.7885,-12.3109,13.453
10.0,10,129.3122,94.3493,17.5268,0.7678,-1.2664,-17.7006,17.7625
10.0,11,109.5676,30.814,47.118,12.2415,-2.6224,-0.4513,12.5274
10.0,12,113.6128,50.233,4.475,13.7205,6.0903,3.4767,15.4088
10.0,13,175.8717,90.953,16.5049,0.003,0.0717,24.1461,24.1462
10.0,14,124.4074,64.5428,18.7471,-3.7886,11.4499,9.4971,15.3508
10.0,15,112.1864,172.2499,22.0306,-6.8738,3.5377,15.0077,16.8818
10.0,16,92.9419,157.5276,44.9282,-5.4147,0.9229,-2.8777,6.2009
10.0,17,55.7176,134.7025,34.9718,-8.3799,31.4275,0.9112,32.5383
10.0,18,5.4253,81.8486,9.4617,0.3493,-1.3448,17.1504,17.2066
10.0,19,91.3442,126.892,37.0519,2.4006,14.1449,-3.8095,14.8443
10.0,20,49.5969,114.7827,22.3557,-1.4252,-4.0803,6.2447,7.5945
10.0,21,97.3497,130.0122,26.7219,14.2892,-19.2147,1.9594,24.0255
10.0,22,170.6481,15.8052,14.5494,-15.9034,-12.1289,-23.5731,30.9147
10.0,23,40.4354,72.1909,31.3038,-3.6747,4.7894,1.5584,6.2346
10.0,24,1.8604,23.2749,12.7532,2.2525,5.4759,-7.2468,9.3582
10.0,25,50.6987,103.9582,4.4178,0.0593,0.0667,-9.3913,9.3917
10.0,26,57.01,61.2798,38.0266,-0.5699,-15.5628,-17.0182,23.0682
10.0,27,129.8257,1.9813,28.7435,-18.2614,3.5869,-26.8109,32.6369
10.0,28,112.8784,15.2687,45.6789,15.9618,4.7812,-7.1533,18.1331
10.0,29,154.7735,120.7562,47.368,5.2239,-0.5323,14.3858,15.3142
10.0,30,127.6128,26.5804,26.87,-12.4605,-23.1118,-9.6536,27.9752
10.0,31,81.6677,169.6111,31.3923,7.1121,-10.5816,24.1141,27.2771
10.0,32,145.7554,112.8861,29.0053,-11.3043,4.6252,2.1559,12.4027
10.0,33,32.1009,72.8248,3.7826,0.2259,-0.0649,-9.822,9.8248
10.0,34,10.131,122.691,43.4713,2.7419,8.3538,-13.0485,15.7343
10.0,35,38.5212,7.8969,26.5779,2.4002,5.5597,27.6119,28.2681
10.0,36,151.8916,188.8745,7.8215,18.8948,-15.5643,8.3103,25.8519
10.0,37,105.1125,103.4648,12.525,4.2621,-3.4492,24.3663,24.9756
10.0,38,30.6351,164.4201,42.5382,-24.7214,0.1523,-16.7873,29.8829
10.0,39,88.5376,5.2121,5.2507,7.282,7.3543,8.3753,13.3139
10.0,40,36.3975,109.8252,25.425,-3.391,9.3788,11.4583,15.1905
10.0,41,145.5278,107.9527,39.8169,0.0125,-0.4781,6.2519,6.2702
10.0,42,92.5615,190.4013,11.0961,1.0056,-1.46,-31.0117,31.0624
10.0,43,88.0063,134.343,40.8081,-1.9344,2.7466,22.2204,22.4729
10.0,44,57.0378,108.3217,35.4705,12.182,4.9327,-4.6576,13.9437
10.0,45,105.7297,46.394,6.3418,-1.7432,-2.9785,6.1848,7.0825
10.0,46,66.7694,77.3344,26.5274,-1.7435,-26.3817,3.7385,26.7023
10.0,47,12.7245,108.176,20.3069,-23.8899,12.3594,5.5394,27.4621
10.0,48,6.9432,79.2212,18.8742,-19.5773,-11.2643,-10.6824,24.9854
10.0,49,197.8372,5.4641,21.5439,5.6851,-0.452,9.5385,11.1134
10.1,0,49.0816,180.2506,9.1373,-0.4297,4.8681,21.061,21.6206
10.1,1,9.2474,149.4331,30.4537,-10.7959,0.5267,-20.7549,23.4008
10.1,2,179.5986,31.5685,10.6937,-24.8832,-9.8835,0.5012,26.7788
10.1,3,114.4805,182.8164,26.7199,-0.6827,-14.5168,3.9624,15.0634
10.1,4,145.5459,153.6032,9.6112,-3.2368,0.5831,-4.2421,5.3677
10.1,5,152.883,156.6782,45.4619,-6.0005,-12.8107,-19.3466,23.9669
10.1,6,70.7756,67.0755,39.5967,-22.0181,2.0403,27.0796,34.9609
10.1,7,125.374,71.4654,34.0996,-6.4022,-9.9936,7.1125,13.8365
10.1,8,24.2224,23.4783,34.6716,-4.3187,-8.3643,4.6921,10.518
10.1,9,36.3599,185.1148,29.0051,-2.5225,-9.6834,-8.9917,13.453
10.1,10,130.1014,92.7585,17.5646,7.8927,-15.9081,0.3777,17.7625
10.1,11,109.4799,30.791,45.8686,-0.8776,-0.2296,-12.4945,12.5274
10.1,12,113.8262,50.8062,3.0608,2.1343,5.7328,-14.1425,15.4088
10.1,13,174.8404,88.7741,16.6433,-10.3133,-21.789,1.3837,24.1462
10.1,14,125.5301,65.1337,17.883,11.227,5.9099,-8.6415,15.3508
10.1,15,112.2216,172.4281,23.709,0.3522,1.7827,16.7837,16.8818
10.1,16,93.1035,156.9316,44.8727,1.6169,-5.9607,-0.5548,6.2009
10.1,17,54.9425,135.0375,31.8295,-7.7513,3.3502,-31.4234,32.5383
10.1,18,5.3289,81.8498,7.7437,-0.9639,0.0118,-17.1796,17.2066
10.1,19,92.4687,126.8028,38.0169,11.2445,-0.8923,9.6497,14.8443
10.1,20,49.6331,115.1707,21.7039,0.3625,3.8799,-6.5186,7.5945
10.1,21,98.6764,130.176,24.7255,13.2667,1.6381,-19.9634,24.0255
10.1,22,172.9457,17.7395,13.8165,22.9751,19.3428,-7.3295,30.9147
10.1,23,40.4513,72.6505,30.8829,0.1588,4.5962,-4.2096,6.2346
10.1,24,1.7287,22.4112,13.0883,-1.3169,-8.6377,3.3512,9.3582
10.1,25,50.8502,103.0323,4.3756,1.5155,-9.259,-0.422,9.3917
10.1,26,56.2847,60.9633,35.8597,-7.2524,-3.1649,-21.6686,23.0682
10.1,27,129.7609,4.0229,31.2889,-0.6476,20.4165,25.4542,32.6369
10.1,28,111.1305,15.0284,45.2603,-17.479,-2.4027,-4.1855,18.1331
10.1,29,156.2067,120.8913,47.8905,14.3317,1.3509,5.2252,15.3142
10.1,30,127.5984,26.5489,24.0727,-0.144,-0.3151,-27.9731,27.9752
10.1,31,79.7735,167.956,32.4472,-18.942,-16.5516,10.5492,27.2771
10.1,32,146.7091,113.0175,28.2233,9.5367,1.3143,-7.8199,12.4027
10.1,33,32.5024,71.9282,3.7652,4.0149,-8.9653,-0.1737,9.8248
10.1,34,10.2377,121.4292,42.5374,1.067,-12.6177,-9.3393,15.7343
10.1,35,38.5093,7.9279,29.4045,-0.1188,0.3101,28.2662,28.2681
10.1,36,150.7607,187.5856,5.8868,-11.3093,-12.8893,-19.3465,25.8519
10.1,37,104.57,103.0628,14.9296,-5.4252,-4.0199,24.0456,24.9756
10.1,38,31.1087,165.0165,45.4278,4.7366,5.9643,28.896,29.8829
10.1,39,88.9881,6.4215,4.9236,4.5043,12.0944,-3.2705,13.3139
10.1,40,35.8922,108.6928,24.5476,-5.0529,-11.3246,-8.7735,15.1905
10.1,41,146.0614,107.716,39.588,5.3359,-2.3669,-2.2892,6.2702
10.1,42,92.4692,190.3534,14.2006,-0.9229,-0.4797,31.045,31.0624
10.1,43,86.1008,133.4781,41.6275,-19.055,-8.6488,8.1937,22.4729
10.1,44,56.2032,107.222,35.666,-8.346,-10.9976,1.9551,13.9437
10.1,45,105.6555,46.4231,5.638,-0.7425,0.2909,-7.0375,7.0825
10.1,46,67.9273,77.7445,28.8984,11.5788,4.1007,23.7092,26.7023
10.1,47,12.1557,108.6087,17.6553,-5.6884,4.3269,-26.5158,27.4621
10.1,48,7.2408,79.0058,16.4028,2.9755,-2.1546,-24.7138,24.9854
10.1,49,198.1231,4.6692,20.8217,2.8588,-7.949,-7.2214,11.1134
10.2,0,48.7811,180.5875,11.011,-3.0056,3.3693,18.7373,19.2737
10.2,1,11.1283,150.0736,27.9634,18.809,6.405,-24.9033,31.8587
10.2,2,179.9044,32.1334,13.4911,3.0576,5.6488,27.9744,28.7024
10.2,3,114.4006,182.7446,25.6322,-0.7989,-0.7183,-10.876,10.929
10.2,4,145.7143,152.5446,10.8209,1.6834,-10.5857,12.0968,16.1624
10.2,5,152.9099,155.9694,48.2127,0.2695,-7.0881,27.5074,28.4072
10.2,6,69.0742,66.0882,38.9167,-17.0136,-9.8725,-6.8002,20.8128
10.2,7,125.5746,71.5836,33.1029,2.0063,1.1824,-9.9663,10.2348
10.2,8,25.1888,23.5837,36.0518,9.6642,1.0539,13.8016,16.8817
10.2,9,36.5859,184.011,31.0991,2.26,-11.0382,20.9391,23.7781
10.2,10,127.2665,91.8496,15.882,-28.3498,-9.0888,-16.8256,34.1968
10.2,11,109.9862,28.3621,46.0137,5.0639,-24.2897,1.451,24.8544
10.2,12,113.9872,51.0701,3.514,1.6103,2.6385,4.5321,5.4859
10.2,13,173.6007,89.5893,14.4899,-12.397,8.1519,-21.5336,26.1502
10.2,14,126.5359,64.5739,18.3767,10.0587,-5.5984,4.9376,12.5259
10.2,15,113.6468,175.0833,23.0416,14.2516,26.5517,-6.6732,30.8648
10.2,16,93.9005,157.256,43.4629,7.9691,3.244,-14.0986,16.5167
10.2,17,54.6261,134.5814,32.7778,-3.164,-4.5606,9.4834,10.9885
10.2,18,3.9845,80.9418,6.7473,-13.4442,-9.0795,-9.9638,19.0384
10.2,19,92.7159,126.7259,39.2557,2.4721,-0.7685,12.3883,12.6559
10.2,20,50.6146,114.5169,21.9633,9.8142,-6.5382,2.5945,12.0746
10.2,21,98.6684,127.9585,24.8267,-0.0794,-22.1747,1.0115,22.1979
10.2,22,175.6471,18.0662,13.1479,27.0141,3.2674,-6.6861,28.0204
10.2,23,37.6133,73.002,29.9603,-28.3806,3.5152,-9.2253,30.0486
10.2,24,2.4566,21.8546,14.512,7.2787,-5.5656,14.2363,16.9301
10.2,25,50.3068,103.2729,4.7463,-5.4341,2.4064,3.7064,7.0041
10.2,26,57.5226,60.6632,37.3388,12.3791,-3.0011,14.7903,19.5192
10.2,27,128.7567,2.5943,30.8469,-10.0422,-14.2863,-4.4203,18.0134
10.2,28,111.7475,15.5353,44.5171,6.1708,5.0696,-7.432,10.9094
10.2,29,155.3488,120.8413,44.8201,-8.5789,-0.5004,-30.7045,31.8843
10.2,30,126.8582,24.4675,26.6867,-7.4025,-20.8141,26.1398,34.2244
10.2,31,80.3531,168.2084,32.2749,5.7959,2.5241,-1.7235,6.5524
10.2,32,145.0922,115.4081,28.307,-16.1693,23.9054,0.8365,28.8724
10.2,33,32.0042,69.5541,3.5308,-4.9818,-23.7415,-2.3436,24.3715
10.2,34,10.9292,122.4757,42.2617,6.915,10.4655,-2.7568,12.8431
10.2,35,37.342,9.5704,30.7182,-11.6736,16.4248,13.137,24.0547
10.2,36,150.4529,186.8097,6.1836,-3.0773,-7.7595,2.9678,8.8593
10.2,37,104.58,103.0015,15.6351,0.0992,-0.613,7.0549,7.0822
10.2,38,29.6476,164.8458,42.2735,-14.6112,-1.7072,-31.5431,34.8047
10.2,39,91.2476,5.7936,5.4751,22.595,-6.2794,5.5149,24.0911
10.2,40,36.1139,108.5804,23.3127,2.2176,-1.1241,-12.3489,12.5967
10.2,41,145.0261,107.8904,41.1113,-10.3531,1.7442,15.2335,18.501
10.2,42,94.1412,192.9982,15.3977,16.7209,26.4486,11.9714,33.5026
10.2,43,86.355,131.726,41.2223,2.542,-17.5205,-4.0521,18.1618
10.2,44,56.2835,109.0837,38.2691,0.803,18.6173,26.0309,32.0133
10.2,45,107.3491,43.856,5.2004,16.9367,-25.6706,-4.3767,31.0643
10.2,46,67.0689,77.221,27.7418,-8.5843,-5.2341,-11.5654,15.3247
10.2,47,10.1274,110.2006,17.432,-20.2828,15.9189,-2.2331,25.8803
10.2,48,6.7271,78.8158,13.9825,-5.1364,-1.8998,-24.2031,24.815
10.2,49,197.2545,4.4876,23.4918,-8.6863,-1.8164,26.7002,28.1364
10.3,0,48.6061,179.1317,12.262,-1.75,-14.5575,12.5096,19.2737
10.3,1,11.3315,146.9427,27.41,2.0321,-31.3085,-5.5339,31.8587
10.3,2,181.0068,31.024,15.8978,11.0237,-11.0941,24.0671,28.7024
10.3,3,114.5237,182.284,24.6488,1.2312,-4.6057,-9.8343,10.929
10.3,4,144.4355,153.1283,10.0232,-12.7876,5.8366,-7.9771,16.1624
10.3,5,154.4674,157.4071,46.3214,15.575,14.3768,-18.9129,28.4072
10.3,6,67.8902,67.2968,40.1287,-11.8403,12.0861,12.1204,20.8128
10.3,7,126.2175,71.301,33.8475,6.4282,-2.8257,7.446,10.2348
10.3,8,26.776,23.0579,35.8192,15.8725,-5.2578,-2.326,16.8817
10.3,9,36.8517,181.6538,30.9351,2.658,-23.5721,-1.6399,23.7781
10.3,10,127.6557,93.1716,12.7524,3.8922,13.2202,-31.2969,34.1968
10.3,11,110.671,30.2437,47.4861,6.8478,18.816,14.7243,24.8544
10.3,12,113.9969,51.061,4.0624,0.0964,-0.0908,5.4843,5.4859
10.3,13,174.6559,90.8965,16.4939,10.5521,13.0726,20.0399,26.1502
10.3,14,125.8384,64.1665,17.4195,-6.9755,-4.0745,-9.5729,12.5259
10.3,15,111.5847,177.0628,24.2059,-20.621,19.7951,11.6431,30.8648
10.3,16,93.4765,158.5068,42.471,-4.2395,12.5078,-9.9188,16.5167
10.3,17,54.5802,134.4881,31.6839,-0.4583,-0.9338,-10.9391,10.9885
10.3,18,4.971,80.6857,5.1393,9.8652,-2.5615,-16.0803,19.0384
10.3,19,92.7852,126.3311,38.0553,0.6926,-3.9486,-12.0042,12.6559
10.3,20,49.92,114.5774,20.9775,-6.9456,0.6054,-9.8585,12.0746
10.3,21,97.4302,128.4424,26.6044,-12.3825,4.8387,17.7766,22.1979
10.3,22,177.5115,16.8443,11.4503,18.6447,-12.2198,-16.9762,28.0204
10.3,23,35.7812,72.023,32.1316,-18.3208,-9.79,21.7123,30.0486
10.3,24,2.1858,21.8603,16.1832,-2.7076,0.0572,16.7121,16.9301
10.3,25,50.0277,102.6513,4.9082,-2.7911,-6.2165,1.6195,7.0041
10.3,26,57.6798,62.6067,37.2493,1.5721,19.4353,-0.8944,19.5192
10.3,27,129.9292,3.0906,32.1212,11.725,4.9636,12.7425,18.0134
10.3,28,111.9485,15.2766,43.4765,2.0098,-2.5873,-10.4058,10.9094
10.3,29,152.9206,118.9019,44.1071,-24.2824,-19.3943,-7.13,31.8843
10.3,30,128.6026,27.4119,26.6741,17.4443,29.4448,-0.1264,34.2244
10.3,31,80.2545,168.5251,32.84,-0.9862,3.1668,5.6509,6.5524
10.3,32,146.6801,115.3075,30.7162,15.879,-1.0057,24.0927,28.8724
10.3,33,31.2617,68.7179,5.6963,-7.4255,-8.3614,21.6545,24.3715
10.3,34,10.2443,121.6878,43.0097,-6.8495,-7.8796,7.4794,12.8431
10.3,35,39.4944,10.6193,30.9488,21.5245,10.4884,2.3056,24.0547
10.3,36,150.9004,186.7214,6.9432,4.4742,-0.8829,7.5954,8.8593
10.3,37,104.7945,102.8302,16.2879,2.1457,-1.7128,6.5284,7.0822
10.3,38,26.3291,163.8184,42.0602,-33.1854,-10.2737,-2.1325,34.8047
10.3,39,91.208,5.8946,7.8818,-0.3955,1.0102,24.0667,24.0911
10.3,40,35.9592,108.1231,24.4762,-1.5477,-4.5724,11.6351,12.5967
10.3,41,145.951,106.2893,41.1722,9.2496,-16.0113,0.6084,18.501
10.3,42,94.304,192.2933,12.1265,1.628,-7.0496,-32.7121,33.5026
10.3,43,87.5201,131.5568,39.8394,11.6508,-1.692,-13.8291,18.1618
10.3,44,54.9338,107.5163,40.7125,-13.4967,-15.6736,24.4342,32.0133
10.3,45,106.8892,44.8142,2.2814,-4.5993,9.5819,-29.1894,31.0643
10.3,46,65.5434,77.2409,27.5966,-15.2545,0.1986,-1.4518,15.3247
10.3,47,11.1186,107.9613,18.2692,9.9114,-22.3935,8.3717,25.8803
10.3,48,6.638,79.7369,16.285,-0.8908,9.2117,23.0246,24.815
10.3,49,197.406,5.7788,25.987,1.5152,12.9118,24.9528,28.1364
10.4,0,48.7498,177.5343,11.1932,1.4369,-15.9744,-10.6878,19.2737
10.4,1,9.3593,148.2347,25.2674,-19.7219,12.9204,-21.4263,31.8587
10.4,2,182.5218,32.9089,17.4438,15.1499,18.8492,15.46,28.7024
10.4,3,114.242,181.7743,23.724,-2.8167,-5.0968,-9.2483,10.929
10.4,4,145.0431,154.447,10.7332,6.0755,13.1871,7.1001,16.1624
10.4,5,151.85,156.3457,46.0182,-26.1748,-10.6142,-3.0315,28.4072
10.4,6,68.8874,67.1752,41.9515,9.9721,-1.2166,18.2277,20.8128
10.4,7,125.2458,70.9832,33.7993,-9.7169,-3.1781,-0.4822,10.2348
10.4,8,26.5507,22.7653,37.4665,-2.2531,-2.9258,16.4728,16.8817
10.4,9,36.5302,180.9968,33.1976,-3.2148,-6.5701,22.6251,23.7781
10.4,10,128.5654,91.5263,9.8959,9.0974,-16.453,-28.5649,34.1968
10.4,11,108.7692,31.0669,48.8583,-19.0179,8.2325,13.7216,24.8544
10.4,12,113.6544,51.0664,3.6339,-3.4245,0.0536,-4.2854,5.4859
10.4,13,175.274,92.1283,18.7163,6.1818,12.3179,22.2236,26.1502
10.4,14,124.9814,63.414,17.9375,-8.5698,-7.5247,5.1805,12.5259
10.4,15,110.8863,179.4248,22.3459,-6.9843,23.6196,-18.6002,30.8648
10.4,16,92.3132,158.451,41.2999,-11.6335,-0.5578,-11.7112,16.5167
10.4,17,54.6916,133.4218,31.4428,1.1133,-10.6627,-2.4113,10.9885
10.4,18,6.0797,80.8086,6.6821,11.0876,1.229,15.4278,19.0384
10.4,19,92.0891,126.0355,39.0701,-6.9603,-2.9558,10.1484,12.6559
10.4,20,49.9785,114.6894,19.7766,0.5847,1.1204,-12.0083,12.0746
10.4,21,97.0988,130.2169,25.3125,-3.3138,17.745,-12.9182,22.1979
10.4,22,180.1672,17.4329,10.7777,26.5569,5.886,-6.725,28.0204
10.4,23,37.1853,74.5569,32.9298,14.0416,25.3385,7.982,30.0486
10.4,24,2.9495,21.796,14.6736,7.6367,-0.6431,-15.0962,16.9301
10.4,25,50.6364,102.6456,4.5618,6.0868,-0.0565,-3.4648,7.0041
10.4,26,57.5506,61.9324,39.0765,-1.2929,-6.7425,18.2721,19.5192
10.4,27,128.5584,1.9294,31.9886,-13.7074,-11.6118,-1.326,18.0134
10.4,28,112.0812,14.5024,44.2336,1.3265,-7.7419,7.5709,10.9094
10.4,29,155.456,116.9745,43.9547,25.3542,-19.2731,-1.5241,31.8843
10.4,30,125.2258,27.0003,26.2983,-33.7676,-4.1161,-3.7575,34.2244
10.4,31,80.8474,168.6587,33.0849,5.9288,1.3364,2.4489,6.5524
10.4,32,146.1499,113.2747,28.7356,-5.3016,-20.3276,-19.8065,28.8724
10.4,33,32.9759,68.5516,3.9719,17.142,-1.6636,-17.244,24.3715
10.4,34,10.2421,121.7307,44.2933,-0.0217,0.4289,12.8359,12.8431
10.4,35,38.5573,10.8382,33.1534,-9.3707,2.1897,22.0459,24.0547
10.4,36,150.482,187.2189,7.5451,-4.1837,4.9756,6.0189,8.8593
10.4,37,104.5661,103.0181,15.6444,-2.2846,1.8787,-6.435,7.0822
10.4,38,26.2701,163.4938,38.5954,-0.5898,-3.2467,-34.6479,34.8047
10.4,39,90.2972,6.7673,5.8293,-9.1083,8.7267,-20.5247,24.0911
10.4,40,36.1874,108.0345,25.7119,2.2827,-0.8858,12.3564,12.5967
10.4,41,146.2,105.311,42.7226,2.4895,-9.783,15.5043,18.501
10.4,42,97.5952,192.8708,12.3692,32.9118,5.7754,2.4267,33.5026
10.4,43,87.5944,131.3952,41.6468,0.7425,-1.616,18.0745,18.1618
10.4,44,55.1375,106.1083,37.8447,2.0362,-14.0802,-28.6785,32.0133
10.4,45,103.8526,44.4984,2.8553,-30.3657,-3.1582,5.7394,31.0643
10.4,46,64.7094,77.2576,26.3111,-8.3403,0.1668,-12.8553,15.3247
10.4,47,12.2058,106.1366,16.7906,10.8728,-18.2467,-14.7861,25.8803
10.4,48,6.2249,79.9481,18.7227,-4.131,2.1119,24.3774,24.815
10.4,49,198.0155,6.732,28.5632,6.0945,9.532,25.7615,28.1364
10.5,0,50.2791,178.672,10.9075,15.2929,11.3772,-2.8565,19.2737
10.5,1,9.3682,151.3218,24.4801,0.0885,30.8703,-7.8734,31.8587
10.5,2,180.2751,31.3922,18.3874,-22.4667,-15.1669,9.4361,28.7024
10.5,3,115.013,182.0871,24.4327,7.7093,3.1284,7.0868,10.929
10.5,4,144.5497,154.2864,12.2639,-4.9336,-1.6059,15.307,16.1624
10.5,5,149.9975,155.2581,44.1594,-18.5248,-10.8758,-18.5881,28.4072
10.5,6,68.4016,69.0204,42.7827,-4.8574,18.4522,8.3123,20.8128
10.5,7,125.0175,71.8051,34.3648,-2.2832,8.2193,5.6551,10.2348
10.5,8,26.7395,24.1928,38.3476,1.8874,14.2754,8.8115,16.8817
10.5,9,38.716,180.062,33.1453,21.8571,-9.3483,-0.5228,23.7781
10.5,10,126.0981,93.5972,8.7478,-24.6736,20.7083,-11.4803,34.1968
10.5,11,107.3179,30.2053,49.3173,-14.5131,-8.6162,-18.2447,24.8544
10.5,12,113.5131,51.4871,3.3114,-1.4132,4.2073,-3.2244,5.4859
10.5,13,174.8081,90.608,16.6403,-4.6599,-15.2029,-20.7604,26.1502
10.5,14,125.9777,64.1517,18.1172,9.9625,7.3769,1.7972,12.5259
10.5,15,112.957,180.4254,20.2875,20.7072,10.0062,-20.5844,30.8648
10.5,16,92.307,158.279,39.6572,-0.0618,-1.7202,-16.4268,16.5167
10.5,17,54.6657,133.2464,30.3583,-0.2589,-1.7537,-10.8445,10.9885
10.5,18,5.9332,82.3593,7.7768,-1.466,15.5068,10.9477,19.0384
10.5,19,92.0237,126.1197,40.3312,-0.6539,0.8425,12.6109,12.6559
10.5,20,51.1309,114.3723,19.6053,11.5241,-3.1713,-1.713,12.0746
10.5,21,97.8832,130.82,23.3255,7.8437,6.0315,-19.8706,22.1979
10.5,22,180.7853,18.8167,13.1345,6.1808,13.8387,23.5676,28.0204
10.5,23,35.1948,75.493,30.8827,-19.9058,9.3611,-20.4707,30.0486
10.5,24,2.9449,21.8188,16.3664,-0.0466,0.2279,16.9285,16.9301
10.5,25,50.2294,102.0927,4.7,-4.0704,-5.5296,1.3829,7.0041
10.5,26,57.0755,60.7192,37.6231,-4.7504,-12.1321,-14.5343,19.5192
10.5,27,126.7819,1.6322,31.9659,-17.765,-2.9728,-0.2261,18.0134
10.5,28,111.3551,13.8925,43.6943,-7.2609,-6.0993,-5.3938,10.9094
10.5,29,153.5951,117.8018,46.408,-18.6085,8.2728,24.5336,31.8843
10.5,30,125.2987,25.8858,23.0632,0.7284,-11.1451,-32.3507,34.2244
10.5,31,81.1221,168.7331,33.6751,2.7466,0.7439,5.9023,6.5524
10.5,32,145.408,115.0536,30.8853,-7.4197,17.7888,21.497,28.8724
10.5,33,32.5641,67.6094,6.1815,-4.1174,-9.4219,22.0962,24.3715
10.5,34,10.0425,122.0957,45.5083,-1.9961,3.6502,12.1506,12.8431
10.5,35,39.9572,11.5911,31.3479,13.9988,7.529,-18.0548,24.0547
10.5,36,149.985,187.95,7.6035,-4.9694,7.311,0.5842,8.8593
10.5,37,104.489,102.7057,16.2754,-0.7707,-3.1231,6.3095,7.0822
10.5,38,28.5936,165.7309,37.2877,23.2352,22.3711,-13.0776,34.8047
10.5,39,90.225,6.3186,3.4635,-0.7213,-4.4869,-23.6586,24.0911
10.5,40,36.3466,107.048,24.9449,1.5915,-9.8653,-7.6694,12.5967
10.5,41,145.3589,104.3533,41.3816,-8.411,-9.5768,-13.41,18.501
10.5,42,97.6434,194.1999,15.4442,0.4817,13.2907,30.7498,33.5026
10.5,43,88.2087,129.6986,41.441,6.1439,-16.9666,-2.0584,18.1618
10.5,44,55.7321,108.7253,39.59,5.946,26.1701,17.4535,32.0133
10.5,45,104.1587,44.2927,5.9398,3.061,-2.0573,30.8446,31.0643
10.5,46,64.3765,76.0657,25.4072,-3.3294,-11.9186,-9.0392,15.3247
10.5,47,13.8671,106.7314,18.6838,16.6124,5.9478,18.9325,25.8803
10.5,48,6.279,79.7793,16.2476,0.5404,-1.6888,-24.7515,24.815
10.5,49,197.1122,6.6954,25.8987,-9.0325,-0.3653,-26.6446,28.1364
10.6,0,51.2255,180.2027,10.2174,9.4639,15.3063,-6.901,19.2737
10.6,1,9.1336,151.8889,27.6063,-2.3456,5.6711,31.262,31.8587
10.6,2,178.1347,32.8867,17.1944,-21.4041,14.9454,-11.9301,28.7024
10.6,3,114.2645,182.196,25.2216,-7.4844,1.0884,7.8893,10.929
10.6,4,144.5611,154.6734,13.8331,0.1136,3.8698,15.6919,16.1624
10.6,5,150.2388,155.3647,46.9879,2.4134,1.0663,28.2844,28.4072
10.6,6,68.2518,68.7145,44.8359,-1.498,-3.0589,20.5322,20.8128
10.6,7,126.0145,71.9545,34.541,9.9708,1.4934,1.7615,10.2348
10.6,8,27.3555,22.6217,38.3046,6.1603,-15.7116,-0.4306,16.8817
10.6,9,38.7993,180.0222,35.5213,0.8331,-0.3974,23.7602,23.7781
10.6,10,125.5646,91.4993,6.1005,-5.3347,-20.9791,-26.4733,34.1968
10.6,11,106.1804,29.4222,47.2508,-11.3752,-7.8313,-20.6643,24.8544
10.6,12,113.4782,51.4343,3.8563,-0.3492,-0.5281,5.4492,5.4859
10.6,13,173.5592,88.8377,18.1046,-12.4887,-17.7038,14.6439,26.1502
10.6,14,127.1093,63.6339,18.2598,11.3163,-5.1777,1.4255,12.5259
10.6,15,114.1699,180.1488,17.4628,12.1285,-2.7666,-28.2468,30.8648
10.6,16,90.8286,159.0123,39.7259,-14.7835,7.3334,0.6868,16.5167
10.6,17,54.5236,133.1179,31.4403,-1.4203,-1.2855,10.8202,10.9885
10.6,18,6.5212,80.6525,8.3816,5.8804,-17.0678,6.0474,19.0384
10.6,19,93.2329,126.1276,39.9577,12.0919,0.0789,-3.7355,12.6559
10.6,20,49.9561,114.1709,19.7983,-11.7481,-2.0136,1.9302,12.0746
10.6,21,97.4378,130.1831,25.4048,-4.4537,-6.3689,20.7929,22.1979
10.6,22,180.6303,18.0751,15.8322,-1.5501,-7.4161,26.9767,28.0204
10.6,23,33.2542,77.5912,29.9549,-19.4057,20.9825,-9.2776,30.0486
10.6,24,2.4933,23.35,16.9302,-4.5158,15.3118,5.6377,16.9301
10.6,25,50.4521,102.583,4.2522,2.2273,4.9034,-4.4781,7.0041
10.6,26,55.2725,60.0338,37.3243,-18.0304,-6.854,-2.9877,19.5192
10.6,27,127.7853,1.0749,30.5776,10.0331,-5.5731,-13.8838,18.0134
10.6,28,112.217,13.2324,43.8019,8.6187,-6.6009,1.0769,10.9094
10.6,29,151.6243,120.1851,47.1839,-19.7079,23.8331,7.7585,31.8843
10.6,30,125.1513,28.87,21.3941,-1.4741,29.842,-16.6912,34.2244
10.6,31,81.2414,168.2533,33.2451,1.1931,-4.7976,-4.3004,6.5524
10.6,32,145.2015,113.7508,28.317,-2.0651,-13.028,-25.6831,28.8724
10.6,33,31.5302,67.5747,3.9748,-10.3394,-0.347,-22.0668,24.3715
10.6,34,9.2673,122.745,46.3001,-7.7519,6.4929,7.9181,12.8431
10.6,35,41.0564,12.6738,29.5023,10.9915,10.8267,-18.4553,24.0547
10.6,36,150.0553,187.6369,6.7777,0.7027,-3.131,-8.2577,8.8593
10.6,37,104.4871,102.7041,16.9836,-0.0186,-0.0169,7.0822,7.0822
10.6,38,26.7789,167.5032,34.9045,-18.1467,17.7226,-23.8321,34.8047
10.6,39,90.8994,5.9411,5.7452,6.7439,-3.7747,22.8178,24.0911
10.6,40,35.7089,106.0477,25.3686,-6.377,-10.003,4.2366,12.5967
10.6,41,146.6622,103.7324,42.5387,13.0327,-6.209,11.5708,18.501
10.6,42,94.3967,194.7264,16.0815,-32.4668,5.2652,6.3727,33.5026
10.6,43,87.2711,129.9734,39.91,-9.3761,2.7484,-15.3096,18.1618
10.6,44,57.0982,108.1568,42.4288,13.6617,-5.6851,28.3882,32.0133
10.6,45,105.7063,43.8931,8.6035,15.4756,-3.9951,26.6371,31.0643
10.6,46,65.7,75.7327,24.7101,13.235,-3.3302,-6.9708,15.3247
10.6,47,14.6006,105.144,20.5917,7.3357,-15.8737,19.0788,25.8803
10.6,48,3.8884,80.3547,16.5821,-23.9057,5.7542,3.3451,24.815
10.6,49,197.308,7.4639,28.5983,1.9578,7.685,26.9956,28.1364
10.7,0,51.481,179.4611,8.4569,2.5559,-7.4158,-17.6053,19.2737
10.7,1,11.9411,152.6285,26.2945,28.0749,7.3959,-13.1178,31.8587
10.7,2,178.9502,32.1139,19.8356,8.155,-7.7282,26.412,28.7024
10.7,3,115.3015,181.9885,24.9458,10.3698,-2.0751,-2.7575,10.929
10.7,4,144.4942,153.3178,12.9555,-0.6686,-13.5557,-8.776,16.1624
10.7,5,151.753,156.7851,48.9268,15.1418,14.2036,19.3895,28.4072
10.7,6,68.7119,67.494,43.214,4.6008,-12.2044,-16.219,20.8128
10.7,7,125.5715,71.3645,33.8317,-4.4307,-5.9002,-7.0927,10.2348
10.7,8,27.1767,22.9081,39.9586,-1.788,2.8639,16.5406,16.8817
10.7,9,39.249,179.6208,33.2212,4.4975,-4.0141,-23.0012,23.7781
10.7,10,122.543,90.1789,5.1943,-30.2155,-13.2033,-9.0618,34.1968
10.7,11,107.6347,27.496,47.8443,14.5432,-19.2616,5.935,24.8544
10.7,12,113.3035,51.1159,3.4451,-1.7471,-3.1833,-4.112,5.4859
10.7,13,173.0751,90.799,16.4442,-4.8414,19.6133,-16.6046,26.1502
10.7,14,127.9034,63.5082,17.2993,7.9413,-1.2568,-9.605,12.5259
10.7,15,111.7084,178.9714,16.0201,-24.6149,-11.7734,-14.4266,30.8648
10.7,16,90.3137,158.9579,41.2943,-5.149,-0.5441,15.6842,16.5167
10.7,17,53.6414,133.7296,31.206,-8.8223,6.1172,-2.3435,10.9885
10.7,18,7.7268,82.0435,7.8955,12.0561,13.91,-4.8603,19.0384
10.7,19,92.7702,125.0355,39.5162,-4.6275,-10.9211,-4.4147,12.6559
10.7,20,49.8329,114.2282,20.9981,-1.232,0.5722,11.998,12.0746
10.7,21,98.1709,129.8638,23.334,7.3308,-3.1935,-20.7076,22.1979
10.7,22,181.7017,17.8363,18.4103,10.7136,-2.3879,25.781,28.0204
10.7,23,33.5388,75.0343,28.4023,2.8457,-25.5688,-15.5261,30.0486
10.7,24,2.5041,23.5803,18.6074,0.1087,2.3033,16.7723,16.9301
10.7,25,50.3279,102.0106,3.8681,-1.2424,-5.7235,-3.8412,7.0041
10.7,26,55.7708,60.0981,35.4382,4.9835,0.643,-18.8614,19.5192
10.7,27,128.6155,0.5197,30.6909,8.3024,15.9459,1.1334,18.0134
10.7,28,111.5016,13.2611,42.9788,-7.1537,0.287,-8.2314,10.9094
10.7,29,153.6835,119.3206,49.4595,20.5918,-8.6449,22.7564,31.8843
10.7,30,122.9842,30.9632,23.0174,-21.6711,20.9322,16.2333,34.2244
10.7,31,81.1962,168.7974,33.6073,-0.4514,5.4412,3.6227,6.5524
10.7,32,146.8496,113.6996,25.9469,16.4815,-0.5121,-23.7005,28.8724
10.7,33,29.6338,67.2046,5.4603,-18.9635,-3.7013,14.8545,24.3715
10.7,34,9.9626,121.9379,45.5827,6.9528,-8.0704,-7.1744,12.8431
10.7,35,41.0649,12.6685,31.9078,0.085,-0.0531,24.0545,24.0547
10.7,36,149.3985,187.5604,7.3673,-6.5683,-0.7656,5.8956,8.8593
10.7,37,103.8334,102.8908,17.182,-6.5369,1.8674,1.9847,7.0822
10.7,38,25.445,167.0428,38.086,-13.3393,-4.6032,31.8157,34.8047
10.7,39,92.2334,4.0492,6.4123,13.3393,-18.9193,6.6712,24.0911
10.7,40,36.9208,105.7741,25.5764,12.1191,-2.7361,2.078,12.5967
10.7,41,146.0692,104.8385,41.1794,-5.93,11.0613,-13.593,18.501
10.7,42,94.1941,191.8943,17.8598,-2.0266,-28.3208,17.7835,33.5026
10.7,43,86.9014,131.6093,39.2131,-3.6971,16.3589,-6.9689,18.1618
10.7,44,56.767,107.8795,39.2568,-3.3119,-2.7734,-31.7206,32.0133
10.7,45,106.279,42.2959,11.2056,5.7267,-15.9727,26.0205,31.0643
10.7,46,65.888,75.57,23.198,1.8803,-1.6268,-15.1216,15.3247
10.7,47,12.4967,105.8464,21.9252,-21.0389,7.0241,13.3348,25.8803
10.7,48,3.0868,81.211,14.3953,-8.0166,8.5632,-21.8675,24.815
10.7,49,197.2483,10.214,28.0067,-0.5965,27.5009,-5.9159,28.1364
10.8,0,51.9982,178.8287,6.7112,5.1713,-6.3242,-17.4567,19.2737
10.8,1,13.1129,153.4186,23.4392,11.718,7.9012,-28.5523,31.8587
10.8,2,178.0051,30.4655,17.6844,-9.4507,-16.4846,-21.5121,28.7024
10.8,3,114.7159,181.4876,25.7208,-5.8558,-5.0089,7.75,10.929
10.8,4,145.1347,152.6142,11.649,6.4047,-7.036,-13.0651,16.1624
10.8,5,151.9,157.0637,46.1036,1.4701,2.7865,-28.232,28.4072
10.8,6,68.8986,66.9169,45.205,1.8667,-5.7714,19.9092,20.8128
10.8,7,125.2026,71.484,34.7789,-3.6886,1.1954,9.4718,10.2348
10.8,8,26.3422,23.3095,38.5471,-8.3452,4.0141,-14.1151,16.8817
10.8,9,38.1117,180.9646,31.6228,-11.3727,13.4376,-15.984,23.7781
10.8,10,121.1063,91.4364,2.3573,-14.3674,12.5747,-28.3703,34.1968
10.8,11,105.7324,27.2562,49.4258,-19.0232,-2.3983,15.8147,24.8544
10.8,12,113.6073,51.3572,3.0572,3.0381,2.4121,-3.879,5.4859
10.8,13,172.577,91.0525,18.9988,-4.9802,2.5349,25.5462,26.1502
10.8,14,127.5305,62.9813,18.3727,-3.7294,-5.2698,10.7341,12.5259
10.8,15,108.7403,179.0051,16.8663,-29.6802,0.3371,8.462,30.8648
10.8,16,90.3371,158.9979,39.6433,0.234,0.4004,-16.5102,16.5167
10.8,17,53.3853,134.0273,32.2323,-2.5608,2.9773,10.2628,10.9885
10.8,18,6.3812,82.5475,9.1445,-13.4562,5.0401,12.4896,19.0384
10.8,19,92.3885,124.3527,40.5111,-3.8169,-6.8281,9.9489,12.6559
10.8,20,50.0522,114.0704,19.8213,2.1932,-1.5774,-11.7686,12.0746
10.8,21,96.4982,129.3159,24.6866,-16.7268,-5.4785,13.5257,22.1979
10.8,22,180.9813,16.3919,20.7007,-7.2042,-14.4446,22.9041,28.0204
10.8,23,33.8998,75.2246,31.3794,3.6104,1.9026,29.7702,30.0486
10.8,24,4.0767,23.1177,19.0309,15.7257,-4.6259,4.2346,16.9301
10.8,25,50.0489,102.6529,3.8858,-2.7892,6.4224,0.1769,7.0041
10.8,26,54.6139,61.6034,34.9849,-11.5695,15.0532,-4.533,19.5192
10.8,27,128.8622,1.9516,31.7556,2.4673,14.3192,10.6469,18.0134
10.8,28,111.7331,13.3973,44.0362,2.3146,1.3624,10.5736,10.9094
10.8,29,154.4387,116.383,49.5575,7.5517,-29.3763,-9.8295,31.8843
10.8,30,123.118,33.2005,20.431,1.3384,22.3731,-25.8643,34.2244
10.8,31,81.1889,168.8328,32.9531,-0.0737,0.354,-6.5424,6.5524
10.8,32,147.9663,116.144,27.0023,11.1674,24.4443,10.5538,28.8724
10.8,33,30.6271,67.0465,7.6802,9.9323,-1.5805,22.1996,24.3715
10.8,34,10.0138,121.6787,44.3259,0.5121,-2.5928,-12.5682,12.8431
10.8,35,43.1291,11.6956,31.147,20.642,-9.7293,-7.6076,24.0547
10.8,36,149.5056,187.4337,8.2375,1.0711,-1.2666,8.7026,8.8593
10.8,37,104.4224,102.4975,17.1858,5.8897,-3.9329,0.0373,7.0822
10.8,38,23.2402,167.335,35.4089,-22.048,2.9214,-26.7715,34.8047
10.8,39,93.267,5.9446,5.3434,10.3364,18.9543,-10.6898,24.0911
10.8,40,36.3599,106.8435,25.2179,-5.609,10.6941,-3.585,12.5967
10.8,41,145.8935,105.4814,39.4535,-1.7565,6.4283,-17.2592,18.501
10.8,42,93.5929,189.0248,19.4811,-6.0114,-28.6954,16.213,33.5026
10.8,43,88.6194,131.8889,39.7317,17.1798,2.7955,5.1854,18.1618
10.8,44,58.5634,110.1085,40.6897,17.9632,22.2901,14.3293,32.0133
10.8,45,105.0837,39.6315,12.2651,-11.9524,-26.6434,10.5953,31.0643
10.8,46,65.9453,75.6262,21.6676,0.5728,0.5617,-15.3037,15.3247
10.8,47,13.7837,106.2493,19.7162,12.8691,4.0293,-22.0893,25.8803
10.8,48,4.0409,81.9925,12.242,9.5418,7.8147,-21.5329,24.815
10.8,49,196.938,9.4203,25.3252,-3.1036,-7.937,-26.8147,28.1364
10.9,0,51.8237,176.9226,6.4848,-1.7443,-19.0605,-2.2649,19.2737
10.9,1,14.5892,154.8074,25.8972,14.7632,13.8875,24.5797,31.8587
10.9,2,177.0388,28.754,15.5927,-9.6632,-17.1144,-20.9176,28.7024
10.9,3,114.9953,182.066,24.8366,2.7936,5.7842,-8.842,10.929
10.9,4,146.3206,153.7044,11.5181,11.8596,10.9022,-1.3093,16.1624
10.9,5,152.1345,157.4465,43.2986,2.3444,3.8274,-28.0504,28.4072
10.9,6,67.5274,66.8444,43.6409,-13.7122,-0.7247,-15.6404,20.8128
10.9,7,124.6426,70.7575,34.3249,-5.6,-7.2649,-4.54,10.2348
10.9,8,26.9821,21.7487,38.4815,6.3991,-15.6081,-0.6559,16.8817
10.9,9,39.3425,182.2517,30.0472,12.3074,12.8711,-15.7563,23.7781
10.9,10,118.6042,89.1971,3.0048,-25.0211,-22.3928,6.475,34.1968
10.9,11,105.8707,26.3401,48.2679,1.3825,-9.1607,-23.0631,24.8544
10.9,12,113.3996,51.8593,3.1324,-2.0766,5.0218,0.7512,5.4859
10.9,13,174.3755,92.037,17.3756,17.9842,9.8451,-16.232,26.1502
10.9,14,127.6655,63.1825,17.1438,1.3504,2.0126,-12.2892,12.5259
10.9,15,109.8184,179.7042,14.06,10.7803,6.9904,-28.0634,30.8648
10.9,16,91.568,157.9428,39.959,12.3088,-10.5513,3.1569,16.5167
10.9,17,52.7272,134.6715,32.8318,-6.5807,6.4415,5.9956,10.9885
10.9,18,6.0885,82.5043,7.2638,-2.9269,-0.4325,-18.8071,19.0384
10.9,19,92.4701,123.6608,39.4545,0.8162,-6.9187,-10.5659,12.6559
10.9,20,49.3486,114.8057,19.1714,-7.0356,7.3522,-6.4993,12.0746
10.9,21,95.3885,127.8066,23.4958,-11.0967,-15.0936,-11.9076,22.1979
10.9,22,181.3048,16.561,23.4788,3.2354,1.6917,27.7815,28.0204
10.9,23,32.1178,75.4394,28.9695,-17.8198,2.1482,-24.0989,30.0486
10.9,24,4.3482,23.306,17.3704,2.7148,1.8831,-16.6046,16.9301
10.9,25,50.0557,103.2799,3.5738,0.0676,6.2702,-3.1206,7.0041
10.9,26,54.3987,62.3741,33.2045,-2.1521,7.7064,-17.804,19.5192
10.9,27,128.7211,1.2685,30.0948,-1.4111,-6.8319,-16.6078,18.0134
10.9,28,111.2533,12.4688,43.7234,-4.7972,-9.2855,-3.1274,10.9094
10.9,29,154.3907,113.7669,47.7356,-0.48,-26.1616,-18.2195,31.8843
10.9,30,124.0183,33.5685,17.1497,9.0034,3.6801,-32.8132,34.2244
10.9,31,81.8088,168.8091,33.164,6.1992,-0.2372,2.1089,6.5524
10.9,32,150.6864,117.1121,27.0177,27.2005,9.681,0.1542,28.8724
10.9,33,30.8949,66.5269,5.3142,2.6783,-5.1959,-23.6601,24.3715
10.9,34,9.981,121.1429,45.4926,-0.328,-5.3579,11.6675,12.8431
10.9,35,41.5564,10.6729,29.6413,-15.7269,-10.2265,-15.0569,24.0547
10.9,36,149.4062,187.4739,9.1169,-0.9941,0.4019,8.7942,8.8593
10.9,37,104.4292,102.3465,17.8777,0.0677,-1.51,6.919,7.0822
10.9,38,23.0233,163.9357,34.6934,-2.1691,-33.9922,-7.1546,34.8047
10.9,39,94.2988,7.1478,3.5291,10.3182,12.0318,-18.1425,24.0911
10.9,40,36.5252,106.2411,26.3118,1.6532,-6.0234,10.939,12.5967
10.9,41,147.3705,106.276,38.6725,14.77,7.9463,-7.8097,18.501
10.9,42,91.9463,189.0191,16.5634,-16.4664,-0.0565,-29.1767,33.5026
10.9,43,87.5216,130.472,40.0248,-10.9782,-14.168,2.9317,18.1618
10.9,44,59.9563,107.2281,40.5831,13.9295,-28.8043,-1.0656,32.0133
10.9,45,103.7113,39.9555,15.033,-13.7242,3.2393,27.6793,31.0643
10.9,46,66.0403,76.7741,22.6784,0.95,11.4788,10.1084,15.3247
10.9,47,12.8035,106.3069,22.1108,-9.8014,0.5759,23.9456,25.8803
10.9,48,4.0385,83.8294,13.9104,-0.024,18.3695,16.6836,24.815
10.9,49,194.4416,8.9648,26.5406,-24.9639,-4.5552,12.1536,28.1364
11.0,0,51.5006,176.9222,4.5847,-3.2313,-0.0036,-19.0009,19.2737
11.0,1,17.6615,154.5666,25.0892,30.7228,-2.4076,-8.08,31.8587
11.0,2,177.3902,28.6618,12.7455,3.5141,-0.9219,-28.4715,28.7024
11.0,3,115.2781,181.6708,23.8577,2.8276,-3.9515,-9.7894,10.929
11.0,4,146.5749,152.1196,11.3282,2.5426,-15.8478,-1.8984,16.1624
11.0,5,150.9425,156.8148,40.7986,-11.92,-6.317,-24.9996,28.4072
11.0,6,67.4001,68.9182,43.7635,-1.2724,20.7377,1.2256,20.8128
11.0,7,124.817,70.584,35.3184,1.7444,-1.7348,9.9347,10.2348
11.0,8,27.9738,21.8162,37.117,9.9173,0.675,-13.6448,16.8817
11.0,9,39.4535,183.0294,27.8029,1.1099,7.7777,-22.4427,23.7781
11.0,10,117.1365,90.2117,5.9221,-14.6768,10.1461,29.1731,34.1968
11.0,11,103.7572,25.0694,47.9585,-21.1349,-12.7075,-3.0942,24.8544
11.0,12,113.2162,51.7855,3.6441,-1.8346,-0.7381,5.117,5.4859
11.0,13,175.3394,93.953,15.8795,9.639,19.1597,-14.9609,26.1502
11.0,14,128.5778,63.8883,17.6323,9.1226,7.0577,4.8854,12.5259
11.0,15,109.9458,180.4295,17.0573,1.2739,7.2531,29.9734,30.8648
11.0,16,91.0749,158.6331,38.5418,-4.9305,6.9034,-14.1716,16.5167
11.0,17,53.3686,134.7282,33.7223,6.4134,0.5678,8.9046,10.9885
11.0,18,5.4717,80.8734,8.0282,-6.1678,-16.309,7.6442,19.0384
11.0,19,92.4801,124.3624,40.5078,0.1002,7.0158,10.5329,12.6559
11.0,20,48.9816,115.3015,18.1334,-3.67,4.9587,-10.3797,12.0746
11.0,21,94.2839,129.6771,23.0394,-11.0467,18.7053,-4.5638,22.1979
11.0,22,180.2044,16.4791,20.9032,-11.0038,-0.8194,-25.7563,28.0204
11.0,23,32.357,75.1495,31.9507,2.392,-2.8989,29.8127,30.0486
11.0,24,4.5439,23.5733,15.7101,1.9575,2.6727,-16.6028,16.9301
11.0,25,49.9785,103.4004,2.8881,-0.7722,1.2045,-6.8564,7.0041
11.0,26,54.18,61.8004,35.0573,-2.187,-5.7364,18.5287,19.5192
11.0,27,130.125,1.669,29.0395,14.0383,4.0051,-10.5531,18.0134
11.0,28,111.7545,11.5568,44.0508,5.0122,-9.12,3.2739,10.9094
11.0,29,156.8228,113.172,45.7615,24.321,-5.9481,-19.7413,31.8843
11.0,30,121.6354,31.6561,18.6915,-23.8292,-19.1246,15.4185,34.2244
11.0,31,82.1675,168.7086,32.6249,3.5867,-1.0053,-5.3906,6.5524
11.0,32,148.2399,118.5995,26.6457,-24.4652,14.8737,-3.7204,28.8724
11.0,33,28.8085,67.7602,5.5702,-20.864,12.3333,2.5596,24.3715
11.0,34,10.855,121.8318,44.8515,8.7396,6.8896,-6.4107,12.8431
11.0,35,43.2241,11.0506,27.9495,16.6775,3.7771,-16.9181,24.0547
11.0,36,149.4192,187.8514,8.3156,0.1304,3.7751,-8.0137,8.8593
11.0,37,103.8697,102.4239,18.3049,-5.595,0.7737,4.2726,7.0822
11.0,38,21.2698,163.851,31.6881,-17.5347,-0.8471,-30.053,34.8047
11.0,39,94.686,9.0216,2.0653,3.8712,18.7382,-14.6381,24.0911
11.0,40,35.6917,105.5265,25.6943,-8.3349,-7.1464,-6.1754,12.5967
11.0,41,148.1376,107.9387,38.4082,7.6708,16.6271,-2.6432,18.501
11.0,42,90.7048,191.4105,18.5545,-12.4148,23.9139,19.9104,33.5026
11.0,43,88.1137,132.1399,39.6172,5.9208,16.6787,-4.0762,18.1618
11.0,44,59.5415,106.0369,43.5255,-4.1482,-11.9114,29.4239,32.0133
11.0,45,101.1016,39.6827,16.6958,-26.0975,-2.7273,16.6274,31.0643
11.0,46,65.9753,76.0323,24.0178,-0.6495,-7.4181,13.3939,15.3247
11.0,47,14.6876,107.0155,23.7375,18.8405,7.0852,16.2672,25.8803
11.0,48,3.0421,84.3343,11.6946,-9.9646,5.0487,-22.1585,24.815
11.0,49,194.6323,8.9246,29.3475,1.9076,-0.4018,28.0687,28.1364
11.1,0,51.7152,176.0051,6.2662,2.1463,-9.1717,16.8151,19.2737
11.1,1,17.3066,154.3921,28.2504,-3.5496,-1.7451,31.6122,31.8587
11.1,2,178.7228,30.9227,11.5832,13.3264,22.6085,-11.6228,28.7024
11.1,3,115.4179,181.9356,22.8066,1.3981,2.6479,-10.5108,10.929
11.1,4,145.7135,151.3666,12.4698,-8.6139,-7.5301,11.4158,16.1624
11.1,5,150.7782,156.9103,37.9643,-1.6424,0.9547,-28.3436,28.4072
11.1,6,66.7975,67.7196,42.1723,-6.0258,-11.9858,-15.9123,20.8128
11.1,7,124.6985,70.7065,34.3092,-1.1854,1.2244,-10.0919,10.2348
11.1,8,27.4445,21.7734,38.7195,-5.2927,-0.4281,16.0248,16.8817
11.1,9,39.4685,183.066,25.4254,0.1504,0.366,-23.7748,23.7781
11.1,10,119.0546,93.0418,5.8441,19.1807,28.3004,-0.7797,34.1968
11.1,11,105.9044,26.1744,47.3707,21.4726,11.0506,-5.8781,24.8544
11.1,12,113.4224,51.3447,3.8973,2.062,-4.4078,2.5326,5.4859
11.1,13,173.3982,93.2488,14.2751,-19.412,-7.042,-16.0443,26.1502
11.1,14,129.0354,63.7304,18.7876,4.5763,-1.5784,11.5527,12.5259
11.1,15,109.9384,178.1424,19.1299,-0.0738,-22.8711,20.7254,30.8648
11.1,16,91.2648,157.0299,38.1931,1.8989,-16.0324,-3.4867,16.5167
11.1,17,52.3788,134.6719,33.2483,-9.8974,-0.5639,-4.7402,10.9885
11.1,18,5.8878,79.9193,9.6224,4.1608,-9.5402,15.9416,19.0384
11.1,19,93.2976,124.0509,41.4223,8.1751,-3.1148,9.1454,12.6559
11.1,20,48.779,114.1724,17.7567,-2.0263,-11.2915,-3.7673,12.0746
11.1,21,95.8201,130.8778,21.9784,15.3621,12.0074,-10.61,22.1979
11.1,22,180.0055,16.2016,18.122,-1.9894,-2.7754,-27.8115,28.0204
11.1,23,32.9117,75.6733,29.0443,5.5469,5.2374,-29.0641,30.0486
11.1,24,4.7964,23.7064,14.0414,2.5247,1.3311,-16.6878,16.9301
11.1,25,49.9596,103.3501,2.1898,-0.1885,-0.5025,-6.9835,7.0041
11.1,26,54.638,61.0236,33.3262,4.5801,-7.7685,-17.3111,19.5192
11.1,27,130.5485,2.3258,30.6625,4.2358,6.5684,16.2295,18.0134
11.1,28,112.332,11.8471,44.9297,5.7745,2.9034,8.7886,10.9094
11.1,29,157.9475,112.1995,48.582,11.2468,-9.7258,28.2051,31.8843
11.1,30,123.771,33.9945,19.9893,21.356,23.384,12.9779,34.2244
11.1,31,82.7589,168.8411,32.8739,5.9143,1.3254,2.4897,6.5524
11.1,32,148.0417,117.5216,23.9745,-1.9822,-10.7787,-26.7115,28.8724
11.1,33,29.9471,66.1448,6.9963,11.386,-16.154,14.261,24.3715
11.1,34,9.8694,121.742,44.033,-9.8556,-0.8987,-8.1857,12.8431
11.1,35,40.8982,10.4546,28.0949,-23.2592,-5.9603,1.4541,24.0547
11.1,36,149.354,187.9588,9.1926,-0.6519,1.0735,8.7698,8.8593
11.1,37,103.89,102.7032,18.9555,0.2028,2.7928,6.5051,7.0822
11.1,38,21.3463,161.5245,29.1006,0.7651,-23.2649,-25.8751,34.8047
11.1,39,95.7219,7.5822,3.6959,10.3593,-14.394,16.3058,24.0911
11.1,40,35.5166,105.8913,24.5013,-1.7514,3.6475,-11.9291,12.5967
11.1,41,148.1144,108.0922,36.5646,-0.2315,1.5352,-18.4358,18.501
11.1,42,90.6717,191.7048,15.2173,-0.3304,2.943,-33.3715,33.5026
11.1,43,88.993,132.4293,38.0547,8.7933,2.8935,-15.6254,18.1618
11.1,44,59.0333,108.6066,45.3659,-5.0821,25.697,18.4036,32.0133
11.1,45,103.8893,40.136,15.4024,27.8776,4.5323,-12.9339,31.0643
11.1,46,65.9937,75.9578,22.4873,0.1834,-0.745,-15.3055,15.3247
11.1,47,14.6839,107.1127,26.3237,-0.0362,0.9729,25.862,25.8803
11.1,48,2.1358,82.0388,11.9543,-9.0624,-22.9545,2.5974,24.815
11.1,49,192.0709,8.212,28.4267,-25.6143,-7.1265,-9.2074,28.1364
11.2,0,50.9352,175.9123,4.5062,-7.8004,-0.9282,-17.6002,19.2737
11.2,1,15.9618,154.2225,31.1336,-13.4471,-1.6963,28.8318,31.8587
11.2,2,175.9836,31.441,12.2659,-27.3926,5.1832,6.8269,28.7024
11.2,3,115.1334,181.6913,21.7801,-2.8451,-2.4438,-10.2653,10.929
11.2,4,146.6897,150.5128,13.4342,9.7623,-8.5386,9.6443,16.1624
11.2,5,149.8925,159.5395,37.3543,-8.8572,26.2928,-6.0999,28.4072
11.2,6,65.5569,67.8214,40.5043,-12.4066,1.0181,-16.6796,20.8128
11.2,7,124.8233,70.7093,35.325,1.2483,0.0286,10.1583,10.2348
11.2,8,28.2733,20.7692,39.7942,8.2872,-10.0413,10.7464,16.8817
11.2,9,38.685,185.2041,26.1102,-7.8348,21.3802,6.8483,23.7781
11.2,10,118.846,94.5911,8.8855,-2.0857,15.4936,30.4141,34.1968
11.2,11,108.366,26.1363,47.7121,24.6157,-0.3809,3.4146,24.8544
11.2,12,112.9571,51.072,3.797,-4.6527,-2.7277,-1.003,5.4859
11.2,13,174.4475,94.2726,12.1097,10.4936,10.2387,-21.6539,26.1502
11.2,14,128.9789,64.3082,17.6776,-0.5654,5.7776,-11.0995,12.5259
11.2,15,108.1164,180.5461,18.4752,-18.2201,24.0376,-6.5465,30.8648
11.2,16,92.8945,156.8868,37.9654,16.2963,-1.431,-2.2771,16.5167
11.2,17,51.6386,135.0167,33.9835,-7.4028,3.4482,7.3522,10.9885
11.2,18,6.1209,81.7772,9.2779,2.3311,18.5785,-3.4449,19.0384
11.2,19,92.2003,123.5368,41.7874,-10.9732,-5.141,3.6513,12.6559
11.2,20,48.278,114.514,18.8008,-5.0103,3.4161,10.4415,12.0746
11.2,21,95.8638,130.8936,24.1977,0.4373,0.1573,22.193,22.1979
11.2,22,181.5316,14.3783,16.6395,15.2615,-18.2324,-14.8259,28.0204
11.2,23,33.8183,75.7629,31.9078,9.0657,0.8965,28.6344,30.0486
11.2,24,5.5748,23.1295,15.4297,7.784,-5.7695,13.8834,16.9301
11.2,25,49.9982,103.2067,1.5053,0.3861,-1.434,-6.8449,7.0041
11.2,26,56.1424,61.8,32.3547,15.0443,7.7637,-9.7157,19.5192
11.2,27,130.3597,1.1975,29.2711,-1.8882,-11.2835,-13.9141,18.0134
11.2,28,112.4565,10.9067,45.4683,1.2447,-9.4047,5.3868,10.9094
11.2,29,155.4338,110.3169,49.1331,-25.1365,-18.8254,5.5114,31.8843
11.2,30,120.7485,32.39,19.934,-30.2252,-16.045,-0.5536,34.2244
11.2,31,83.1806,168.9772,33.3565,4.2175,1.3612,4.8264,6.5524
11.2,32,150.3693,118.4347,22.5307,23.2763,9.1306,-14.4381,28.8724
11.2,33,29.6237,63.8943,6.1187,-3.2335,-22.5057,-8.7755,24.3715
11.2,34,10.284,122.0659,45.2045,4.1462,3.2397,11.7157,12.8431
11.2,35,40.909,10.6641,30.4912,0.1074,2.0948,23.9631,24.0547
11.2,36,148.7816,187.9629,9.8687,-5.7247,0.0418,6.7611,8.8593
11.2,37,104.1192,103.0862,18.4056,2.2925,3.8303,-5.4982,7.0822
11.2,38,21.6451,160.3559,25.8358,2.9879,-11.6861,-32.6477,34.8047
11.2,39,96.2411,6.205,1.7886,5.1919,-13.7719,-19.0725,24.0911
11.2,40,36.1856,104.8678,24.1987,6.6903,-10.235,-3.0267,12.5967
11.2,41,149.3066,108.476,35.2029,11.9217,3.8379,-13.6174,18.501
11.2,42,89.7503,192.1535,18.407,-9.2141,4.4872,31.8966,33.5026
11.2,43,89.886,131.1487,38.9827,8.9299,-12.8053,9.2806,18.1618
11.2,44,57.0143,110.949,44.5379,-20.1897,23.4239,-8.2796,32.0133
11.2,45,103.1032,37.9165,13.3761,-7.8616,-22.1948,-20.2627,31.0643
11.2,46,64.786,75.1994,21.9261,-12.0764,-7.5839,-5.6118,15.3247
11.2,47,13.2039,109.2269,26.1292,-14.8005,21.1412,-1.9454,25.8803
11.2,48,1.8151,83.9545,13.4987,-3.2077,19.1569,15.4436,24.815
11.2,49,191.6237,7.5736,25.7232,-4.4718,-6.3834,-27.0353,28.1364
11.3,0,52.0231,174.3916,4.0382,10.8786,-15.2063,-4.6797,19.2737
11.3,1,18.1699,156.5027,31.4075,22.0802,22.8022,2.7386,31.8587
11.3,2,175.7637,34.2468,12.8292,-2.1994,28.0582,5.6325,28.7024
11.3,3,116.2041,181.6481,21.995,10.7069,-0.4315,2.1489,10.929
11.3,4,147.0578,151.4459,12.1669,3.6804,9.3312,-12.673,16.1624
11.3,5,152.068,161.1441,38.2275,21.7547,16.0455,8.7319,28.4072
11.3,6,64.3914,66.441,39.471,-11.6549,-13.8043,-10.3332,20.8128
11.3,7,124.1152,71.2721,35.804,-7.0812,5.6273,4.7897,10.2348
11.3,8,28.8985,21.1762,38.2798,6.2523,4.0697,-15.1439,16.8817
11.3,9,38.729,185.2051,28.4876,0.4394,0.0103,23.774,23.7781
11.3,10,120.819,95.6623,11.4651,19.7294,10.7114,25.796,34.1968
11.3,11,105.9885,25.7944,47.0733,-23.7746,-3.4195,-6.3887,24.8544
11.3,12,113.0104,51.5139,3.4764,0.5332,4.4198,-3.2056,5.4859
11.3,13,174.8703,91.8551,11.2069,4.2275,-24.1757,-9.0278,26.1502
11.3,14,129.5805,63.5574,18.4797,6.0159,-7.5082,8.0209,12.5259
11.3,15,109.7893,182.6982,19.923,16.7296,21.5211,14.4775,30.8648
11.3,16,92.2031,158.0227,38.945,-6.914,11.3595,9.7959,16.5167
11.3,17,51.8657,135.3156,35.0162,2.2718,2.9894,10.3271,10.9885
11.3,18,5.69,83.6132,9.0173,-4.3095,18.3603,-2.6058,19.0384
11.3,19,92.2742,124.6246,42.43,0.739,10.8781,6.426,12.6559
11.3,20,48.5505,113.3585,18.5802,2.7252,-11.5543,-2.2063,12.0746
11.3,21,94.7267,132.556,25.1309,-11.3713,16.6243,9.3312,22.1979
11.3,22,178.7394,14.4562,16.4181,-27.9219,0.7783,-2.2139,28.0204
11.3,23,32.9258,74.0409,34.2029,-8.9251,-17.2198,22.9508,30.0486
11.3,24,5.5871,23.1043,13.7369,0.1227,-0.2514,-16.9278,16.9301
11.3,25,49.8594,103.6233,0.9596,-1.3887,4.1661,-5.4564,7.0041
11.3,26,56.5393,63.315,31.1897,3.9692,15.1507,-11.6491,19.5192
11.3,27,130.6644,1.156,31.046,3.0469,-0.415,17.749,18.0134
11.3,28,111.9912,11.8931,45.4925,-4.653,9.8644,0.2415,10.9094
11.3,29,154.0523,107.7634,47.8151,-13.8156,-25.5349,-13.18,31.8843
11.3,30,119.3166,29.4513,18.9206,-14.3185,-29.387,-10.134,34.2244
11.3,31,82.5354,168.9202,33.2577,-6.4524,-0.5703,-0.988,6.5524
11.3,32,150.5265,119.5887,25.1726,1.5724,11.5403,26.419,28.8724
11.3,33,29.8051,64.1176,8.5388,1.8135,2.2335,24.2011,24.3715
11.3,34,9.6821,122.1151,46.338,-6.0193,0.4922,11.3345,12.8431
11.3,35,39.7638,10.5853,32.6052,-11.4515,-0.7876,21.1393,24.0547
11.3,36,148.8574,187.45,9.1503,0.7585,-5.1294,-7.1834,8.8593
11.3,37,103.9871,102.5737,17.9351,-1.3217,-5.1253,-4.7056,7.0822
11.3,38,24.4736,158.6114,26.8702,28.2849,-17.4453,10.3436,34.8047
11.3,39,98.3306,5.8181,2.9235,20.8953,-3.869,11.3489,24.0911
11.3,40,36.0817,104.126,23.1859,-1.039,-7.4181,-10.1276,12.5967
11.3,41,150.48,109.088,36.4957,11.7341,6.1199,12.9285,18.501
11.3,42,88.1211,193.259,15.6964,-16.2928,11.0549,-27.1065,33.5026
11.3,43,88.8505,130.3051,37.752,-10.355,-8.436,-12.3068,18.1618
11.3,44,54.7959,109.5373,42.712,-22.1844,-14.1168,-18.2598,32.0133
11.3,45,103.7065,39.2295,16.126,6.0338,13.1303,27.4987,31.0643
11.3,46,63.7949,74.6304,22.947,-9.9114,-5.6901,10.2094,15.3247
11.3,47,11.6939,111.3139,26.3783,-15.0995,20.8707,2.491,25.8803
11.3,48,1.1093,85.0834,15.5928,-7.0575,11.2884,20.9415,24.815
11.3,49,192.4095,6.2259,28.0647,7.8572,-13.4771,23.4155,28.1364
11.4,0,51.3907,174.9159,5.7818,-6.3237,5.2426,17.4356,19.2737
11.4,1,18.3898,155.4036,28.4253,2.1998,-10.9913,-29.8216,31.8587
11.4,2,176.4866,36.8098,13.9001,7.2295,25.6294,10.7095,28.7024
11.4,3,115.1357,181.6264,22.2243,-10.6835,-0.2168,2.2931,10.929
11.4,4,148.0846,152.3891,12.9844,10.2686,9.4315,8.1747,16.1624
11.4,5,149.8813,162.2274,39.6816,-21.8669,10.8329,14.5415,28.4072
11.4,6,64.1292,66.4073,41.5354,-2.6215,-0.3373,20.6443,20.8128
11.4,7,124.9101,71.7085,35.3294,7.9486,4.3645,-4.7456,10.2348
11.4,8,27.5709,21.4939,37.2865,-13.2754,3.1772,-9.9328,16.8817
11.4,9,37.3962,183.3296,29.0878,-13.3277,-18.7549,6.002,23.7781
11.4,10,118.304,93.4705,10.7131,-25.1493,-21.9173,-7.5208,34.1968
11.4,11,108.3225,26.624,46.8686,23.3394,8.2958,-2.047,24.8544
11.4,12,113.1082,51.5807,2.9408,0.9783,0.6679,-5.3564,5.4859
11.4,13,174.1719,92.7992,8.8704,-6.9831,9.4412,-23.3652,26.1502
11.4,14,129.7194,63.3465,19.7066,1.3891,-2.1093,12.2687,12.5259
11.4,15,110.2384,182.2185,16.9073,4.4909,-4.7971,-30.1571,30.8648
11.4,16,91.6228,159.4987,39.4065,-5.8021,14.7593,4.6153,16.5167
11.4,17,51.717,134.5644,35.8043,-1.4872,-7.5117,7.8809,10.9885
11.4,18,5.6272,83.5801,7.1148,-0.6272,-0.3315,-19.0252,19.0384
11.4,19,93.0849,124.5399,41.4619,8.1069,-0.8475,-9.6816,12.6559
11.4,20,49.477,113.9852,18.1254,9.2652,6.2664,-4.5481,12.0746
11.4,21,92.6071,131.8984,25.1784,-21.196,-6.5763,0.4754,22.1979
11.4,22,176.6818,13.1039,15.0805,-20.5759,-13.5228,-13.3757,28.0204
11.4,23,31.9752,76.5484,35.5586,-9.5054,25.0751,13.5576,30.0486
11.4,24,6.6445,23.4257,12.4544,10.5742,3.2133,-12.8253,16.9301
11.4,25,49.9124,103.6413,0.2615,0.5304,0.1801,-6.9817,7.0041
11.4,26,56.5301,63.3178,29.2378,-0.0923,0.0277,-19.519,19.5192
11.4,27,130.101,0.3344,30.2056,-5.6344,14.9037,-8.4034,18.0134
11.4,28,111.6864,10.9517,45.0332,-3.0474,-9.4143,-4.5934,10.9094
11.4,29,154.2677,108.2286,49.0379,2.1542,4.6512,-31.4696,31.8843
11.4,30,119.6178,29.0777,15.5319,3.0116,-3.7363,-33.8863,34.2244
11.4,31,82.0679,169.3752,33.3195,-4.6748,4.5495,0.618,6.5524
11.4,32,153.258,118.9668,25.8714,27.3148,-6.2196,6.988,28.8724
11.4,33,31.2603,65.4528,9.9669,14.5522,13.3521,14.2803,24.3715
11.4,34,10.2839,121.1185,46.8802,6.0178,-9.9665,5.4221,12.8431
11.4,35,39.8154,10.5518,30.2005,0.5158,-0.335,-24.0468,24.0547
11.4,36,149.215,186.7221,9.5069,3.5759,-7.2791,3.5658,8.8593
11.4,37,104.2042,102.0135,17.5601,2.171,-5.602,-3.7499,7.0822
11.4,38,23.0071,160.3547,29.5016,-14.6648,17.4326,26.3138,34.8047
11.4,39,98.0238,4.5097,0.9241,-3.0679,-13.0838,-19.9946,24.0911
11.4,40,35.2209,103.6573,23.9772,-8.6079,-4.6863,7.9132,12.5967
11.4,41,148.9606,109.8685,37.2064,-15.1944,7.8047,7.1066,18.501
11.4,42,91.0924,193.1303,17.2388,29.713,-1.2868,15.4243,33.5026
11.4,43,88.6107,131.2281,36.2063,-2.3978,9.2292,-15.4571,18.1618
11.4,44,52.437,110.9698,44.3344,-23.5888,14.3243,16.2246,32.0133
11.4,45,105.5786,37.9201,18.2309,18.721,-13.094,21.049,31.0643
11.4,46,63.4233,76.1162,22.8961,-3.7165,14.8585,-0.5097,15.3247
11.4,47,12.9967,113.1721,25.1341,13.0277,18.5814,-12.4419,25.8803
11.4,48,0.6528,86.2363,13.4433,-4.5647,11.5292,-21.4947,24.815
11.4,49,192.5395,4.0067,26.34,1.2999,-22.1919,-17.2477,28.1364
11.5,0,51.4553,174.1745,4.0039,0.6458,-7.4139,-17.7789,19.2737
11.5,1,16.4838,156.6233,26.1828,-19.0607,12.1972,-22.4253,31.8587
11.5,2,175.7178,34.2988,12.7415,-7.6878,-25.1094,-11.5863,28.7024
11.5,3,115.1132,181.2647,23.2554,-0.2255,-3.6169,10.3107,10.929
11.5,4,147.5788,151.4089,11.803,-5.0587,-9.8016,-11.8136,16.1624
11.5,5,148.7737,160.1021,38.1564,-11.0759,-21.2529,-15.2516,28.4072
11.5,6,63.0997,65.5467,39.9444,-10.2951,-8.6052,-15.9102,20.8128
11.5,7,123.9039,71.5915,35.476,-10.0615,-1.1698,1.4657,10.2348
11.5,8,28.0782,22.9852,37.8936,5.0728,14.9132,6.0706,16.8817
11.5,9,38.6988,181.3548,29.3274,13.0259,-19.748,2.3959,23.7781
11.5,10,118.8063,93.3558,14.0937,5.0231,-1.1472,33.8064,34.1968
11.5,11,108.2872,26.6315,49.3537,-0.3529,0.0754,24.8517,24.8544
11.5,12,113.3532,51.4715,3.4194,2.4495,-1.0924,4.7855,5.4859
11.5,13,175.6735,92.7803,11.0113,15.0154,-0.1892,21.4088,26.1502
11.5,14,128.5803,63.4455,19.1949,-11.3902,0.9904,-5.1168,12.5259
11.5,15,109.7587,179.2672,17.6728,-4.797,-29.513,7.6554,30.8648
11.5,16,90.7099,158.34,38.6635,-9.1293,-11.5865,-7.4303,16.5167
11.5,17,51.7721,135.251,36.6604,0.5506,6.8657,8.5618,10.9885
11.5,18,6.5633,83.8654,5.4817,9.3603,2.8532,-16.3311,19.0384
11.5,19,92.3224,124.77,40.4784,-7.6252,2.301,-9.8354,12.6559
11.5,20,49.5109,113.8427,16.9268,0.3392,-1.4244,-11.9855,12.0746
11.5,21,91.6562,133.7607,25.9234,-9.5089,18.6233,7.4496,22.1979
11.5,22,177.181,10.8334,16.6448,4.9912,-22.7051,15.6432,28.0204
11.5,23,31.9574,76.5222,32.5539,-0.1787,-0.2623,-30.047,30.0486
11.5,24,6.0768,21.8317,12.5117,-5.6774,-15.9395,0.5736,16.9301
11.5,25,49.768,104.2737,0.0028,-1.4445,6.3238,2.6422,7.0041
11.5,26,55.3662,63.5395,30.7891,-11.6386,2.2166,15.5123,19.5192
11.5,27,130.1923,0.5341,28.4177,0.9134,1.9963,-17.8792,18.0134
11.5,28,111.69,11.1174,43.9549,0.0356,1.6576,-10.7826,10.9094
11.5,29,156.7716,109.8143,49.7864,25.0388,15.857,-11.7569,31.8843
11.5,30,121.9122,31.4238,16.5037,22.9444,23.4615,9.7174,34.2244
11.5,31,82.1493,169.6966,33.8846,0.8143,3.2146,5.6513,6.5524
11.5,32,150.8354,117.6303,26.6967,-24.2259,-13.3648,8.2524,28.8724
11.5,33,30.9003,65.5922,12.3733,-3.5998,1.3937,24.0639,24.3715
11.5,34,10.17,122.1845,46.173,-1.1389,10.66,-7.0719,12.8431
11.5,35,41.2828,8.8031,29.4422,14.6739,-17.4874,-7.5825,24.0547
11.5,36,149.1537,186.7123,10.3907,-0.6131,-0.0977,8.8375,8.8593
11.5,37,104.412,101.9044,16.8919,2.0785,-1.0903,-6.682,7.0822
11.5,38,21.63,158.7934,32.2908,-13.7708,-15.6129,27.8921,34.8047
11.5,39,98.1109,4.5184,1.4835,0.8711,0.0867,24.0752,24.0911
11.5,40,36.298,103.0063,23.9239,10.7709,-6.5099,-0.5336,12.5967
11.5,41,149.4966,109.1991,35.567,5.3599,-6.6934,-16.3938,18.501
11.5,42,88.9869,190.7339,18.2627,-21.0549,-23.9643,10.2389,33.5026
11.5,43,87.5604,130.9948,37.6695,-10.5037,-2.3322,14.6315,18.1618
11.5,44,52.1197,111.0664,41.1503,-3.1732,0.9669,-31.841,32.0133
11.5,45,104.0595,38.091,15.5266,-15.1911,1.7085,-27.0426,31.0643
11.5,46,63.5858,74.7771,22.1688,1.6251,-13.391,-7.2723,15.3247
11.5,47,11.14,113.0184,23.3377,-18.567,-1.5366,-17.9637,25.8803
11.5,48,1.6911,88.3069,12.5532,10.3829,20.7062,-8.9011,24.815
11.5,49,192.9353,4.1582,29.1215,3.9583,1.515,27.8153,28.1364
11.6,0,52.1378,174.6783,5.7345,6.825,5.0381,17.3064,19.2737
11.6,1,13.7058,158.0767,25.617,-27.7798,14.5343,-5.6578,31.8587
11.6,2,175.006,34.4955,9.9679,-7.1183,1.967,-27.736,28.7024
11.6,3,115.1081,181.291,24.3479,-0.0507,0.2629,10.9257,10.929
11.6,4,147.444,152.1532,13.2314,-1.3475,7.4426,14.2834,16.1624
11.6,5,148.2269,157.6737,39.5253,-5.4677,-24.2836,13.6887,28.4072
11.6,6,62.0352,64.5738,41.445,-10.6457,-9.7289,15.0063,20.8128
11.6,7,124.0582,71.2213,34.5344,1.5428,-3.7027,-9.4159,10.2348
11.6,8,27.1412,23.6214,39.1454,-9.3701,6.3616,12.5188,16.8817
11.6,9,37.5674,180.4575,27.4383,-11.3144,-8.9728,-18.891,23.7781
11.6,10,121.4881,91.2373,13.9753,26.8177,-21.1856,-1.1841,34.1968
11.6,11,109.071,25.5714,47.2468,7.8383,-10.6013,-21.0692,24.8544
11.6,12,113.6891,51.2869,3.8119,3.3589,-1.8459,3.9249,5.4859
11.6,13,175.4564,94.5926,9.1387,-2.1711,18.1237,-18.7257,26.1502
11.6,14,129.4712,63.3637,18.3182,8.9085,-0.8183,-8.7675,12.5259
11.6,15,110.1794,178.3179,14.7663,4.2071,-9.4937,-29.0655,30.8648
11.6,16,91.0629,157.1194,39.7187,3.5302,-12.206,10.5524,16.5167
11.6,17,51.3362,134.486,36.003,-4.3586,-7.6503,-6.5743,10.9885
11.6,18,8.4535,83.6659,5.5909,18.9021,-1.9945,1.0927,19.0384
11.6,19,91.3014,125.1627,39.8418,-10.2095,3.9267,-6.3655,12.6559
11.6,20,49.4692,113.0588,17.8442,-0.4171,-7.8394,9.1743,12.0746
11.6,21,91.198,132.3855,24.2422,-4.582,-13.7516,-16.812,22.1979
11.6,22,177.1228,10.3188,19.3986,-0.5815,-5.1456,27.5377,28.0204
11.6,23,31.9808,73.9785,30.9545,0.2341,-25.4374,-15.9939,30.0486
11.6,24,6.2741,22.3372,10.908,1.9735,5.0545,-16.037,16.9301
11.6,25,49.4882,104.6637,0.5074,-2.7979,3.8997,5.1012,7.0041
11.6,26,55.016,63.821,28.8896,-3.5025,2.8149,-18.995,19.5192
11.6,27,130.1698,1.2585,28.2411,-0.2253,17.9252,-1.7663,18.0134
11.6,28,111.5275,10.3627,43.1841,-1.625,-7.5472,-7.708,10.9094
11.6,29,157.3304,108.8468,47.2273,5.5881,-9.6743,-29.8629,31.8843
11.6,30,122.7313,28.1059,16.6878,8.1906,-33.1789,1.8408,34.2244
11.6,31,81.7883,169.4478,33.3978,-3.6106,-2.4882,-4.8689,6.5524
11.6,32,152.655,119.8284,26.2564,18.1958,21.9805,-4.4028,28.8724
11.6,33,29.9725,64.5337,10.3837,-9.2784,-10.5851,-19.8957,24.3715
11.6,34,10.6887,121.7389,45.0859,5.1876,-4.4555,-10.8712,12.8431
11.6,35,40.0707,7.2769,28.0323,-12.1213,-15.2619,-14.0988,24.0547
11.6,36,149.388,186.532,9.5555,2.3432,-1.8028,-8.3514,8.8593
11.6,37,104.8076,101.9021,16.3045,3.9558,-0.0235,-5.8744,7.0822
11.6,38,21.2036,159.3142,35.7055,-4.2647,5.2081,34.1475,34.8047
11.6,39,97.7625,2.4619,2.6889,-3.4842,-20.5653,12.0545,24.0911
11.6,40,35.9987,102.9296,25.145,-2.9935,-0.7678,12.2117,12.5967
11.6,41,148.2136,109.5721,34.2872,-12.8294,3.7297,-12.7978,18.501
11.6,42,89.0794,192.1858,21.2806,0.9256,14.5191,30.1789,33.5026
11.6,43,87.6027,132.6431,36.908,0.4232,16.4826,-7.6154,18.1618
11.6,44,52.6764,112.3522,38.2719,5.5667,12.8578,-28.7844,32.0133
11.6,45,102.8474,36.7758,18.0665,-12.1214,-13.1515,25.3988,31.0643
11.6,46,63.7649,74.9994,20.6632,1.7913,2.2231,-15.0564,15.3247
11.6,47,8.893,114.0519,22.5756,-22.4697,10.3353,-7.6213,25.8803
11.6,48,0.3713,88.112,14.6455,-13.1985,-1.949,20.9233,24.815
11.6,49,190.5054,5.1516,30.1341,-24.299,9.9338,10.1259,28.1364
11.7,0,50.223,174.46,5.7616,-19.1477,-2.1828,0.271,19.2737
11.7,1,12.8826,159.157,22.7351,-8.232,10.8028,-28.8186,31.8587
11.7,2,175.715,34.8571,7.2102,7.0901,3.6157,-27.5768,28.7024
11.7,3,116.1792,181.2302,24.1393,10.7107,-0.6082,-2.0864,10.929
11.7,4,147.6205,152.4984,14.8004,1.7652,3.4523,15.6904,16.1624
11.7,5,148.1337,160.4662,40.0381,-0.9318,27.925,5.1282,28.4072
11.7,6,62.2012,66.4447,40.5483,1.6599,18.7086,-8.9668,20.8128
11.7,7,124.3006,71.063,35.5161,2.4243,-1.5829,9.8167,10.2348
11.7,8,27.2774,22.0414,38.5668,1.3623,-15.8003,-5.7867,16.8817
11.7,9,35.2754,181.0872,27.5067,-22.9191,6.2963,0.6832,23.7781
11.7,10,122.6642,90.8989,10.7821,11.7613,-3.3831,-31.9319,34.1968
11.7,11,110.7972,26.1658,48.9334,17.2615,5.9443,16.8655,24.8544
11.7,12,114.0372,51.0122,4.1347,3.4816,-2.7475,3.2287,5.4859
11.7,13,176.9193,95.1764,11.2262,14.6291,5.8375,20.8746,26.1502
11.7,14,128.6432,64.0388,17.6643,-8.2804,6.7516,-6.5384,12.5259
11.7,15,113.0314,179.3245,14.1504,28.5195,10.0667,-6.1589,30.8648
11.7,16,91.8963,157.114,38.2927,8.3333,-0.054,-14.2602,16.5167
11.7,17,51.4412,134.4233,37.095,1.0501,-0.6265,10.9202,10.9885
11.7,18,8.0154,83.4076,3.7563,-4.3809,-2.5834,-18.3465,19.0384
11.7,19,91.5281,126.2691,40.4129,2.2664,11.0645,5.7107,12.6559
11.7,20,49.3076,114.0102,18.57,-1.616,9.5138,7.2577,12.0746
11.7,21,90.1951,132.7146,22.2894,-10.0293,3.2906,-19.5277,22.1979
11.7,22,175.9947,12.6112,18.2481,-11.2806,22.9244,-11.5049,28.0204
11.7,23,32.383,74.0327,27.9772,4.0224,0.5419,-29.7733,30.0486
11.7,24,5.3484,20.9516,11.2075,-9.257,-13.8552,2.995,16.9301
11.7,25,49.4797,104.6564,1.2077,-0.0843,-0.0728,7.0032,7.0041
11.7,26,56.5867,62.7435,28.4631,15.7074,-10.7745,-4.2649,19.5192
11.7,27,130.1138,1.2667,30.0415,-0.5594,0.0819,18.0046,18.0134
11.7,28,111.2913,10.7116,42.1778,-2.362,3.4893,-10.0628,10.9094
11.7,29,154.3301,108.6293,46.1704,-30.003,-2.175,-10.5688,31.8843
11.7,30,123.0846,29.0814,19.9492,3.533,9.7547,32.614,34.2244
11.7,31,81.6139,169.2722,34.0044,-1.7443,-1.7562,6.0669,6.5524
11.7,32,152.9632,117.3927,24.7369,3.0821,-24.3565,-15.1946,28.8724
11.7,33,31.1488,66.229,11.6806,11.7626,16.9534,12.969,24.3715
11.7,34,10.5015,122.1477,46.2889,-1.8728,4.0872,12.0305,12.8431
11.7,35,41.1554,6.0893,29.821,10.8471,-11.8756,17.8868,24.0547
11.7,36,148.5738,186.5037,9.9035,-8.1425,-0.2831,3.4795,8.8593
11.7,37,104.4875,101.8372,15.676,-3.2011,-0.649,-6.2841,7.0822
11.7,38,21.0671,158.5348,32.3162,-1.3649,-7.7939,-33.8933,34.8047
11.7,39,95.7726,1.402,3.5378,-19.8992,-10.5991,8.4888,24.0911
11.7,40,37.1399,103.4629,25.1461,11.4119,5.3333,0.0109,12.5967
11.7,41,148.6321,108.3856,32.9308,4.1845,-11.8651,-13.5645,18.501
11.7,42,91.4373,190.9438,19.2503,23.5786,-12.4206,-20.3029,33.5026
11.7,43,89.2204,133.2058,36.304,16.1773,5.6271,-6.0399,18.1618
11.7,44,54.9925,114.5617,38.2268,23.1616,22.095,-0.4505,32.0133
11.7,45,101.9785,33.9843,17.0166,-8.6888,-27.9154,-10.4989,31.0643
11.7,46,62.6262,74.1222,20.1318,-11.3868,-8.7723,-5.3135,15.3247
11.7,47,8.2122,114.6713,20.1567,-6.808,6.1935,-24.1884,25.8803
11.7,48,0.6149,87.8637,16.9091,9.8621,-2.4826,22.6353,24.815
11.7,49,189.7396,2.6149,31.0801,-7.658,-25.3675,9.4605,28.1364
11.8,0,50.3573,174.6356,3.847,1.3426,1.7559,-19.1465,19.2737
11.8,1,11.9888,159.6204,25.7577,-8.9384,4.6342,30.2259,31.8587
11.8,2,174.3829,35.6256,9.6336,-13.3211,7.6854,24.2344,28.7024
11.8,3,115.3001,180.5863,24.223,-8.7907,-6.4393,0.8373,10.929
11.8,4,146.6207,151.6831,15.774,-9.9984,-8.1525,9.7361,16.1624
11.8,5,147.5764,159.7456,37.3475,-5.5735,-7.2061,-26.9068,28.4072
11.8,6,61.8884,65.5237,42.3883,-3.1274,-9.2103,18.4,20.8128
11.8,7,124.9364,71.5457,36.1566,6.3575,4.8269,6.4058,10.2348
11.8,8,27.0673,22.626,36.9971,-2.1017,5.8467,-15.6968,16.8817
11.8,9,35.4188,181.1028,29.8801,1.4331,0.1568,23.7343,23.7781
11.8,10,122.4321,90.9669,7.371,-2.3209,0.68,-34.1111,34.1968
11.8,11,108.7326,27.1464,49.9098,-20.6459,9.8057,9.764,24.8544
11.8,12,114.0095,50.7317,3.6641,-0.2771,-2.8049,-4.7064,5.4859
11.8,13,177.9237,96.9276,12.8883,10.0445,17.5117,16.6218,26.1502
11.8,14,128.4569,63.8367,16.4422,-1.8623,-2.0208,-12.2208,12.5259
11.8,15,112.7601,180.0536,11.1635,-2.7128,7.2907,-29.8684,30.8648
11.8,16,90.6855,158.2238,38.1181,-12.1072,11.0981,-1.7458,16.5167
11.8,17,51.4373,134.4031,38.1937,-0.0397,-0.203,10.9865,10.9885
11.8,18,9.3245,84.0392,2.5268,13.0914,6.3166,-12.2954,19.0384
11.8,19,90.8744,127.2603,40.851,-6.5363,9.9122,4.3815,12.6559
11.8,20,48.3725,114.7708,18.6405,-9.3514,7.606,0.7051,12.0746
11.8,21,89.9695,131.6826,24.2417,-2.2559,-10.3204,19.5229,22.1979
11.8,22,176.6868,14.7063,16.5209,6.9204,20.9508,-17.2718,28.0204
11.8,23,35.1831,73.0723,28.4933,28.0009,-9.6039,5.1611,30.0486
11.8,24,5.61,20.948,12.8802,2.6154,-0.0368,16.7268,16.9301
11.8,25,49.7339,104.1065,0.8561,2.5416,-5.4985,-3.5163,7.0041
11.8,26,55.9977,64.5674,28.0938,-5.8899,18.2392,-3.6933,19.5192
11.8,27,129.7963,0.7383,31.7341,-3.1759,-5.284,16.9256,18.0134
11.8,28,112.1088,11.1824,41.6299,8.1751,4.7072,-5.4794,10.9094
11.8,29,156.3785,106.4829,45.003,20.4838,-21.4646,-11.6746,31.8843
11.8,30,120.3041,28.801,17.9735,-27.8052,-2.8035,-19.7567,34.2244
11.8,31,81.7784,169.6026,34.5458,1.6459,3.3037,5.4139,6.5524
11.8,32,152.6704,117.9464,27.5554,-2.9282,5.5375,28.1847,28.8724
11.8,33,31.8488,64.1082,12.6562,7.0005,-21.208,9.7562,24.3715
11.8,34,11.3164,121.2823,46.7753,8.1492,-8.6533,4.8637,12.8431
11.8,35,38.9094,5.8097,29.0062,-22.4593,-2.7962,-8.148,24.0547
11.8,36,148.5393,186.508,9.0182,-0.3447,0.0429,-8.8525,8.8593
11.8,37,104.4892,101.4691,15.071,0.017,-3.6802,-6.0509,7.0822
11.8,38,21.7834,157.1545,29.2024,7.1633,-13.8028,-31.1373,34.8047
11.8,39,95.8525,0.5479,1.2866,0.799,-8.5407,-22.5122,24.0911
11.8,40,36.3061,104.2033,25.7322,-8.3373,7.4037,5.861,12.5967
11.8,41,148.1494,107.7876,31.2478,-4.8265,-5.9801,-16.8295,18.501
11.8,42,91.9934,190.2483,16.0205,5.5615,-6.9545,-32.2976,33.5026
11.8,43,90.2009,134.5872,35.6491,9.8049,13.8141,-6.5486,18.1618
11.8,44,53.2706,116.0205,35.9562,-17.2188,14.5875,-22.7062,32.0133
11.8,45,103.2666,34.4629,14.2307,12.8813,4.7861,-27.8595,31.0643
11.8,46,62.0554,74.4901,18.758,-5.7077,3.679,-13.738,15.3247
11.8,47,8.4725,112.8242,18.3628,2.603,-18.4709,-17.9399,25.8803
11.8,48,1.4203,90.1934,17.1957,8.0533,23.2962,2.8663,24.815
11.8,49,187.868,2.1106,33.1196,-18.7156,-5.0426,20.3949,28.1364
11.9,0,50.6648,174.2275,1.9886,3.0754,-4.0813,-18.5838,19.2737
11.9,1,11.9997,158.3916,22.8184,0.1095,-12.2883,-29.3932,31.8587
11.9,2,173.0231,34.2098,11.7277,-13.5975,-14.1579,20.9401,28.7024
11.9,3,115.3708,180.5399,23.1334,0.7074,-0.4639,-10.8962,10.929
11.9,4,146.3583,151.6504,14.1796,-2.6236,-0.327,-15.9447,16.1624
11.9,5,147.0155,159.1225,40.0617,-5.6086,-6.2308,27.142,28.4072
11.9,6,60.4708,66.4032,43.6327,-14.1762,8.7953,12.4439,20.8128
11.9,7,124.9301,71.5576,35.1333,-0.0633,0.1198,-10.2339,10.2348
11.9,8,26.3785,23.8476,36.0572,-6.8875,12.2152,-9.3991,16.8817
11.9,9,36.3785,182.3949,31.6303,9.5979,12.9209,17.5022,23.7781
11.9,10,123.3862,87.8019,6.4956,9.5409,-31.6506,-8.7538,34.1968
11.9,11,111.0579,27.9896,49.6665,23.2533,8.4325,-2.4324,24.8544
11.9,12,113.7616,50.2475,3.5933,-2.4793,-4.8422,-0.7081,5.4859
11.9,13,178.9456,95.7605,10.7831,10.2189,-11.6706,-21.0525,26.1502
11.9,14,127.4954,63.8523,17.2449,-9.6152,0.1554,8.0265,12.5259
11.9,15,113.6476,180.4726,8.2373,8.8752,4.19,-29.2627,30.8648
11.9,16,89.1985,158.9417,38.1558,-14.8702,7.1789,0.3762,16.5167
11.9,17,51.1281,134.869,37.2478,-3.0916,4.66,-9.459,10.9885
11.9,18,9.6007,84.0141,0.6432,2.7618,-0.2516,-18.8353,19.0384
11.9,19,90.6759,126.7469,39.7114,-1.9858,-5.1344,-11.3959,12.6559
11.9,20,48.2862,114.2967,19.7477,-0.8624,-4.7408,11.0715,12.0746
11.9,21,88.8086,131.5667,22.3532,-11.6089,-1.1582,-18.8848,22.1979
11.9,22,176.1445,12.626,14.7238,-5.423,-20.8031,-17.9712,28.0204
11.9,23,34.9665,71.8279,25.7668,-2.1661,-12.444,-27.2649,30.0486
11.9,24,6.7531,21.4543,14.0218,11.4314,5.0631,11.4156,16.9301
11.9,25,49.8521,104.7865,0.7366,1.182,6.7995,-1.1945,7.0041
11.9,26,56.3404,64.5954,30.0152,3.4269,0.2798,19.214,19.5192
11.9,27,128.2326,0.6418,32.6233,-15.6362,-0.9648,8.8917,18.0134
11.9,28,112.8803,10.4186,41.7373,7.7151,-7.6379,1.0741,10.9094
11.9,29,154.2082,104.6977,46.5094,-21.7026,-17.8519,15.0638,31.8843
11.9,30,119.8706,28.8005,14.5786,-4.3348,-0.0057,-33.9488,34.2244
11.9,31,81.8689,169.5572,35.1932,0.9041,-0.4538,6.4739,6.5524
11.9,32,152.8554,118.2943,30.4156,1.8497,3.4785,28.6023,28.8724
11.9,33,33.5072,64.948,11.0801,16.5837,8.3979,-15.7616,24.3715
11.9,34,12.3419,120.6958,47.2791,10.2548,-5.8658,5.0374,12.8431
11.9,35,40.0772,4.992,27.0687,11.6779,-8.1765,-19.3752,24.0547
11.9,36,148.1811,185.7085,9.1499,-3.5815,-7.9954,1.3164,8.8593
11.9,37,104.501,101.936,15.6034,0.118,4.6689,5.324,7.0822
11.9,38,22.4257,157.031,32.6209,6.4232,-1.2352,34.1845,34.8047
11.9,39,96.0555,1.5506,0.1208,2.0297,20.9846,-11.6579,24.0911
11.9,40,35.8303,103.2853,26.4517,-4.7581,-9.1801,7.1947,12.5967
11.9,41,148.3931,109.2055,32.411,2.4369,14.1789,11.6322,18.501
11.9,42,89.8559,190.0721,13.4468,-21.3759,-1.762,-25.737,33.5026
11.9,43,90.9359,133.0888,36.3653,7.3497,-14.9845,7.1622,18.1618
11.9,44,55.0763,113.845,37.4579,18.0571,-21.7548,15.0174,32.0133
11.9,45,101.3236,33.6733,16.5222,-19.4303,-7.8957,22.9153,31.0643
11.9,46,62.0552,74.4901,20.2905,-0.0025,-0.0004,15.3247,15.3247
11.9,47,8.3672,112.5154,15.7954,-1.0532,-3.0877,-25.6738,25.8803
11.9,48,0.0297,89.9333,15.1988,14.4994,-2.6009,-19.9696,24.815
11.9,49,186.7916,2.723,30.5932,-10.7645,6.1238,-25.2642,28.1364
12.0,0,51.0843,174.8401,3.7672,4.1954,6.1263,17.786,19.2737
12.0,1,8.9447,159.2948,22.8514,-30.5497,9.0321,0.3298,31.8587
12.0,2,175.0823,32.2402,11.3834,20.5919,-19.6965,-3.4421,28.7024
12.0,3,114.4064,180.8618,23.5342,-9.6445,3.2194,4.0076,10.929
12.0,4,145.863,150.7694,12.9183,-4.9534,-8.8099,-12.6124,16.1624
12.0,5,145.0391,161.0621,39.4278,-19.7641,19.3952,-6.3387,28.4072
12.0,6,60.3014,66.7652,45.6753,-1.6943,3.6204,20.4253,20.8128
12.0,7,125.2817,70.9564,34.3833,3.5167,-6.0122,-7.4991,10.2348
12.0,8,26.1483,23.5063,37.6944,-2.3023,-3.4129,16.372,16.8817
12.0,9,36.3529,182.4298,34.0077,-0.2562,0.3485,23.7741,23.7781
12.0,10,123.8626,87.5168,3.1213,4.7637,-2.8513,-33.7431,34.1968
12.0,11,108.5846,28.0127,49.9111,-24.7326,0.2313,2.4462,24.8544
12.0,12,113.8682,50.5085,3.1227,1.0663,2.6101,-4.7059,5.4859
12.0,13,176.5329,96.0158,11.7588,-24.127,2.5529,9.7574,26.1502
12.0,14,127.4767,63.8157,18.4968,-0.1875,-0.3662,12.5192,12.5259
12.0,15,112.9882,181.2009,11.1632,-6.5946,7.2829,29.2593,30.8648
12.0,16,89.4132,158.6205,39.7616,2.1471,-3.2118,16.0585,16.5167
12.0,17,50.4603,134.7279,36.3867,-6.6784,-1.4112,-8.6112,10.9885
12.0,18,7.7522,84.3937,0.8956,-18.4847,3.7959,2.5237,19.0384
12.0,19,91.2132,126.0866,38.7749,5.3729,-6.6028,-9.3652,12.6559
12.0,20,47.9212,114.3834,20.8954,-3.6506,0.8663,11.4769,12.0746
12.0,21,87.7313,132.2092,20.5218,-10.773,6.4251,-18.3141,22.1979
12.0,22,177.1805,13.4163,12.2432,10.3602,7.9032,-24.8062,28.0204
12.0,23,34.8919,71.9152,22.7641,-0.7454,0.8729,-30.0267,30.0486
12.0,24,6.0222,22.0063,12.5979,-7.3086,5.52,-14.2388,16.9301
12.0,25,50.0182,105.143,0.157,1.6605,3.5648,-5.7959,7.0041
12.0,26,55.9398,64.3488,28.1208,-4.0067,-2.4665,-18.9437,19.5192
12.0,27,128.6825,1.2131,34.2713,4.4982,5.7128,16.4807,18.0134
12.0,28,112.9947,11.1045,42.5779,1.1443,6.8591,8.4058,10.9094
12.0,29,152.0885,103.8416,44.2868,-21.1972,-8.5613,-22.226,31.8843
12.0,30,119.6142,30.9396,17.2378,-2.5637,21.3914,26.5923,34.2244
12.0,31,81.4626,169.0682,35.0346,-4.0626,-4.8901,-1.5863,6.5524
12.0,32,152.172,116.552,32.6142,-6.8334,-17.4231,21.9854,28.8724
12.0,33,32.8516,66.9115,9.7937,-6.5561,19.6344,-12.8639,24.3715
12.0,34,13.4149,121.3523,47.5381,10.7301,6.565,2.5908,12.8431
12.0,35,37.8411,5.1405,26.1945,-22.3608,1.4842,-8.7418,24.0547
12.0,36,148.5922,185.98,8.4135,4.1104,2.7148,-7.3635,8.8593
12.0,37,103.8213,101.8708,15.7916,-6.7962,-0.6526,1.8824,7.0822
12.0,38,22.0603,154.6037,35.0884,-3.6543,-24.2728,24.6748,34.8047
12.0,39,94.8282,0.3933,1.8408,-12.2722,-11.5723,17.2004,24.0911
12.0,40,34.7562,103.6472,25.9021,-10.741,3.6197,-5.4959,12.5967
12.0,41,150.1342,108.5892,32.5197,17.4107,-6.1623,1.087,18.501
12.0,42,91.673,191.4231,15.9161,18.1711,13.5093,24.6929,33.5026
12.0,43,91.1614,132.877,34.5757,2.2557,-2.1182,-17.8962,18.1618
12.0,44,55.2984,113.1634,34.3379,2.2208,-6.8161,-31.2004,32.0133
12.0,45,98.8069,35.0623,15.3444,-25.1667,13.8894,-11.7775,31.0643
12.0,46,62.6224,75.3011,19.1204,5.6719,8.1099,-11.7006,15.3247
12.0,47,9.6998,114.4994,14.8023,13.3255,19.8395,-9.9305,25.8803
12.0,48,0.6648,89.5934,12.8241,6.3516,-3.3985,-23.7464,24.815
12.0,49,187.0672,5.4058,31.3952,2.7565,26.8279,8.0201,28.1364
12.1,0,50.3856,173.5356,2.5323,-6.9869,-13.045,-12.3484,19.2737
12.1,1,9.3518,157.7823,25.6256,4.0705,-15.125,27.7424,31.8587
12.1,2,173.6963,30.3192,13.0042,-13.8607,-19.2101,16.2074,28.7024
12.1,3,113.714,181.3893,24.195,-6.9238,5.2751,6.6088,10.929
12.1,4,147.3402,150.1294,13.0608,14.7725,-6.4006,1.4242,16.1624
12.1,5,144.8793,159.9949,42.0556,-1.5987,-10.6711,26.2781,28.4072
12.1,6,58.9565,66.5289,44.1045,-13.4487,-2.363,-15.7074,20.8128
12.1,7,125.5429,71.8958,34.0723,2.6113,9.3943,-3.1109,10.2348
12.1,8,25.5503,22.6943,39.0483,-5.9795,-8.1196,13.5391,16.8817
12.1,9,35.5441,181.9041,31.8344,-8.088,-5.2563,-21.7337,23.7781
12.1,10,123.0739,85.7455,5.9382,-7.8866,-17.7126,28.1688,34.1968
12.1,11,109.0167,25.8315,48.8009,4.321,-21.8128,-11.1027,24.8544
12.1,12,114.0496,50.4012,2.6162,1.8142,-1.0722,-5.0649,5.4859
12.1,13,177.1438,95.8133,9.2242,6.1087,-2.025,-25.346,26.1502
12.1,14,127.0713,63.3829,19.6002,-4.0541,-4.3273,11.0335,12.5259
12.1,15,114.9208,180.7811,13.5328,19.3265,-4.1982,23.6959,30.8648
12.1,16,90.516,157.9344,38.7413,11.0281,-6.8611,-10.2033,16.5167
12.1,17,50.853,134.7344,35.3604,3.9276,0.0645,-10.2624,10.9885
12.1,18,6.8863,83.3783,0.4623,-8.6592,-10.1538,13.5786,19.0384
12.1,19,91.5542,126.7937,37.7822,3.4107,7.0708,-9.9269,12.6559
12.1,20,47.6696,115.2454,21.7025,-2.5158,8.6206,8.0717,12.0746
12.1,21,87.3223,133.5387,18.7919,-4.09,13.2948,-17.2993,22.1979
12.1,22,175.4309,13.6025,10.0624,-17.4962,1.8616,-21.8074,28.0204
12.1,23,35.1953,71.9359,19.7747,3.0338,0.2075,-29.8944,30.0486
12.1,24,6.1662,23.6151,13.1052,1.4396,16.088,5.0726,16.9301
12.1,25,50.589,105.2486,0.5488,5.7086,1.0563,3.9183,7.0041
12.1,26,54.9282,62.9461,29.026,-10.1157,-14.0264,9.0517,19.5192
12.1,27,130.0333,0.0854,34.6566,13.5082,-11.2772,3.8521,18.0134
12.1,28,113.1108,11.1029,43.6626,1.1604,-0.0161,10.8475,10.9094
12.1,29,149.0762,104.8506,44.014,-30.1224,10.0902,-2.7274,31.8843
12.1,30,119.5215,32.3925,20.3352,-0.927,14.5292,30.9735,34.2244
12.1,31,81.8171,168.5997,35.3247,3.5453,-4.6848,2.9013,6.5524
12.1,32,152.7437,117.0444,29.8273,5.7172,4.924,-27.869,28.8724
12.1,33,34.203,66.6908,11.8098,13.5142,-2.2067,20.161,24.3715
12.1,34,13.1433,120.1429,47.8746,-2.7161,-12.0931,3.3651,12.8431
12.1,35,35.7107,5.0878,27.3103,-21.3041,-0.5268,11.1573,24.0547
12.1,36,148.9825,186.2511,7.6658,3.9027,2.7119,-7.4768,8.8593
12.1,37,104.5114,101.95,15.6534,6.9007,0.7924,-1.3819,7.0822
12.1,38,20.8346,154.2515,38.3268,-12.2572,-3.522,32.384,34.8047
12.1,39,93.5351,1.1707,0.0373,-12.9313,7.7741,18.781,24.0911
12.1,40,34.7565,103.6468,24.6424,0.0027,-0.0041,-12.5967,12.5967
12.1,41,149.2959,107.5455,31.2427,-8.383,-10.4375,-12.77,18.501
12.1,42,88.6271,192.8122,15.785,-30.4586,13.8919,-1.3108,33.5026
12.1,43,91.3067,133.833,36.113,1.4522,9.5602,15.3734,18.1618
12.1,44,52.4378,113.5171,35.7308,-28.6063,3.5367,13.9294,32.0133
12.1,45,99.2131,35.7298,18.351,4.062,6.6751,30.0655,31.0643
12.1,46,61.8665,73.9852,18.9072,-7.5592,-13.1589,-2.1324,15.3247
12.1,47,7.7808,112.9968,13.9319,-19.1895,-15.0262,-8.7042,25.8803
12.1,48,1.2727,88.0602,10.97,6.0784,-15.3323,-18.5407,24.815
12.1,49,185.3757,5.9609,29.2164,-16.9148,5.5513,-21.7882,28.1364
12.2,0,50.2186,171.6266,2.7387,-1.6703,-19.0899,2.0638,19.2737
12.2,1,11.9338,159.2094,24.4231,25.8208,14.2711,-12.025,31.8587
12.2,2,173.8171,32.9557,14.1322,1.2079,26.3653,11.2799,28.7024
12.2,3,114.5377,180.6713,24.2144,8.2372,-7.1801,0.194,10.929
12.2,4,147.0572,149.9808,14.6451,-2.8305,-1.4855,15.8431,16.1624
12.2,5,147.4897,160.7817,41.2578,26.1043,7.8672,-7.9775,28.4072
12.2,6,58.8053,66.0175,42.0927,-1.512,-5.1149,-20.1177,20.8128
12.2,7,124.7119,71.8609,33.4757,-8.3092,-0.3491,-5.9654,10.2348
12.2,8,26.5245,21.4306,39.5996,9.7417,-12.6371,5.5131,16.8817
12.2,9,34.8386,180.3433,30.1851,-7.0553,-15.6084,-16.4924,23.7781
12.2,10,125.6309,85.8169,3.6686,25.5694,0.7146,-22.6961,34.1968
12.2,11,109.6142,27.9242,47.6006,5.9748,20.9277,-12.0029,24.8544
12.2,12,114.03,50.7933,2.9994,-0.1964,3.9209,3.8318,5.4859
12.2,13,176.9992,95.3462,11.7931,-1.4455,-4.6707,25.6891,26.1502
12.2,14,125.9564,63.3176,19.0328,-11.1483,-0.6532,-5.6735,12.5259
12.2,15,114.8923,179.0027,11.0103,-0.2852,-17.7838,-25.2248,30.8648
12.2,16,88.9207,157.8052,38.3337,-15.9537,-1.2926,-4.0755,16.5167
12.2,17,50.3942,135.6025,34.8672,-4.5885,8.6814,-4.932,10.9885
12.2,18,6.9338,83.4145,2.3652,0.4744,0.3616,19.0291,19.0384
12.2,19,91.923,127.9958,37.6389,3.6882,12.0214,-1.4335,12.6559
12.2,20,46.8407,115.8415,22.3472,-8.289,5.9604,6.4469,12.0746
12.2,21,86.7591,133.35,20.9307,-5.6312,-1.8868,21.3886,22.1979
12.2,22,177.8167,12.6342,11.1677,23.8584,-9.6833,11.0524,28.0204
12.2,23,35.3322,74.0521,17.6458,1.3687,21.1618,-21.289,30.0486
12.2,24,5.3624,22.2345,13.6657,-8.0382,-13.8058,5.6051,16.9301
12.2,25,50.9726,105.7947,0.3363,3.836,5.4614,-2.1251,7.0041
12.2,26,54.5005,61.1009,28.5545,-4.2766,-18.4522,-4.7145,19.5192
12.2,27,130.1499,0.0937,36.4541,1.1663,0.0832,17.9755,18.0134
12.2,28,112.644,10.4075,42.9635,-4.6673,-6.9539,-6.991,10.9094
12.2,29,150.722,107.5637,43.7033,16.4581,27.131,-3.1068,31.8843
12.2,30,120.22,33.8847,17.3354,6.9844,14.9215,-29.998,34.2244
12.2,31,81.4922,168.4736,34.7699,-3.2496,-1.2609,-5.5484,6.5524
12.2,32,150.8041,118.974,30.7495,-19.3964,19.2963,9.2221,28.8724
12.2,33,32.513,66.9988,13.5386,-16.8997,3.0804,17.2882,24.3715
12.2,34,12.7209,121.232,48.4085,-4.2241,10.8904,5.3387,12.8431
12.2,35,37.6907,4.4918,26.0811,19.7998,-5.9598,-12.2914,24.0547
12.2,36,148.9408,186.4107,6.7954,-0.4168,1.5961,-8.7044,8.8593
12.2,37,103.8308,101.7659,15.5873,-6.8067,-1.8413,-0.6606,7.0822
12.2,38,22.9564,151.493,38.3735,21.2186,-27.5848,0.4668,34.8047
12.2,39,92.719,0.1932,1.8476,-8.1614,13.6394,18.1036,24.0911
12.2,40,34.2535,104.669,25.1798,-5.03,10.2224,5.3738,12.5967
12.2,41,148.607,107.3099,32.9436,-6.8889,-2.3555,17.0083,18.501
12.2,42,90.4578,193.8639,18.3863,18.3067,10.5169,26.0132,33.5026
12.2,43,89.7171,133.3637,35.3702,-15.8951,-4.6924,-7.4281,18.1618
12.2,44,49.7767,114.741,37.0227,-26.6111,12.2397,12.9188,32.0133
12.2,45,99.3235,33.5173,20.5288,1.1038,-22.1247,21.7777,31.0643
12.2,46,61.9859,73.8161,20.4256,1.1943,-1.6902,15.1843,15.3247
12.2,47,8.5626,115.3834,13.3068,7.8182,23.8661,-6.2508,25.8803
12.2,48,3.2051,89.147,12.0847,19.3244,10.8678,11.1463,24.815
12.2,49,183.324,7.6462,28.2855,-20.5176,16.853,-9.309,28.1364
12.3,0,50.1586,170.8441,0.9784,-0.5996,-7.8255,-17.6033,19.2737
12.3,1,13.7848,158.067,26.751,18.5092,-11.4237,23.2784,31.8587
12.3,2,174.6182,32.5102,11.4122,8.011,-4.4549,-27.1993,28.7024
12.3,3,115.0607,181.4631,24.7567,5.2301,7.9173,5.4227,10.929
12.3,4,147.3998,151.1357,13.5675,3.4264,11.5488,-10.7753,16.1624
12.3,5,147.5773,157.9531,41.01,0.8764,-28.2853,-2.4787,28.4072
12.3,6,57.9736,65.1204,40.4089,-8.3172,-8.9703,-16.8384,20.8128
12.3,7,125.3468,71.4301,34.1531,6.3486,-4.3083,6.7738,10.2348
12.3,8,26.4179,21.6821,41.2655,-1.0657,2.5146,16.6593,16.8817
12.3,9,35.72,179.0979,28.3613,8.8136,-12.4537,-18.2379,23.7781
12.3,10,125.4282,85.3583,7.0513,-2.0269,-4.5868,33.8271,34.1968
12.3,11,110.3267,29.9212,46.3038,7.125,19.97,-12.9681,24.8544
12.3,12,114.4079,51.1784,3.0985,3.7792,3.8509,0.9915,5.4859
12.3,13,176.3823,93.3307,13.3408,-6.1698,-20.1558,15.4762,26.1502
12.3,14,126.3557,63.9335,18.0178,3.9923,6.1584,-10.1506,12.5259
12.3,15,115.7281,176.0797,10.4774,8.3585,-29.2296,-5.3291,30.8648
12.3,16,88.5936,157.6825,36.7194,-3.2706,-1.2263,-16.1431,16.5167
12.3,17,49.5087,135.7321,35.5049,-8.8549,1.2962,6.3763,10.9885
12.3,18,6.6401,85.2297,1.8721,-2.937,18.1529,-4.9304,19.0384
12.3,19,92.3434,127.953,38.8318,4.2037,-0.4282,11.9297,12.6559
12.3,20,46.6814,114.9397,21.5601,-1.5932,-9.0171,-7.8709,12.0746
12.3,21,86.8517,132.8306,23.0869,0.9256,-5.195,21.5615,22.1979
12.3,22,177.9576,11.4411,8.6362,1.4091,-11.9303,-25.3145,28.0204
12.3,23,32.8816,72.6232,18.6367,-24.5063,-14.2891,9.9087,30.0486
12.3,24,6.6572,21.719,12.7044,12.9483,-5.155,-9.6123,16.9301
12.3,25,50.6453,105.6044,0.2529,-3.273,-1.9031,5.8927,7.0041
12.3,26,53.9373,61.0296,26.687,-5.6322,-0.7131,-18.6754,19.5192
12.3,27,129.9139,1.6663,37.3002,-2.3604,15.7265,8.4611,18.0134
12.3,28,112.4995,11.1226,42.1524,-1.4451,7.151,-8.111,10.9094
12.3,29,150.4664,104.4689,44.4264,-2.5563,-30.9484,7.2302,31.8843
12.3,30,120.1077,34.0752,20.7507,-1.1229,1.905,34.1529,34.2244
12.3,31,81.419,167.9298,34.4118,-0.7318,-5.4384,-3.5809,6.5524
12.3,32,151.1066,118.8814,27.8796,3.0246,-0.9262,-28.6986,28.8724
12.3,33,31.5318,67.3923,11.3427,-9.8126,3.9346,-21.9591,24.3715
12.3,34,13.1059,121.5019,47.2134,3.8502,2.6997,-11.9512,12.8431
12.3,35,36.4944,2.4233,25.8043,-11.963,-20.6845,-2.7685,24.0547
12.3,36,149.5765,186.4488,7.4112,6.3575,0.3809,6.1583,8.8593
12.3,37,103.9617,101.2129,15.1647,1.3094,-5.5299,-4.2266,7.0822
12.3,38,21.4369,151.246,35.252,-15.1951,-2.4706,-31.2149,34.8047
12.3,39,90.5461,0.3336,2.8786,-21.7282,1.4037,10.31,24.0911
12.3,40,33.3274,104.2372,24.4432,-9.261,-4.3183,-7.3663,12.5967
12.3,41,146.8178,107.1248,33.3764,-17.892,-1.8512,4.3286,18.501
12.3,42,90.1484,194.4828,21.6644,-3.0937,6.1888,32.7804,33.5026
12.3,43,89.434,134.7754,34.2632,-2.8318,14.1163,-11.0706,18.1618
12.3,44,47.0203,116.3642,37.1483,-27.5644,16.2321,1.256,32.0133
12.3,45,100.7228,32.4306,23.0804,13.9931,-10.867,25.5165,31.0643
12.3,46,62.8188,74.7653,21.2938,8.329,9.4919,8.682,15.3247
12.3,47,7.7381,117.0076,15.1453,-8.2454,16.2418,18.3849,25.8803
12.3,48,3.7818,90.6672,13.9593,5.7664,15.2028,18.7458,24.815
12.3,49,180.8199,8.88,28.6374,-25.0407,12.3382,3.5191,28.1364
12.4,0,49.6431,170.7252,2.8317,-5.1558,-1.1886,18.5332,19.2737
12.4,1,13.5376,156.8187,23.8303,-2.4717,-12.4832,-29.2068,31.8587
12.4,2,173.7161,29.8675,12.0759,-9.0206,-26.4274,6.6368,28.7024
12.4,3,114.8246,181.0333,23.78,-2.3608,-4.298,-9.7671,10.929
12.4,4,147.1345,151.3783,15.1433,-2.6537,2.4258,15.7574,16.1624
12.4,5,148.3754,156.4695,43.2973,7.9803,-14.8363,22.8729,28.4072
12.4,6,58.0944,66.5102,38.8644,1.2078,13.8977,-15.4456,20.8128
12.4,7,125.8067,72.1136,33.5457,4.599,6.8346,-6.0735,10.2348
12.4,8,25.5327,22.9818,40.6515,-8.8523,12.9973,-6.1398,16.8817
12.4,9,35.6652,181.3709,27.6651,-0.5473,22.7295,-6.9619,23.7781
12.4,10,124.465,83.7713,9.9232,-9.6317,-15.8698,28.7193,34.1968
12.4,11,110.6164,32.3385,46.8042,2.8967,24.1724,5.0045,24.8544
12.4,12,114.1116,50.7335,2.9754,-2.9633,-4.4494,-1.2312,5.4859
12.4,13,174.3714,93.1632,15.0041,-20.1086,-1.6745,16.6336,26.1502
12.4,14,127.0699,64.9491,17.8524,7.1427,10.1562,-1.6532,12.5259
12.4,15,115.6643,177.2882,7.638,-0.6381,12.0842,-28.3936,30.8648
12.4,16,88.0515,157.6081,35.161,-5.4212,-0.7447,-15.5839,16.5167
12.4,17,49.4092,134.7988,34.9335,-0.9945,-9.3336,-5.7133,10.9885
12.4,18,5.1913,86.3068,2.4768,-14.4876,10.771,6.0462,19.0384
12.4,19,92.3994,128.4702,37.6781,0.5601,5.1721,-11.5373,12.6559
12.4,20,46.3481,116.0848,21.7495,-3.3326,11.45,1.8939,12.0746
12.4,21,88.2267,133.7665,21.6169,13.7498,9.3592,-14.7001,22.1979
12.4,22,180.2195,11.8016,10.2504,22.6186,3.6042,16.1416,28.0204
12.4,23,33.1442,72.5784,15.6436,2.6266,-0.4477,-29.9303,30.0486
12.4,24,8.0424,22.6784,12.5399,13.8519,9.5942,-1.645,16.9301
12.4,25,50.7263,105.6853,0.4381,0.8101,0.809,6.9099,7.0041
12.4,26,55.0959,59.8107,25.696,11.586,-12.189,-9.9093,19.5192
12.4,27,129.8683,1.5909,35.501,-0.4556,-0.7541,-17.9919,18.0134
12.4,28,111.5002,11.5471,42.0467,-9.9938,4.245,-1.0574,10.9094
12.4,29,149.2034,102.7527,46.7982,-12.6305,-17.162,23.7181,31.8843
12.4,30,121.0803,33.6542,17.4965,9.7264,-4.2101,-32.5421,34.2244
12.4,31,81.8119,168.2129,34.8531,3.9294,2.8315,4.4132,6.5524
12.4,32,151.2167,121.6661,28.6344,1.1009,27.8465,7.5482,28.8724
12.4,33,33.0886,65.5176,11.3779,15.5688,-18.7472,0.3526,24.3715
12.4,34,13.3397,120.3024,47.6083,2.3382,-11.9952,3.9489,12.8431
12.4,35,38.5859,2.3478,24.6183,20.9145,-0.7551,-11.8592,24.0547
12.4,36,149.3031,187.0926,7.955,-2.7337,6.4381,5.4374,8.8593
12.4,37,104.3869,101.0595,15.7099,4.2518,-1.5342,5.4522,7.0822
12.4,38,20.1968,153.1035,37.9213,-12.4013,18.5753,26.6933,34.8047
12.4,39,90.1536,1.4276,1.2824,-3.9259,17.6117,-15.9624,24.0911
12.4,40,34.1534,103.4879,25.0288,8.2603,-7.4933,5.8561,12.5967
12.4,41,147.2141,107.8541,31.723,3.963,7.2934,-16.5345,18.501
12.4,42,91.0701,197.7034,21.6162,9.2168,32.2063,-0.4821,33.5026
12.4,43,89.4209,134.7681,32.447,-0.131,-0.0731,-18.1611,18.1618
12.4,44,48.0372,114.8438,34.521,10.1693,-15.2039,-26.2732,32.0133
12.4,45,103.2242,33.7843,24.3296,25.0136,13.5371,12.4922,31.0643
12.4,46,63.1678,74.2905,22.7085,3.4901,-4.7482,14.1464,15.3247
12.4,47,7.5188,117.3386,12.5879,-2.1928,3.3101,-25.5739,25.8803
12.4,48,1.7535,92.0229,14.4132,-20.2828,13.5568,4.539,24.815
12.4,49,179.4512,11.0409,29.8095,-13.6868,21.6087,11.7213,28.1364
12.5,0,51.0283,170.0986,4.0162,13.8526,-6.2661,11.8454,19.2737
12.5,1,13.38,156.5864,27.0038,-1.5757,-2.3231,31.7348,31.8587
12.5,2,174.7283,30.6328,9.5014,10.1217,7.6527,-25.7452,28.7024
12.5,3,115.286,181.6417,22.9981,4.6139,6.0847,-7.8186,10.929
12.5,4,146.9106,151.1218,16.7232,-2.2392,-2.5646,15.7997,16.1624
12.5,5,148.9337,159.0138,44.4306,5.5833,25.4431,11.3333,28.4072
12.5,6,58.3178,66.4021,36.7979,2.2343,-1.0806,-20.6643,20.8128
12.5,7,126.023,71.9959,32.5523,2.163,-1.177,-9.9341,10.2348
12.5,8,26.532,22.6477,41.9705,9.9933,-3.3406,13.1896,16.8817
12.5,9,35.0455,183.6113,28.1654,-6.1977,22.4044,5.0028,23.7781
12.5,10,123.7748,80.4955,10.621,-6.902,-32.758,6.9784,34.1968
12.5,11,110.1404,31.556,49.1147,-4.7605,-7.825,23.1051,24.8544
12.5,12,114.4791,50.8171,2.5768,3.6752,0.8362,-3.986,5.4859
12.5,13,174.2481,94.4201,12.7143,-1.2331,12.5686,-22.8986,26.1502
12.5,14,127.3848,66.0794,18.2908,3.1484,11.3036,4.3836,12.5259
12.5,15,114.8974,178.0966,10.5163,-7.6693,8.0843,28.783,30.8648
12.5,16,89.2212,157.2527,34.0504,11.697,-3.554,-11.1063,16.5167
12.5,17,49.9323,134.0354,35.5261,5.2303,-7.634,5.9256,10.9885
12.5,18,4.955,87.1514,0.7869,-2.3632,8.4454,-16.8983,19.0384
12.5,19,91.7602,128.3482,36.5926,-6.3921,-1.2207,-10.8547,12.6559
12.5,20,46.4786,116.4285,22.8996,1.3047,3.4375,11.5012,12.0746
12.5,21,88.0888,134.5585,19.5478,-1.3789,7.9203,-20.6909,22.1979
12.5,22,180.416,11.8866,7.4565,1.9649,0.8503,-27.9385,28.0204
12.5,23,31.9248,71.0542,17.9282,-12.1941,-15.2416,22.8455,30.0486
12.5,24,7.1936,21.3964,11.8312,-8.488,-12.8199,-7.0875,16.9301
12.5,25,51.0767,105.1215,0.2146,3.504,-5.6381,-2.2342,7.0041
12.5,26,55.8899,58.9815,27.2747,7.94,-8.2917,15.7863,19.5192
12.5,27,130.385,2.4058,33.9799,5.1672,8.1489,-15.2112,18.0134
12.5,28,111.4577,10.5765,42.5429,-0.4247,-9.7059,4.9627,10.9094
12.5,29,150.964,104.7423,45.0353,17.6063,19.8966,-17.6283,31.8843
12.5,30,120.308,34.4391,14.256,-7.7232,7.8489,-32.4046,34.2244
12.5,31,81.2697,168.1598,35.2172,-5.4222,-0.531,3.6403,6.5524
12.5,32,153.5314,122.4097,27.0771,23.1476,7.436,-15.5728,28.8724
12.5,33,33.6369,66.3439,13.6042,5.483,8.2636,22.2625,24.3715
12.5,34,13.2969,120.6228,48.8513,-0.4275,3.2032,12.4299,12.8431
12.5,35,39.3501,3.1369,26.7584,7.6421,7.8902,21.4003,24.0547
12.5,36,149.9911,186.7903,7.4858,6.8799,-3.0237,-4.6917,8.8593
12.5,37,104.2726,101.5249,15.1885,-1.1427,4.6542,-5.2144,7.0822
12.5,38,19.0467,153.095,41.2062,-11.5008,-0.0847,32.8495,34.8047
12.5,39,92.5358,1.3757,0.9276,23.8227,-0.5188,-3.5482,24.0911
12.5,40,33.2391,103.081,25.7938,-9.1433,-4.0692,7.6497,12.5967
12.5,41,146.4022,108.3587,33.307,-8.1189,5.046,15.8401,18.501
12.5,42,93.3903,196.6079,19.4619,23.2021,-10.9551,-21.5424,33.5026
12.5,43,89.535,135.422,30.7565,1.1413,6.539,-16.9053,18.1618
12.5,44,49.3052,117.5166,35.7445,12.6798,26.7279,12.2349,32.0133
12.5,45,100.315,33.127,25.1981,-29.0923,-6.5729,8.6847,31.0643
12.5,46,62.1356,74.7978,21.6957,-10.3224,5.0729,-10.1272,15.3247
12.5,47,8.2453,114.9497,13.2685,7.2649,-23.8891,6.8061,25.8803
12.5,48,3.2196,92.4192,16.3756,14.6612,3.9624,19.6247,24.815
12.5,49,177.5993,9.351,28.5323,-18.5187,-16.8988,-12.7728,28.1364
12.6,0,51.1157,171.9076,3.3569,0.8739,18.0897,-6.5934,19.2737
12.6,1,13.1834,155.3448,24.0764,-1.9664,-12.4158,-29.2738,31.8587
12.6,2,175.1673,28.7178,7.4089,4.3906,-19.1491,-20.9251,28.7024
12.6,3,116.328,181.334,23.1166,10.4195,-3.0777,1.185,10.929
12.6,4,147.1627,151.458,18.2839,2.521,3.3614,15.6067,16.1624
12.6,5,150.6999,157.5388,42.7649,17.6625,-14.7498,-16.6568,28.4072
12.6,6,58.4634,64.8724,35.3942,1.4556,-15.2976,-14.0369,20.8128
12.6,7,125.7314,71.0606,32.2562,-2.916,-9.3529,-2.9615,10.2348
12.6,8,26.4662,22.8052,43.65,-0.6588,1.575,16.7951,16.8817
12.6,9,36.1459,183.7658,30.2676,11.0041,1.5445,21.0219,23.7781
12.6,10,122.2272,80.422,7.5725,-15.4758,-0.7347,-30.4857,34.1968
12.6,11,109.6215,33.8258,49.9841,-5.1891,22.6985,8.6943,24.8544
12.6,12,114.3965,51.1404,3.0122,-0.8262,3.233,4.3543,5.4859
12.6,13,175.8103,93.6503,14.665,15.6224,-7.6974,19.5071,26.1502
12.6,14,128.1015,67.1057,18.2469,7.1679,10.263,-0.4389,12.5259
12.6,15,117.0069,177.1716,12.5707,21.0954,-9.2498,20.5441,30.8648
12.6,16,87.6266,157.2145,34.4791,-15.9459,-0.3815,4.2875,16.5167
12.6,17,50.2746,133.4829,34.64,3.4229,-5.5247,-8.8604,10.9885
12.6,18,4.8851,87.4775,1.0875,-0.6987,3.2613,18.744,19.0384
12.6,19,90.9867,127.4827,36.0882,-7.7348,-8.6544,-5.0445,12.6559
12.6,20,46.2597,116.3472,21.715,-2.1887,-0.8128,-11.8468,12.0746
12.6,21,89.955,133.5953,18.8289,18.6621,-9.6323,-7.1894,22.1979
12.6,22,181.0326,13.1822,9.8633,6.1664,12.9558,24.0679,28.0204
12.6,23,32.3224,72.4091,20.5807,3.9758,13.5482,26.5247,30.0486
12.6,24,7.3653,21.3394,10.1479,1.7166,-0.5701,-16.8332,16.9301
12.6,25,51.2007,105.2092,0.4691,1.2393,0.8764,6.8377,7.0041
12.6,26,54.776,57.7232,28.2676,-11.1386,-12.5836,9.9291,19.5192
12.6,27,132.0575,3.0748,33.9799,16.7249,6.6905,-0.0001,18.0134
12.6,28,111.8944,10.8059,41.5699,4.3671,2.2944,-9.7303,10.9094
12.6,29,149.4653,103.6939,47.647,-14.9873,-10.4839,26.1166,31.8843
12.6,30,118.2668,33.7564,11.5951,-20.4125,-6.8269,-26.6089,34.2244
12.6,31,81.1269,168.0893,34.5816,-1.4279,-0.7054,-6.3559,6.5524
12.6,32,151.5146,122.7466,29.1156,-20.1679,3.3696,20.3842,28.8724
12.6,33,33.5267,64.0487,14.4162,-1.1027,-22.9524,8.1204,24.3715
12.6,34,14.5098,120.5632,48.4331,12.1287,-0.5958,-4.1814,12.8431
12.6,35,39.0311,5.0888,28.1274,-3.1899,19.5197,13.6906,24.0547
12.6,36,149.8827,187.0083,8.3376,-1.084,2.1801,8.5182,8.8593
12.6,37,104.239,101.593,14.4843,-0.3363,0.6805,-7.0414,7.0822
12.6,38,19.3136,149.902,42.5652,2.6683,-31.9308,13.5894,34.8047
12.6,39,91.655,2.6205,0.9375,-8.8087,12.4476,18.6506,24.0911
12.6,40,32.6814,101.9561,25.6915,-5.5775,-11.2482,-1.0223,12.5967
12.6,41,144.7075,108.9582,32.8693,-16.9469,5.9947,-4.3765,18.501
12.6,42,90.9341,194.6324,18.3269,-24.5624,-19.7555,-11.3506,33.5026
12.6,43,90.022,134.5229,29.2555,4.8705,-8.9907,-15.0098,18.1618
12.6,44,47.4523,117.3525,38.35,-18.5282,-1.6409,26.0551,32.0133
12.6,45,97.4634,33.5755,24.0502,-28.5151,4.4845,-11.479,31.0643
12.6,46,62.0789,75.3266,23.133,-0.5661,5.2876,14.3724,15.3247
12.6,47,5.934,114.7179,12.1275,-23.1134,-2.3175,-11.41,25.8803
12.6,48,3.1263,93.613,18.5491,-0.9329,11.9379,21.7347,24.815
12.6,49,179.1447,7.0326,28.924,15.4533,-23.1841,3.9177,28.1364
12.7,0,50.4589,172.4821,1.6384,-6.5682,5.7449,-17.1851,19.2737
12.7,1,12.7235,153.797,26.8227,-4.5992,-15.4786,27.4633,31.8587
12.7,2,175.4558,27.4876,4.8318,2.8846,-12.3028,-25.771,28.7024
12.7,3,115.3137,181.4447,22.7249,-10.1423,1.1074,-3.9178,10.929
12.7,4,146.0472,152.0226,17.2596,-11.1541,5.6462,-10.2435,16.1624
12.7,5,148.9612,156.6193,40.7153,-17.3875,-9.1949,-20.4963,28.4072
12.7,6,58.3189,64.7867,33.3197,-1.4452,-0.8567,-20.7449,20.8128
12.7,7,124.8378,71.5125,32.4677,-8.9361,4.5193,2.1149,10.2348
12.7,8,26.5435,21.1995,43.1346,0.7737,-16.057,-5.1542,16.8817
12.7,9,34.2498,185.1484,30.6513,-18.9606,13.8264,3.837,23.7781
12.7,10,119.5535,81.2354,5.6018,-26.7378,8.1341,-19.7065,34.1968
12.7,11,109.2629,33.5465,47.5723,-3.5858,-2.7929,-24.4352,24.8544
12.7,12,114.9208,51.097,3.1675,5.2436,-0.4343,1.5528,5.4859
12.7,13,175.789,93.9675,17.2606,-0.2133,3.1719,25.9563,26.1502
12.7,14,128.2278,68.2146,17.6783,1.2629,11.0891,-5.6865,12.5259
12.7,15,117.0168,177.1915,9.4843,0.0984,0.199,-30.864,30.8648
12.7,16,87.2375,156.2417,35.756,-3.891,-9.7282,12.7681,16.5167
12.7,17,49.7362,133.6612,35.5812,-5.3836,1.7832,9.4118,10.9885
12.7,18,4.6181,87.7024,0.7841,-2.6705,2.2489,18.7156,19.0384
12.7,19,91.3192,128.6031,36.5739,3.3246,11.2041,4.8568,12.6559
12.7,20,47.0784,115.6798,22.3001,8.1864,-6.6744,5.8508,12.0746
12.7,21,89.0357,133.9382,16.8377,-9.1928,3.4293,-19.9117,22.1979
12.7,22,178.8776,11.4514,10.3236,-21.5499,-17.3078,4.6027,28.0204
12.7,23,33.9029,73.7595,18.411,15.8054,13.5042,-21.6967,30.0486
12.7,24,7.4334,21.3943,8.4571,0.681,0.5489,-16.9075,16.9301
12.7,25,51.46,105.326,1.1092,2.593,1.1679,6.4008,7.0041
12.7,26,53.4642,59.1676,28.2166,-13.1183,14.4448,-0.5092,19.5192
12.7,27,130.9332,3.2683,35.374,-11.2428,1.9341,13.9407,18.0134
12.7,28,111.9228,11.6397,42.2729,0.2841,8.3374,7.03,10.9094
12.7,29,149.4283,103.745,49.1652,-0.3696,0.5108,-31.8781,31.8843
12.7,30,121.6218,33.8884,10.9322,33.5503,1.3203,-6.629,34.2244
12.7,31,80.7482,168.6031,34.4337,-3.7873,5.1385,-1.4785,6.5524
12.7,32,153.1516,124.2679,27.2875,16.3702,15.213,-18.281,28.8724
12.7,33,35.0843,65.674,15.3499,15.5763,16.2533,9.337,24.3715
12.7,34,15.7924,120.5995,48.3771,12.8257,0.3632,-0.5602,12.8431
12.7,35,38.4326,3.3801,29.7112,-5.985,-17.0876,15.8373,24.0547
12.7,36,150.607,186.6746,7.9516,7.2425,-3.337,-3.8597,8.8593
12.7,37,104.0346,101.3972,13.8351,-2.044,-1.9572,-6.4922,7.0822
12.7,38,20.513,150.7304,45.7256,11.9947,8.2847,31.6047,34.8047
12.7,39,92.8914,2.5399,3.0035,12.3642,-0.8052,20.6606,24.0911
12.7,40,33.7923,101.7844,25.1232,11.1096,-1.7177,-5.6835,12.5967
12.7,41,143.2088,109.2614,33.9109,-14.9868,3.0316,10.416,18.501
12.7,42,93.5431,196.7326,18.2469,26.0904,21.0019,-0.7995,33.5026
12.7,43,89.7955,133.3046,30.5833,-2.2655,-12.1832,13.2773,18.1618
12.7,44,50.377,116.6303,37.2668,29.2467,-7.2224,-10.8316,32.0133
12.7,45,98.0171,30.5386,24.3973,5.5365,-30.3692,3.4708,31.0643
12.7,46,61.8822,75.1318,21.6257,-1.9672,-1.9476,-15.0726,15.3247
12.7,47,4.897,113.8509,9.9205,-10.3692,-8.6698,-22.0704,25.8803
12.7,48,4.6824,93.3957,20.4699,15.5604,-2.1729,19.2077,24.815
12.7,49,181.494,8.1949,27.9011,23.4933,11.6228,-10.2289,28.1364
12.8,0,51.84,172.7917,2.9465,13.8114,3.0968,13.0816,19.2737
12.8,1,13.7405,155.5836,29.2565,10.1708,17.8668,24.3374,31.8587
12.8,2,173.1431,28.9229,3.921,-23.1271,14.3532,-9.1075,28.7024
12.8,3,115.1215,180.5039,23.2467,-1.9229,-9.4082,5.2184,10.929
12.8,4,145.7493,152.3671,18.8103,-2.9792,3.4448,15.5074,16.1624
12.8,5,148.914,155.059,43.0887,-0.4721,-15.6033,23.7336,28.4072
12.8,6,59.5794,63.2245,32.7699,12.6058,-15.6215,-5.4984,20.8128
12.8,7,124.2926,72.3582,32.2806,-5.4522,8.4571,-1.8712,10.2348
12.8,8,26.7264,20.6413,44.7173,1.8283,-5.5822,15.8268,16.8817
12.8,9,34.4289,185.3318,28.2873,1.7906,1.8334,-23.6396,23.7781
12.8,10,119.3425,81.3597,2.1909,-2.1098,1.2427,-34.109,34.1968
12.8,11,110.4875,34.408,45.5885,12.2465,8.6142,-19.8383,24.8544
12.8,12,115.1884,51.1886,3.6376,2.6751,0.9164,4.7009,5.4859
12.8,13,176.9015,94.445,14.9427,11.1251,4.7751,-23.179,26.1502
12.8,14,129.0017,68.813,16.8959,7.739,5.9837,-7.8232,12.5259
12.8,15,118.4716,174.7569,10.7018,14.5486,-24.3463,12.1749,30.8648
12.8,16,86.3678,155.9968,34.3733,-8.6971,-2.4485,-13.8263,16.5167
12.8,17,50.583,133.3706,34.9441,8.4679,-2.9059,-6.3715,10.9885
12.8,18,2.7782,87.2546,0.5866,-18.3985,-4.4783,-1.9754,19.0384
12.8,19,90.7452,128.0018,35.6196,-5.7395,-6.0136,-9.5429,12.6559
12.8,20,47.0899,115.7062,23.5072,0.1151,0.2637,12.0712,12.0746
12.8,21,87.9806,133.6632,14.9042,-10.5513,-2.7502,-19.3352,22.1979
12.8,22,177.9214,12.2911,12.82,-9.5618,8.3976,24.9638,28.0204
12.8,23,36.6212,72.5102,18.1292,27.1827,-12.493,-2.8184,30.0486
12.8,24,8.0447,21.1248,6.9015,6.1133,-2.6948,-15.5561,16.9301
12.8,25,51.541,105.5675,0.4568,0.81,2.4152,-6.5244,7.0041
12.8,26,52.0424,57.8303,28.2185,-14.2179,-13.3735,0.0182,19.5192
12.8,27,129.8903,2.0366,34.574,-10.4296,-12.317,-7.9999,18.0134
12.8,28,111.2455,11.3589,41.4651,-6.7733,-2.8073,-8.0781,10.9094
12.8,29,149.7195,104.0338,47.6729,2.9124,2.888,-31.6194,31.8843
12.8,30,119.6934,31.0884,10.5393,-19.2834,-28.0005,-3.9287,34.2244
12.8,31,80.7923,168.4647,35.0726,0.4411,-1.3847,6.3892,6.5524
12.8,32,152.3503,125.4434,24.775,-8.013,11.7548,-25.1243,28.8724
12.8,33,33.7616,65.5527,13.3065,-13.2267,-1.2127,-20.4341,24.3715
12.8,34,16.7055,121.4181,48.7587,9.1307,8.1862,3.816,12.8431
12.8,35,40.068,2.6191,28.1197,16.3539,-7.6093,-15.9147,24.0547
12.8,36,150.9825,186.9834,7.2111,3.7556,3.0886,-7.4056,8.8593
12.8,37,104.0882,101.5978,13.158,0.5367,2.0052,-6.7712,7.0822
12.8,38,20.2653,151.5184,42.3446,-2.4773,7.8798,-33.8103,34.8047
12.8,39,93.6645,1.0411,4.7239,7.7309,-14.9882,17.2037,24.0911
12.8,40,33.4945,100.8549,24.3269,-2.9778,-9.2949,-7.9633,12.5967
12.8,41,143.334,109.2669,35.7568,1.2522,0.0552,18.4585,18.501
12.8,42,94.2821,198.3989,15.4359,7.3902,16.6628,-28.1098,33.5026
12.8,43,89.797,131.675,29.7814,0.0155,-16.2958,-8.0184,18.1618
12.8,44,47.9433,118.3104,36.0409,-24.3368,16.8011,-12.2595,32.0133
12.8,45,101.0815,31.0479,24.3988,30.6439,5.0933,0.0149,31.0643
12.8,46,62.4725,74.9956,23.0334,5.903,-1.3617,14.0764,15.3247
12.8,47,5.6436,114.8954,12.1676,7.4658,10.445,22.4712,25.8803
12.8,48,4.6049,93.3906,17.9896,-0.7744,-0.051,-24.8028,24.815
12.8,49,181.5226,10.8948,27.1098,0.2857,26.9992,-7.913,28.1364
12.9,0,52.4574,171.6334,4.3579,6.1737,-11.5832,14.1134,19.2737
12.9,1,13.8707,155.5838,26.0733,1.3016,0.0016,-31.8321,31.8587
12.9,2,170.4566,28.3465,3.091,-26.8646,-5.7643,-8.3,28.7024
12.9,3,115.0759,181.2688,22.4675,-0.456,7.6494,-7.7924,10.929
12.9,4,144.6436,153.0421,19.7767,-11.0574,6.7503,9.6639,16.1624
12.9,5,148.7883,155.1278,40.2515,-1.2565,0.6876,-28.3711,28.4072
12.9,6,57.9711,64.5255,32.5409,-16.0835,13.0095,-2.2903,20.8128
12.9,7,124.9418,71.8344,32.8736,6.4919,-5.2379,5.9304,10.2348
12.9,8,26.486,20.5853,43.0473,-2.4036,-0.5605,-16.7003,16.8817
12.9,9,35.0485,184.9035,30.5427,6.1963,-4.2827,22.5535,23.7781
12.9,10,118.8911,78.2931,0.7465,-4.5135,-30.6663,-14.4438,34.1968
12.9,11,109.7556,35.4005,43.4306,-7.3188,9.9258,-21.579,24.8544
12.9,12,114.8318,51.203,3.221,-3.5659,0.1443,-4.1663,5.4859
12.9,13,175.1405,95.9045,13.675,-17.6104,14.5949,-12.6767,26.1502
12.9,14,129.3482,68.1692,15.8788,3.4644,-6.4377,-10.1712,12.5259
12.9,15,119.6504,177.6076,10.8044,11.7874,28.5068,1.0256,30.8648
12.9,16,87.7586,155.4096,35.0432,13.9082,-5.8726,6.6989,16.5167
12.9,17,49.6424,132.8503,34.7159,-9.4056,-5.2035,-2.2814,10.9885
12.9,18,1.3628,86.0571,0.1539,-14.1542,-11.9752,-4.3262,19.0384
12.9,19,89.9482,127.9173,36.599,-7.9704,-0.8445,9.7945,12.6559
12.9,20,46.1676,115.3774,22.8006,-9.2228,-3.2875,-7.0661,12.0746
12.9,21,86.9636,131.8755,15.7392,-10.1705,-17.8765,8.3508,22.1979
12.9,22,177.4017,11.5261,15.465,-5.1971,-7.651,26.4499,28.0204
12.9,23,37.0515,74.3879,15.823,4.3029,18.7769,-23.0615,30.0486
12.9,24,6.6769,20.3453,7.5243,-13.6779,-7.7949,6.2275,16.9301
12.9,25,51.4713,105.6577,1.1478,-0.6964,0.9022,6.9108,7.0041
12.9,26,50.7759,56.3563,28.4009,-12.6648,-14.7403,1.8244,19.5192
12.9,27,129.7655,1.9979,36.3706,-1.2477,-0.3867,17.966,18.0134
12.9,28,111.6313,12.1747,40.852,3.8586,8.1572,-6.1307,10.9094
12.9,29,149.4204,100.9246,48.3125,-2.9916,-31.0926,6.3965,31.8843
12.9,30,116.9594,31.8453,8.6249,-27.3403,7.5694,-19.1448,34.2244
12.9,31,80.785,168.4622,34.4174,-0.0726,-0.0243,-6.552,6.5524
12.9,32,152.3389,125.4218,27.6622,-0.1141,-0.2159,28.8714,28.8724
12.9,33,32.8053,64.1853,11.5302,-9.5631,-13.6747,-17.7629,24.3715
12.9,34,16.7047,121.3097,49.9616,-0.0073,-1.084,-12.7973,12.8431
12.9,35,40.6404,4.6737,29.2321,5.7245,20.5453,11.1243,24.0547
12.9,36,151.185,187.1518,8.057,2.0249,1.6835,8.4589,8.8593
12.9,37,104.0528,101.5341,13.8624,-0.3542,-0.6365,7.0446,7.0822
12.9,38,20.5645,154.907,43.0807,2.9917,33.8856,7.3606,34.8047
12.9,39,93.6662,1.0427,7.133,0.0176,0.0154,24.0911,24.0911
12.9,40,34.0654,101.4723,25.2647,5.7087,6.1747,9.3787,12.5967
12.9,41,142.6248,110.97,35.8951,-7.0924,17.0316,1.3829,18.501
12.9,42,97.2393,198.2461,17.0031,29.5719,-1.5274,15.6716,33.5026
12.9,43,90.3698,132.5441,28.2931,5.7279,8.6914,-14.8829,18.1618
12.9,44,47.91,118.4162,32.8415,-0.3331,1.0582,-31.9941,32.0133
12.9,45,103.0519,29.9764,22.2495,19.7045,-10.7146,-21.4923,31.0643
12.9,46,63.9334,74.6527,22.7225,14.609,-3.429,-3.109,15.3247
12.9,47,5.8689,116.58,10.2159,2.2526,16.8459,-19.5174,25.8803
12.9,48,6.4169,91.6987,18.099,18.1199,-16.919,1.0939,24.815
12.9,49,183.1127,12.7905,28.4494,15.9011,18.9572,13.3953,28.1364
13.0,0,51.67,170.4622,5.6705,-7.8742,-11.7117,13.1265,19.2737
13.0,1,14.7233,154.9118,29.0684,8.5263,-6.7204,29.9518,31.8587
13.0,2,172.5479,27.8972,5.005,20.9125,-4.4928,19.1392,28.7024
13.0,3,115.6983,180.7584,23.2067,6.2247,-5.1039,7.3923,10.929
13.0,4,143.9641,152.4026,21.0963,-6.7954,-6.3954,13.1964,16.1624
13.0,5,149.5556,157.8168,40.7519,7.6725,26.89,5.0031,28.4072
13.0,6,59.1817,64.0763,30.9086,12.1057,-4.4919,-16.3232,20.8128
13.0,7,125.0639,72.0737,31.886,1.2217,2.3926,-9.8759,10.2348
13.0,8,27.4345,21.9156,42.6225,9.4847,13.3038,-4.2474,16.8817
13.0,9,34.7703,185.519,28.2628,-2.7823,6.155,-22.7985,23.7781
13.0,10,117.339,77.5193,2.2007,-15.5213,-7.7379,29.4726,34.1968
13.0,11,109.678,35.2315,40.9521,-0.7762,-1.69,-24.7847,24.8544
13.0,12,115.2742,51.2401,2.8988,4.4248,0.3704,-3.2216,5.4859
13.0,13,175.1836,95.6622,16.2785,0.4311,-2.4231,26.0342,26.1502
13.0,14,129.8761,69.2056,15.4138,5.279,10.3638,-4.6502,12.5259
13.0,15,119.0402,179.6369,8.5604,-6.1018,20.2939,-22.4401,30.8648
13.0,16,87.0688,156.8269,34.5499,-6.8978,14.1733,-4.9334,16.5167
13.0,17,49.2009,133.625,34.0738,-4.4153,7.747,-6.4214,10.9885
13.0,18,1.4687,84.4337,1.143,1.059,-16.2334,9.8902,19.0384
13.0,19,91.0646,128.211,37.1179,11.1635,2.937,5.1888,12.6559
13.0,20,46.2018,115.4752,21.5976,0.3416,0.978,-12.0301,12.0746
13.0,21,89.1602,132.1856,15.8182,21.966,3.1008,0.7895,22.1979
13.0,22,177.458,11.2131,12.681,0.5624,-3.1296,-27.8394,28.0204
13.0,23,39.5885,74.1275,17.412,25.3701,-2.6038,15.8902,30.0486
13.0,24,6.4944,20.0595,9.183,-1.8252,-2.858,16.587,16.9301
13.0,25,51.302,105.55,1.8189,-1.6937,-1.0769,6.7104,7.0041
13.0,26,51.7607,55.7144,26.8426,9.8475,-6.4186,-15.583,19.5192
13.0,27,129.7249,3.3001,37.6145,-0.4055,13.022,12.4397,18.0134
13.0,28,112.2349,12.4425,41.7204,6.0357,2.678,8.6841,10.9094
13.0,29,148.1051,100.8421,48.7841,-13.1527,-0.825,-29.0334,31.8843
13.0,30,116.7975,34.3319,6.2789,-1.6192,24.8663,-23.4597,34.2244
13.0,31,80.1679,168.6581,34.3166,-6.171,1.9588,-1.008,6.5524
13.0,32,150.5574,125.9237,25.4462,-17.8156,5.0185,-22.1593,28.8724
13.0,33,32.7274,64.3541,9.1002,-0.7793,1.6882,-24.3005,24.3715
13.0,34,15.5815,121.4065,49.4232,-11.232,0.9675,-6.1523,12.8431
13.0,35,38.9259,6.2807,28.7182,-17.1456,16.07,-5.1394,24.0547
13.0,36,151.6571,187.5579,7.4268,4.721,4.0609,-6.3014,8.8593
13.0,37,104.2719,101.291,14.4905,2.1907,-2.4311,6.2808,7.0822
13.0,38,19.5156,151.5887,43.0334,-10.489,-33.1832,-0.4723,34.8047
13.0,39,93.7053,1.053,9.5418,0.3908,0.1038,24.0877,24.0911
13.0,40,34.6341,101.9788,26.2682,5.6873,5.0642,10.0342,12.5967
13.0,41,143.232,111.3912,37.5912,6.0721,4.2116,16.9611,18.501
13.0,42,99.2658,199.0742,19.5392,20.2646,8.2813,25.3613,33.5026
13.0,43,90.9227,132.7593,26.5766,5.529,2.1513,-17.1654,18.1618
13.0,44,48.2679,118.9582,29.7067,3.579,5.4197,-31.3476,32.0133
13.0,45,103.5244,29.3075,25.2461,4.7246,-6.6894,29.9653,31.0643
13.0,46,64.2377,74.0844,21.3322,3.0426,-5.6831,-13.9029,15.3247
13.0,47,6.3731,114.1943,9.3486,5.0417,-23.8569,-8.6728,25.8803
13.0,48,4.6625,90.1577,18.9389,-17.5437,-15.4095,8.3992,24.815
13.0,49,182.8246,11.0768,26.2365,-2.8807,-17.1368,-22.1288,28.1364
13.1,0,51.9572,172.2966,5.1534,2.8716,18.3434,-5.1716,19.2737
13.1,1,11.8717,155.5258,30.3495,-28.5159,6.1409,12.8105,31.8587
13.1,2,170.8573,29.9175,3.8654,-16.9056,20.203,-11.3959,28.7024
13.1,3,115.2147,179.7856,23.3253,-4.8363,-9.7286,1.1858,10.929
13.1,4,144.8249,152.8417,19.8008,8.6083,4.3913,-12.9552,16.1624
13.1,5,146.7883,158.0126,41.3631,-27.6726,1.9578,6.1127,28.4072
13.1,6,59.5728,64.8353,29.0105,3.9117,7.5897,-18.9807,20.8128
13.1,7,124.5847,71.6936,32.7066,-4.7924,-3.8013,8.2057,10.2348
13.1,8,28.6489,23.0029,43.0618,12.1444,10.8724,4.3927,16.8817
13.1,9,35.5374,187.7656,28.128,7.6711,22.4662,-1.349,23.7781
13.1,10,117.5331,76.968,1.1687,1.9412,-5.5123,33.6937,34.1968
13.1,11,109.9093,37.7062,40.9504,2.313,24.7465,-0.0176,24.8544
13.1,12,115.2306,50.7042,3.0076,-0.4365,-5.3591,1.0883,5.4859
13.1,13,174.9038,97.5797,14.5226,-2.7983,19.1753,-17.5588,26.1502
13.1,14,129.9759,70.2636,16.077,0.9982,10.5795,6.6315,12.5259
13.1,15,118.8161,180.3392,5.5632,-2.2407,7.0228,-29.9716,30.8648
13.1,16,87.8069,156.1419,33.2406,7.3805,-6.8499,-13.0923,16.5167
13.1,17,48.5567,134.1108,34.8198,-6.4416,4.8577,7.4602,10.9885
13.1,18,1.502,85.2825,0.5609,0.3329,8.4884,17.0381,19.0384
13.1,19,90.2055,128.0097,36.2106,-8.5903,-2.0133,-9.0734,12.6559
13.1,20,45.393,116.1825,22.1486,-8.0876,7.0725,5.5107,12.0746
13.1,21,89.5776,130.5682,17.2801,4.1742,-16.1742,14.619,22.1979
13.1,22,177.9084,11.186,9.9156,4.5047,-0.2707,-27.6546,28.0204
13.1,23,38.4409,73.9341,14.6417,-11.4757,-1.9341,-27.7036,30.0486
13.1,24,4.9017,20.5578,8.8977,-15.927,4.9822,-2.8522,16.9301
13.1,25,50.9318,106.1095,2.0202,-3.702,5.5947,2.0131,7.0041
13.1,26,53.665,55.3924,26.5602,19.0435,-3.2203,-2.8243,19.5192
13.1,27,128.1214,3.4691,38.4175,-16.0358,1.6905,8.0298,18.0134
13.1,28,112.5657,13.1231,42.5062,3.308,6.8062,7.8579,10.9094
13.1,29,148.599,100.7453,48.0674,4.9391,-0.9674,-31.4846,31.8843
13.1,30,119.7547,33.5901,4.724,29.5721,-7.4184,-15.549,34.2244
13.1,31,79.8725,168.7844,33.7455,-2.9541,1.2624,-5.7109,6.5524
13.1,32,149.3252,127.6609,23.497,-12.322,17.3727,-19.4929,28.8724
13.1,33,32.2643,63.363,6.9223,-4.6304,-9.9107,-21.7786,24.3715
13.1,34,16.1592,120.3386,49.0043,5.7768,-10.6783,-4.1889,12.8431
13.1,35,37.9884,6.2893,30.9335,-9.3745,0.0865,22.1526,24.0547
13.1,36,151.2751,188.2444,7.0173,-3.8199,6.865,-4.0948,8.8593
13.1,37,104.1706,101.5937,13.8583,-1.0129,3.0269,-6.3221,7.0822
13.1,38,17.9085,154.6659,43.2807,-16.071,30.773,2.4726,34.8047
13.1,39,93.7503,1.0942,11.9501,0.4495,0.4118,24.0834,24.0911
13.1,40,34.7597,101.288,25.2223,1.2557,-6.9075,-10.4588,12.5967
13.1,41,144.1715,112.1196,39.0088,9.3951,7.2838,14.1762,18.501
13.1,42,97.8487,199.8731,22.3867,-14.1702,-10.5263,28.4751,33.5026
13.1,43,91.8027,131.2702,26.0226,8.7992,-14.8908,-5.5396,18.1618
13.1,44,45.8142,120.646,30.881,-24.5375,16.878,11.7429,32.0133
13.1,45,102.6816,32.2248,24.5911,-8.4281,29.1728,-6.5502,31.0643
13.1,46,65.3035,73.7251,20.2913,10.6583,-3.5929,-10.4085,15.3247
13.1,47,8.1366,115.9924,8.7533,17.6358,17.9813,-5.9531,25.8803
13.1,48,5.211,89.6732,16.5678,5.485,-4.8447,-23.7113,24.815
13.1,49,184.896,11.9284,27.9396,20.7139,8.5155,17.0316,28.1364
13.2,0,52.3872,171.5049,3.4496,4.3003,-7.917,-17.0383,19.2737
13.2,1,11.1756,157.3717,32.8511,-6.9617,18.4587,25.0157,31.8587
13.2,2,170.3599,29.6967,1.0472,-4.9742,-2.2075,-28.1817,28.7024
13.2,3,115.2271,179.8953,24.4126,0.1236,1.0976,10.873,10.929
13.2,4,145.0796,153.1044,21.3751,2.5467,2.6267,15.7428,16.1624
13.2,5,146.2549,157.1282,38.7168,-5.3342,-8.8436,-26.4633,28.4072
13.2,6,60.952,66.382,29.2033,13.7915,15.4677,1.9277,20.8128
13.2,7,124.5893,71.671,33.7298,0.0459,-0.2252,10.2322,10.2348
13.2,8,28.5462,23.7499,44.5722,-1.0274,7.4698,15.1042,16.8817
13.2,9,36.3115,186.0798,29.6154,7.7415,-16.8584,14.8749,23.7781
13.2,10,117.3697,77.1453,2.2425,-1.6339,1.773,34.1117,34.1968
13.2,11,109.5495,38.095,38.5221,-3.5986,3.8884,-24.2831,24.8544
13.2,12,115.2318,50.3734,3.4453,0.0119,-3.3073,4.3768,5.4859
13.2,13,172.4883,97.4237,13.5328,-24.1545,-1.5602,-9.8975,26.1502
13.2,14,130.3037,71.294,16.7093,3.2781,10.304,6.323,12.5259
13.2,15,120.1465,178.518,7.6703,13.3035,-18.2122,21.0705,30.8648
13.2,16,86.9469,157.4942,32.8409,-8.6,13.5226,-3.9977,16.5167
13.2,17,48.9388,134.3987,33.8306,3.8207,2.8791,-9.8924,10.9885
13.2,18,0.0397,86.1813,0.1026,15.4167,8.987,6.6347,19.0384
13.2,19,89.7596,127.7862,37.3737,-4.459,-2.2355,11.6315,12.6559
13.2,20,44.5901,115.5192,21.5375,-8.029,-6.6324,-6.111,12.0746
13.2,21,89.8,130.1954,15.1032,2.2239,-3.7278,-21.7693,22.1979
13.2,22,177.5617,11.0937,12.6945,-3.467,-0.9229,27.7898,28.0204
13.2,23,38.8576,76.4332,16.2571,4.1661,24.9917,16.1548,30.0486
13.2,24,4.7787,22.2323,9.1145,-1.2297,16.7457,2.1671,16.9301
13.2,25,51.2204,106.3216,2.622,2.887,2.1209,6.0187,7.0041
13.2,26,53.4993,53.5233,26.0225,-1.6573,-18.6906,-5.3773,19.5192
13.2,27,128.1876,3.5211,40.2169,0.6622,0.52,17.9938,18.0134
13.2,28,112.1942,12.8319,43.4898,-3.7148,-2.912,9.8354,10.9094
13.2,29,146.5813,99.3377,46.0392,-20.1772,-14.0763,-20.2818,31.8843
13.2,30,120.4506,30.5226,3.3751,6.9586,-30.6748,-13.4887,34.2244
13.2,31,80.3179,169.01,33.3212,4.4535,2.2562,-4.2438,6.5524
13.2,32,150.0637,130.0839,24.8827,7.3854,24.2292,13.857,28.8724
13.2,33,34.1248,62.1751,7.9554,18.6049,-11.8789,10.3306,24.3715
13.2,34,15.0078,119.7769,49.0951,-11.5139,-5.617,0.9073,12.8431
13.2,35,37.7398,6.357,33.3251,-2.486,0.6769,23.9163,24.0547
13.2,36,151.2623,187.3619,6.9403,-0.1289,-8.8248,-0.7707,8.8593
13.2,37,104.5347,101.3379,14.4092,3.6415,-2.5582,5.5093,7.0822
13.2,38,17.6586,157.7157,44.9392,-2.4985,30.4972,16.5845,34.8047
13.2,39,95.7091,0.3014,12.0877,19.5885,13.9563,1.3756,24.0911
13.2,40,34.8886,101.3928,23.9736,1.2885,1.0482,-12.4867,12.5967
13.2,41,145.7838,111.892,39.8873,16.1224,-2.2756,8.7851,18.501
13.2,42,99.3883,197.5291,23.8379,15.3956,-25.9773,14.5114,33.5026
13.2,43,91.732,131.9609,24.3444,-0.7071,6.9075,-16.782,18.1618
13.2,44,47.387,121.7381,33.4466,15.7282,10.9207,25.6557,32.0133
13.2,45,103.704,29.3091,24.2695,10.224,-29.1568,-3.2153,31.0643
13.2,46,66.6016,73.5961,19.4871,12.9809,-1.2903,-8.0422,15.3247
13.2,47,7.7412,117.2931,10.9555,-3.9546,13.0066,22.0222,25.8803
13.2,48,4.2106,91.6181,15.3954,-10.004,19.4488,-11.7237,24.815
13.2,49,184.4234,14.4952,28.9906,-4.7262,25.6684,10.5096,28.1364
13.3,0,51.5408,170.7307,4.9985,-8.4635,-7.7416,15.4891,19.2737
13.3,1,13.4085,158.141,30.7128,22.3289,7.6929,-21.3825,31.8587
13.3,2,169.0728,30.3748,1.4271,-12.871,6.7803,24.7425,28.7024
13.3,3,115.4004,180.8989,24.016,1.7333,10.0353,-3.9662,10.929
13.3,4,145.5157,154.4345,20.5672,4.3616,13.3014,-8.0791,16.1624
13.3,5,145.376,155.8356,36.3448,-8.7893,-12.9264,-23.7198,28.4072
13.3,6,61.2513,66.4035,31.2628,2.9931,0.2149,20.5953,20.8128
13.3,7,125.5921,71.4737,33.6755,10.0281,-1.9732,-0.5432,10.2348
13.3,8,27.286,24.7224,45.1344,-12.6015,9.7253,5.6224,16.8817
13.3,9,36.045,186.9216,27.4077,-2.6654,8.4182,-22.0777,23.7781
13.3,10,120.1889,75.5949,3.4012,28.1916,-15.5044,11.5873,34.1968
13.3,11,107.1101,38.2998,38.9519,-24.3941,2.0476,4.298,24.8544
13.3,12,115.1441,50.2968,3.9814,-0.8766,-0.7662,5.3609,5.4859
13.3,13,171.6486,95.0515,12.8215,-8.3974,-23.7219,-7.1127,26.1502
13.3,14,130.8511,70.7213,17.6796,5.4737,-5.7263,9.7029,12.5259
13.3,15,121.875,180.3527,5.889,17.2846,18.3466,-17.8123,30.8648
13.3,16,88.3419,158.2801,33.2463,13.95,7.8589,4.0543,16.5167
13.3,17,49.1885,134.3888,34.9006,2.4971,-0.0987,10.7005,10.9885
13.3,18,1.7957,86.2794,0.8316,17.5602,0.9812,7.2896,19.0384
13.3,19,89.5007,126.8232,38.153,-2.5893,-9.6298,7.7933,12.6559
13.3,20,44.2387,115.2245,22.6545,-3.5141,-2.947,11.1698,12.0746
13.3,21,89.3125,130.0283,17.2623,-4.8748,-1.6708,21.5914,22.1979
13.3,22,177.9424,9.4314,10.4712,3.8067,-16.6234,-22.2332,28.0204
13.3,23,40.5899,76.3513,13.8033,17.3234,-0.8199,-24.5387,30.0486
13.3,24,6.3785,22.7177,9.3818,15.9975,4.854,2.6735,16.9301
13.3,25,51.213,106.3151,3.3224,-0.0742,-0.065,7.0034,7.0041
13.3,26,53.095,51.6147,25.9621,-4.043,-19.0864,-0.6038,19.5192
13.3,27,127.6529,4.9793,39.3044,-5.3471,14.5815,-9.1255,18.0134
13.3,28,113.0413,12.1564,43.6172,8.4711,-6.7551,1.2741,10.9094
13.3,29,145.9639,99.5087,42.9158,-6.174,1.7102,-31.2341,31.8843
13.3,30,121.3762,32.0762,0.4695,9.2565,15.5355,-29.0565,34.2244
13.3,31,80.4981,168.7758,32.7363,1.8024,-2.3416,-5.8483,6.5524
13.3,32,150.3005,129.9951,22.0065,2.368,-0.8876,-28.7614,28.8724
13.3,33,35.6386,63.2679,9.5219,15.1378,10.9279,15.6651,24.3715
13.3,34,15.0194,118.6809,48.4256,0.1158,-10.9599,-6.6942,12.8431
13.3,35,38.0047,7.5427,31.249,2.6493,11.8571,-20.761,24.0547
13.3,36,152.1467,187.3993,6.9743,8.8448,0.3738,0.3407,8.8593
13.3,37,104.4946,101.9386,14.0363,-0.4012,6.007,-3.7299,7.0822
13.3,38,19.671,155.1183,43.7913,20.1238,-25.9738,-11.4787,34.8047
13.3,39,96.9824,1.8641,10.7684,12.733,15.6268,-13.1929,24.0911
13.3,40,34.8993,101.4044,22.714,0.1074,0.1154,-12.5957,12.5967
13.3,41,145.6782,110.36,40.9192,-1.0559,-15.3199,10.3186,18.501
13.3,42,98.4386,198.1628,20.6881,-9.4972,6.3364,-31.4973,33.5026
13.3,43,92.419,132.888,22.9419,6.8709,9.2703,-14.025,18.1618
13.3,44,47.6128,123.5259,30.8006,2.2585,17.8784,-26.4597,32.0133
13.3,45,104.4454,26.7331,22.6997,7.4142,-25.7603,-15.698,31.0643
13.3,46,66.0733,73.0792,18.1447,-5.2828,-5.1691,-13.4245,15.3247
13.3,47,7.8986,115.0039,9.7585,1.5744,-22.8919,-11.9697,25.8803
13.3,48,5.6138,92.6079,13.604,14.032,9.8979,-17.9142,24.815
13.3,49,183.9041,14.6352,26.2288,-5.1924,1.3993,-27.6177,28.1364
13.4,0,52.771,169.43,5.7121,12.302,-13.0078,7.1367,19.2737
13.4,1,12.3213,161.1265,30.9466,-10.8717,29.8549,2.3379,31.8587
13.4,2,169.8719,30.9199,4.1294,7.9911,5.4515,27.0231,28.7024
13.4,3,115.0884,180.8564,22.9694,-3.1198,-0.4246,-10.4656,10.929
13.4,4,146.4227,155.3221,19.5663,9.0699,8.8755,-10.0093,16.1624
13.4,5,145.5441,154.6852,38.9368,1.681,-11.5035,25.9193,28.4072
13.4,6,61.616,66.5521,33.3065,3.6465,1.4858,20.4369,20.8128
13.4,7,124.6207,71.6932,33.4394,-9.714,2.1947,-2.3603,10.2348
13.4,8,28.1873,24.3904,43.7461,9.0125,-3.32,-13.8832,16.8817
13.4,9,37.2919,188.8586,26.8187,12.4697,19.3705,-5.8895,23.7781
13.4,10,121.2079,78.8253,2.9318,10.1899,32.304,-4.6943,34.1968
13.4,11,105.1074,36.8358,39.1046,-20.0269,-14.64,1.5271,24.8544
13.4,12,115.5572,50.2442,3.6243,4.1309,-0.5257,-3.5712,5.4859
13.4,13,170.0096,96.4812,11.3696,-16.3894,14.297,-14.5196,26.1502
13.4,14,130.1934,69.8322,18.2677,-6.5763,-8.8914,5.8817,12.5259
13.4,15,123.524,182.6934,7.0414,16.4909,23.407,11.5236,30.8648
13.4,16,87.4325,157.1609,34.0515,-9.0943,-11.1917,8.0524,16.5167
13.4,17,49.1715,135.4069,34.4874,-0.1703,10.1805,-4.1321,10.9885
13.4,18,0.5403,85.1963,0.1041,-12.5544,-10.8303,9.357,19.0384
13.4,19,90.4602,127.4208,37.5839,9.595,5.9766,-5.6911,12.6559
13.4,20,44.0565,115.1957,23.8478,-1.8221,-0.2882,11.9329,12.0746
13.4,21,89.4786,132.1224,16.5449,1.6607,20.9409,-7.1741,22.1979
13.4,22,176.8408,7.0237,11.3883,-11.0156,-24.077,9.1705,28.0204
13.4,23,40.546,73.3544,14.0187,-0.4388,-29.9681,2.1546,30.0486
13.4,24,6.7497,22.1941,10.9484,3.712,-5.2366,15.6661,16.9301
13.4,25,51.8543,106.2844,3.0424,6.413,-0.3067,-2.7995,7.0041
13.4,26,51.2467,52.0972,25.5611,-18.4834,4.8257,-4.0096,19.5192
13.4,27,127.2443,4.2295,40.8904,-4.0858,-7.4982,15.8609,18.0134
13.4,28,113.5662,12.2174,42.6628,5.249,0.6104,-9.5441,10.9094
13.4,29,148.4871,97.796,43.8466,25.2316,-17.1272,9.3077,31.8843
13.4,30,118.945,29.9125,0.5891,-24.3126,-21.637,10.5853,34.2244
13.4,31,80.4724,168.7897,33.3909,-0.2574,0.1387,6.5459,6.5524
13.4,32,148.27,130.8842,23.8566,-20.305,8.8911,18.5005,28.8724
13.4,33,35.6427,63.1872,7.0861,0.0406,-0.8071,-24.3581,24.3715
13.4,34,15.3301,118.1438,49.5501,3.1075,-5.3717,11.2442,12.8431
13.4,35,38.6922,5.7373,32.6823,6.8744,-18.0539,14.3327,24.0547
13.4,36,151.2789,187.3415,7.143,-8.6781,-0.578,1.6863,8.8593
13.4,37,104.1646,102.285,13.5141,-3.3006,3.4644,-5.2213,7.0822
13.4,38,21.1532,154.5903,40.6868,14.8222,-5.2796,-31.045,34.8047
13.4,39,95.5088,0.2094,11.714,-14.7365,-16.5467,9.4564,24.0911
13.4,40,33.7082,101.0692,22.4778,-11.9106,-3.3513,-2.3627,12.5967
13.4,41,145.043,109.9087,42.5972,-6.3519,-4.5132,16.7801,18.501
13.4,42,96.7536,196.3715,18.413,-16.8499,-17.9132,-22.7514,33.5026
13.4,43,92.0398,131.2828,23.7024,-3.7925,-16.051,7.6046,18.1618
13.4,44,45.4822,122.7862,28.5287,-21.3068,-7.3975,-22.719,32.0133
13.4,45,106.4481,24.7393,23.9898,20.0267,-19.9374,12.9004,31.0643
13.4,46,66.2208,72.9003,16.6298,1.4747,-1.7891,-15.1483,15.3247
13.4,47,5.6177,115.8698,8.8949,-22.8088,8.6584,-8.6359,25.8803
13.4,48,6.2413,93.7249,11.4788,6.275,11.1696,-21.2519,24.815
13.4,49,181.5474,13.4033,27.148,-23.5673,-12.3186,9.1919,28.1364
13.5,0,51.9867,171.1898,5.6637,-7.8436,17.5988,-0.4848,19.2737
13.5,1,12.7507,157.9723,30.8192,4.2937,-31.5423,-1.2741,31.8587
13.5,2,171.4853,32.3351,2.2235,16.1345,14.1515,-19.0589,28.7024
13.5,3,114.1582,180.5135,22.5094,-9.3017,-3.4291,-4.6001,10.929
13.5,4,145.6826,154.828,18.2171,-7.4013,-4.9406,-13.492,16.1624
13.5,5,148.2895,155.069,39.5573,27.4542,3.8377,6.2056,28.4072
13.5,6,62.1633,66.678,35.3106,5.4732,1.2591,20.0407,20.8128
13.5,7,124.3136,72.4946,32.8819,-3.071,8.0143,-5.5758,10.2348
13.5,8,26.8807,23.3222,43.7889,-13.0656,-10.6816,0.4276,16.8817
13.5,9,38.2642,188.6261,28.9762,9.7226,-2.3258,21.5745,23.7781
13.5,10,124.0542,80.6513,2.4234,28.4628,18.2602,-5.0842,34.1968
13.5,11,104.7428,35.6331,41.2489,-3.6452,-12.0268,21.4431,24.8544
13.5,12,115.3667,49.7381,3.5323,-1.9048,-5.0617,-0.9196,5.4859
13.5,13,168.7645,94.234,10.8815,-12.4509,-22.472,-4.8805,26.1502
13.5,14,129.6026,69.772,17.1649,-5.9085,-0.6015,-11.0285,12.5259
13.5,15,124.6794,182.449,4.1898,11.5539,-2.4438,-28.5161,30.8648
13.5,16,85.8812,157.1436,34.6183,-15.5128,-0.173,5.6678,16.5167
13.5,17,49.4703,134.9247,35.4285,2.9881,-4.8218,9.411,10.9885
13.5,18,0.4785,85.9796,1.63,-0.6174,7.8324,17.3417,19.0384
13.5,19,90.5824,127.0899,38.7994,1.2221,-3.3088,12.1545,12.6559
13.5,20,45.1469,115.172,23.3298,10.9047,-0.2367,-5.1796,12.0746
13.5,21,91.302,130.9666,16.0284,18.2342,-11.558,-5.1645,22.1979
13.5,22,176.5369,7.8837,14.0377,-3.0398,8.6004,26.4941,28.0204
13.5,23,41.0924,72.563,16.8655,5.4635,-7.9148,28.468,30.0486
13.5,24,8.1441,23.145,11.0805,13.9445,9.5097,1.3208,16.9301
13.5,25,51.6195,105.8035,2.5905,-2.3479,-4.8085,-4.5192,7.0041
13.5,26,50.6974,52.9375,23.8871,-5.4926,8.4023,-16.7402,19.5192
13.5,27,126.5076,3.0897,39.7059,-7.3672,-11.3973,-11.8453,18.0134
13.5,28,112.9753,12.5808,43.5047,-5.9093,3.6341,8.4195,10.9094
13.5,29,151.1991,97.9501,42.1771,27.1207,1.5409,-16.6945,31.8843
13.5,30,119.2739,32.6959,2.5531,3.2897,27.8341,19.6406,34.2244
13.5,31,80.8362,168.8889,32.8551,3.6381,0.9925,-5.3585,6.5524
13.5,32,145.6849,132.1553,23.6617,-25.8508,12.7105,-1.9484,28.8724
13.5,33,36.8109,61.3481,5.994,11.6828,-18.3909,-10.9205,24.3715
13.5,34,15.2334,116.8632,49.5646,-0.9676,-12.8058,0.1457,12.8431
13.5,35,39.2605,3.4595,33.2066,5.6828,-22.7781,5.2433,24.0547
13.5,36,151.2878,187.3179,8.0286,0.0887,-0.2361,8.8557,8.8593
13.5,37,104.0127,102.4429,14.1876,-1.519,1.5786,6.7348,7.0822
13.5,38,18.3132,154.4827,42.6958,-28.4005,-1.0758,20.0903,34.8047
13.5,39,94.3915,0.15,9.5805,-11.173,-0.5938,-21.3352,24.0911
13.5,40,33.9484,101.2762,23.6969,2.4012,2.0694,12.1913,12.5967
13.5,41,144.5433,109.5545,44.3429,-4.9972,-3.5423,17.4576,18.501
13.5,42,96.5361,195.2244,21.5533,-2.1746,-11.4701,31.4028,33.5026
13.5,43,90.6505,130.1192,23.5828,-13.893,-11.6363,-1.1964,18.1618
13.5,44,45.4407,121.151,25.7768,-0.4146,-16.352,-27.519,32.0133
13.5,45,108.0373,26.211,26.2165,15.8922,14.7168,22.2675,31.0643
13.5,46,66.3239,71.4645,16.104,1.031,-14.3574,-5.2583,15.3247
13.5,47,6.212,118.0767,7.6808,5.9423,22.0697,-12.1412,25.8803
13.5,48,7.9126,92.0916,10.6439,16.7126,-16.3333,-8.3484,24.815
13.5,49,181.6355,16.1672,27.6672,0.8805,27.6392,5.1915,28.1364
13.6,0,51.7035,171.6789,7.5063,-2.8314,4.891,18.4265,19.2737
13.6,1,12.0256,156.1437,33.3253,-7.2503,-18.2855,25.0609,31.8587
13.6,2,170.9571,31.6295,4.9551,-5.2819,-7.0554,27.3157,28.7024
13.6,3,113.6128,180.4831,23.4559,-5.4548,-0.3041,9.4655,10.929
13.6,4,145.807,154.8719,19.8279,1.2438,0.4388,16.1085,16.1624
13.6,5,150.695,154.0556,40.6781,24.0551,-10.1339,11.2082,28.4072
13.6,6,61.0048,67.396,33.7376,-11.5843,7.1796,-15.7298,20.8128
13.6,7,123.3992,72.7952,32.5339,-9.1436,3.0057,-3.4801,10.2348
13.6,8,25.739,23.6459,44.9896,-11.4165,3.2366,12.0074,16.8817
13.6,9,37.5197,189.4703,26.8817,-7.4454,8.4421,-20.945,23.7781
13.6,10,123.713,79.986,5.7603,-3.4114,-6.6526,33.3695,34.1968
13.6,11,106.2312,35.7636,39.2626,14.8834,1.3048,-19.8626,24.8544
13.6,12,115.5127,49.5893,4.0398,1.4596,-1.4872,5.0747,5.4859
13.6,13,170.8536,95.8013,10.7479,20.8906,15.6726,-1.3366,26.1502
13.6,14,130.2039,69.771,18.2637,6.013,-0.0108,10.9883,12.5259
13.6,15,124.3999,182.1584,7.2498,-2.7955,-2.9059,30.6002,30.8648
13.6,16,87.3469,157.7915,34.2184,14.6569,6.4793,-3.9995,16.5167
13.6,17,48.6425,134.5822,36.0649,-8.2777,-3.4249,6.3637,10.9885
13.6,18,0.1298,87.065,0.189,6.0836,10.8537,-14.41,19.0384
13.6,19,91.2917,126.8744,39.8251,7.0933,-2.1557,10.2572,12.6559
13.6,20,45.1692,114.5252,24.3492,0.2224,-6.4685,10.1934,12.0746
13.6,21,89.5275,130.8884,14.697,-17.7443,-0.7826,-13.3143,22.1979
13.6,22,176.3449,7.9744,11.2437,-1.9197,0.9066,-27.9398,28.0204
13.6,23,44.0263,72.4868,16.2211,29.3397,-0.7617,-6.4438,30.0486
13.6,24,7.7166,22.3967,9.6233,-4.2754,-7.4829,-14.5724,16.9301
13.6,25,51.243,105.7705,3.1802,-3.7654,-0.3304,5.8966,7.0041
13.6,26,49.5535,53.7914,22.5558,-11.4393,8.539,-13.3127,19.5192
13.6,27,126.3644,3.3725,41.4792,-1.4317,2.8281,17.7323,18.0134
13.6,28,112.9486,12.4881,44.5914,-0.2668,-0.9273,10.8666,10.9094
13.6,29,150.4323,97.4776,45.2357,-7.6686,-4.7249,30.5856,31.8843
13.6,30,121.1577,30.0399,3.6068,18.8379,-26.5599,10.5365,34.2244
13.6,31,80.3756,168.7278,32.4178,-4.6061,-1.6114,-4.3728,6.5524
13.6,32,144.2566,131.3425,26.0356,-14.2835,-8.1271,23.7391,28.8724
13.6,33,34.8663,61.6267,7.4364,-19.4464,2.7855,14.4238,24.3715
13.6,34,15.2407,116.7714,49.1543,0.0729,-0.9175,-12.8101,12.8431
13.6,35,37.3421,4.5942,32.3018,-19.1838,11.3466,-9.0479,24.0547
13.6,36,151.385,187.1875,7.1577,0.9719,-1.304,-8.7087,8.8593
13.6,37,104.011,102.446,14.8958,-0.0167,0.0318,7.0821,7.0822
13.6,38,17.7159,152.8983,45.7366,-5.9731,-15.8449,30.4076,34.8047
13.6,39,95.5995,0.812,7.7315,12.0807,9.6199,-18.4904,24.0911
13.6,40,34.0627,100.3268,24.5169,1.1433,-9.4938,8.1998,12.5967
13.6,41,144.5411,109.5578,42.4928,-0.022,0.0335,-18.501,18.501
13.6,42,95.6435,192.0525,22.1584,-8.9267,-31.7195,6.0511,33.5026
13.6,43,91.0911,131.7095,22.8242,4.4058,15.9025,-7.5861,18.1618
13.6,44,48.2252,122.2165,24.6108,27.8454,10.6551,-11.6601,32.0133
13.6,45,108.5922,24.1251,23.9825,5.5491,-20.8588,-22.3407,31.0643
13.6,46,66.7391,70.3763,15.1082,4.1522,-10.883,-9.9583,15.3247
13.6,47,8.7472,118.4446,7.3135,25.3528,3.6783,-3.6732,25.8803
13.6,48,9.564,91.5296,8.8791,16.5142,-5.6199,-17.6488,24.815
13.6,49,178.9975,17.1001,27.3711,-26.3791,9.3289,-2.961,28.1364
13.7,0,50.3139,170.9449,6.3906,-13.8965,-7.3408,-11.1568,19.2737
13.7,1,11.6462,154.6219,36.0983,-3.7944,-15.2185,27.7304,31.8587
13.7,2,170.7621,31.2337,7.7912,-1.95,-3.9582,28.3612,28.7024
13.7,3,113.6405,181.0338,24.3995,0.2774,5.5068,9.4361,10.929
13.7,4,147.2927,155.2453,19.3128,14.8574,3.7342,-5.1515,16.1624
13.7,5,150.9442,153.6199,37.8821,2.4917,-4.3569,-27.9603,28.4072
13.7,6,62.4493,65.9019,33.8525,14.4442,-14.9404,1.1491,20.8128
13.7,7,124.3382,72.6699,32.1463,9.3894,-1.2528,-3.8756,10.2348
13.7,8,26.3548,23.4866,43.4259,6.1581,-1.593,-15.6375,16.8817
13.7,9,37.002,188.8919,24.6341,-5.1766,-5.7843,-22.4754,23.7781
13.7,10,124.9582,79.011,2.7283,12.4518,-9.7502,-30.32,34.1968
13.7,11,104.8129,36.2441,37.2789,-14.1825,4.8052,-19.837,24.8544
13.7,12,115.6018,49.2166,4.4323,0.8909,-3.7277,3.925,5.4859
13.7,13,173.1948,95.1265,9.7983,23.4118,-6.7484,-9.4963,26.1502
13.7,14,130.556,68.5944,18.0172,3.5209,-11.7654,-2.4654,12.5259
13.7,15,121.8619,183.6429,8.1886,-25.3794,14.8451,9.3883,30.8648
13.7,16,87.1985,157.9349,35.8571,-1.484,1.4334,16.3873,16.5167
13.7,17,48.4461,135.3175,36.8575,-1.964,7.3527,7.9263,10.9885
13.7,18,1.0161,88.3313,1.0304,11.4592,12.6631,8.414,19.0384
13.7,19,91.6831,126.0505,40.7025,3.9133,-8.2386,8.774,12.6559
13.7,20,44.8895,113.636,25.1168,-2.7966,-8.8913,7.676,12.0746
13.7,21,89.5289,132.7233,15.9461,0.0139,18.3496,12.4914,22.1979
13.7,22,175.6743,5.254,11.2121,-6.7059,-27.2043,-0.3163,28.0204
13.7,23,41.8917,74.5067,16.8476,-21.3467,20.199,6.2641,30.0486
13.7,24,6.1454,21.8,9.4189,-15.7112,-5.9675,-2.0432,16.9301
13.7,25,50.7883,106.2525,2.9532,-4.5471,4.8197,-2.2696,7.0041
13.7,26,48.0997,53.5926,21.2685,-14.5374,-1.9879,-12.8729,19.5192
13.7,27,126.1596,1.7674,40.6878,-2.0479,-16.0518,-7.914,18.0134
13.7,28,112.8228,11.432,44.3485,-1.258,-10.5609,-2.429,10.9094
13.7,29,150.4941,94.3884,46.0226,0.6178,-30.8919,7.8691,31.8843
13.7,30,118.5065,32.2042,3.6054,-26.5122,21.6429,-0.0134,34.2244
13.7,31,80.296,168.5249,31.7999,-0.7961,-2.0292,-6.1792,6.5524
13.7,32,144.4359,133.8662,24.6445,1.7929,25.2363,-13.9115,28.8724
13.7,33,32.6338,61.9454,6.5122,-22.3247,3.1875,-9.2421,24.3715
13.7,34,14.3546,116.2615,49.9317,-8.8611,-5.0992,7.7733,12.8431
13.7,35,36.5332,2.6762,31.0962,-8.0885,-19.1795,-12.0562,24.0547
13.7,36,151.4038,187.1758,6.272,0.1884,-0.1163,-8.8565,8.8593
13.7,37,103.9484,102.6206,14.2123,-0.6257,1.7458,-6.8351,7.0822
13.7,38,19.6773,150.0233,45.7038,19.6139,-28.7498,-0.3282,34.8047
13.7,39,95.0957,2.0587,5.7326,-5.0383,12.4673,-19.9891,24.0911
13.7,40,32.8696,99.9232,24.4956,-11.9309,-4.0355,-0.2128,12.5967
13.7,41,145.3893,107.9702,42.9203,8.4829,-15.8764,4.2741,18.501
13.7,42,95.5267,191.3669,25.4357,-1.1678,-6.8561,32.7728,33.5026
13.7,43,92.1353,130.4926,23.6769,10.4423,-12.1691,8.5277,18.1618
13.7,44,48.3488,121.9303,21.4247,1.2357,-2.8615,-31.8612,32.0133
13.7,45,108.1158,26.9765,22.8455,-4.7639,28.5138,-11.3692,31.0643
13.7,46,67.6643,70.3352,16.3292,9.2514,-0.4109,12.2102,15.3247
13.7,47,10.4908,117.7159,5.5452,17.4358,-7.2866,-17.6829,25.8803
13.7,48,9.0394,91.7757,11.2919,-5.2462,2.4616,24.1288,24.815
13.7,49,181.6771,17.9191,27.6272,26.7959,8.19,2.5608,28.1364
13.8,0,51.5324,171.7447,5.1296,12.1856,7.9987,-12.6098,19.2737
13.8,1,11.8105,157.7579,35.5617,1.6428,31.3605,-5.3662,31.8587
13.8,2,171.4309,30.7872,10.5465,6.6871,-4.4652,27.5531,28.7024
13.8,3,113.8143,181.0244,23.3206,1.7375,-0.0933,-10.7896,10.929
13.8,4,148.2988,154.075,18.8326,10.0607,-11.7025,-4.8018,16.1624
13.8,5,150.1672,155.253,40.0727,-7.7699,16.3314,21.9062,28.4072
13.8,6,62.6262,64.4124,35.2953,1.7695,-14.8953,14.4281,20.8128
13.8,7,124.418,73.1229,33.0606,0.7986,4.5301,9.1428,10.2348
13.8,8,25.4325,24.3046,44.5791,-9.2231,8.1806,11.5327,16.8817
13.8,9,36.8738,188.5199,26.9792,-1.2821,-3.7193,23.4504,23.7781
13.8,10,128.3128,78.3471,2.7096,33.5455,-6.6395,-0.187,34.1968
13.8,11,102.6803,37.1009,38.2249,-21.3267,8.5684,9.4601,24.8544
13.8,12,115.3493,49.2232,4.9193,-2.5248,0.0661,4.8699,5.4859
13.8,13,173.5875,97.197,11.3465,3.927,20.7049,15.4829,26.1502
13.8,14,130.232,68.8199,16.8284,-3.24,2.2552,-11.8876,12.5259
13.8,15,124.4646,184.7309,6.9362,26.0267,10.8801,-12.5246,30.8648
13.8,16,88.2257,156.6704,36.1288,10.2728,-12.6448,2.7165,16.5167
13.8,17,49.2033,135.4293,37.646,7.5719,1.1182,7.8843,10.9885
13.8,18,0.251,86.6074,1.2902,-7.6505,-17.239,2.5977,19.0384
13.8,19,91.5647,126.8561,41.6714,-1.1838,8.0555,9.6892,12.6559
13.8,20,44.3065,113.7242,26.1705,-5.83,0.8818,10.5371,12.0746
13.8,21,89.2054,134.3336,14.4529,-3.2354,16.1024,-14.9328,22.1979
13.8,22,173.5558,6.7917,12.2116,-21.1846,15.3772,9.9949,28.0204
13.8,23,39.0618,73.6502,17.3838,-28.2984,-8.5654,5.3624,30.0486
13.8,24,5.4434,20.9416,8.1396,-7.0201,-8.5835,-12.7934,16.9301
13.8,25,51.4396,105.9959,2.9309,6.5136,-2.5654,-0.2227,7.0041
13.8,26,47.147,55.2702,21.5652,-9.5271,16.776,2.9667,19.5192
13.8,27,125.3175,1.2703,42.2006,-8.4215,-4.9703,15.1281,18.0134
13.8,28,113.7056,10.8051,44.2151,8.828,-6.2691,-1.3337,10.9094
13.8,29,150.2935,95.1647,42.9366,-2.0053,7.7633,-30.8597,31.8843
13.8,30,120.7688,29.6397,3.4689,22.6231,-25.6446,-1.3656,34.2244
13.8,31,80.604,168.4407,32.372,3.0807,-0.8416,5.7215,6.5524
13.8,32,146.0545,131.5629,25.2854,16.1866,-23.0332,6.4094,28.8724
13.8,33,30.7754,61.0729,5.199,-18.5845,-8.7253,-13.1322,24.3715
13.8,34,14.2995,115.9508,48.8234,-0.5501,-3.1077,-12.4493,12.8431
13.8,35,35.4113,2.8103,28.9726,-11.2195,1.3411,-21.2356,24.0547
13.8,36,150.7829,186.7409,5.8136,-6.209,-4.3496,-4.5843,8.8593
13.8,37,104.634,102.5097,14.0734,6.8554,-1.109,-1.3896,7.0822
13.8,38,19.6593,152.5754,48.0701,-0.1797,25.5217,23.6638,34.8047
13.8,39,95.4097,0.9122,7.828,3.1401,-11.4648,20.9542,24.0911
13.8,40,32.6393,99.9142,23.2572,-2.3026,-0.0902,-12.3841,12.5967
13.8,41,145.8881,108.9781,44.3893,4.9871,10.0794,14.6909,18.501
13.8,42,93.928,189.3446,27.5755,-15.9868,-20.2229,21.3982,33.5026
13.8,43,92.2908,129.9232,25.3945,1.5547,-5.6932,17.1761,18.1618
13.8,44,47.4543,121.5179,24.4707,-8.9453,-4.1242,30.4602,32.0133
13.8,45,109.1594,25.2719,25.2236,10.4358,-17.0458,23.7808,31.0643
13.8,46,67.0906,70.9788,15.0623,-5.7369,6.4361,-12.6693,15.3247
13.8,47,12.3398,116.603,4.1167,18.4896,-11.1287,-14.2855,25.8803
13.8,48,8.7454,91.3798,13.724,-2.9405,-3.9587,24.32,24.815
13.8,49,182.556,15.3864,28.4813,8.7888,-25.3271,8.5409,28.1364
13.9,0,50.1644,171.4048,6.4441,-13.6801,-3.3991,13.1443,19.2737
13.9,1,13.6624,156.6738,33.2069,18.5192,-10.8411,-23.5475,31.8587
13.9,2,173.0328,29.169,12.2939,16.0194,-16.1815,17.4747,28.7024
13.9,3,113.8069,180.973,22.2289,-0.0733,-0.5149,-10.9166,10.929
13.9,4,148.639,153.7645,20.3818,3.4021,-3.1053,15.4921,16.1624
13.9,5,150.5024,155.5442,42.8785,3.3522,2.912,28.058,28.4072
13.9,6,62.627,64.3963,33.2141,0.0076,-0.1608,-20.8122,20.8128
13.9,7,125.409,72.9056,32.9253,9.9095,-2.1732,-1.3523,10.2348
13.9,8,26.9828,24.7974,44.1277,15.5026,4.9271,-4.5148,16.8817
13.9,9,37.0648,189.6369,29.0696,1.91,11.1696,20.9043,23.7781
13.9,10,129.2379,75.084,3.1459,9.2513,-32.6312,4.3629,34.1968
13.9,11,100.3639,36.8076,39.0769,-23.1637,-2.9332,8.5194,24.8544
13.9,12,115.6281,49.3919,4.478,2.7884,1.6876,-4.4126,5.4859
13.9,13,173.5169,97.8199,8.8078,-0.7059,6.2296,-25.3876,26.1502
13.9,14,129.7694,69.7412,17.54,-4.6254,9.2121,7.1163,12.5259
13.9,15,123.2265,187.3171,8.0785,-12.3814,25.8621,11.423,30.8648
13.9,16,88.8227,156.0932,37.5565,5.9692,-5.772,14.2777,16.5167
13.9,17,48.9329,134.9908,38.6166,-2.7044,-4.3845,9.7061,10.9885
13.9,18,0.0859,84.8704,2.052,-1.651,-17.3696,7.6179,19.0384
13.9,19,92.8165,126.9631,41.8236,12.5185,1.07,1.5216,12.6559
13.9,20,44.0171,113.866,27.3342,-2.894,1.4175,11.6367,12.0746
13.9,21,88.669,135.5151,16.2539,-5.3637,11.8157,18.0101,22.1979
13.9,22,174.1603,5.9805,14.8246,6.0447,-8.1117,26.1305,28.0204
13.9,23,39.0994,73.6389,20.3884,0.3762,-0.1122,30.0461,30.0486
13.9,24,4.0115,21.6902,7.6342,-14.3197,7.4853,-5.054,16.9301
13.9,25,51.9758,105.9043,3.3722,5.3618,-0.9163,4.4124,7.0041
13.9,26,48.7615,55.4162,22.6525,16.1444,1.4605,10.8732,19.5192
13.9,27,124.8883,2.1033,40.6621,-4.2919,8.33,-15.3843,18.0134
13.9,28,113.8604,9.8251,44.6689,1.5477,-9.7994,4.5377,10.9094
13.9,29,148.3113,97.5578,42.2224,-19.8224,23.9306,-7.142,31.8843
13.9,30,123.7417,28.0287,2.9402,29.7291,-16.1104,-5.2864,34.2244
13.9,31,80.6732,168.7852,31.8189,0.6916,3.4446,-5.5309,6.5524
13.9,32,146.6418,129.5727,27.293,5.8726,-19.9021,20.0757,28.8724
13.9,33,31.3673,62.9633,6.6187,5.9195,18.9041,14.1974,24.3715
13.9,34,14.7164,117.1585,48.9535,4.1687,12.0779,1.3006,12.8431
13.9,35,34.3396,3.1905,26.8529,-10.7164,3.8012,-21.1976,24.0547
13.9,36,151.6031,186.4453,5.971,8.2018,-2.9563,1.5743,8.8593
13.9,37,104.4457,102.3976,13.3999,-1.883,-1.1209,-6.7347,7.0822
13.9,38,17.645,150.2897,46.3874,-20.1431,-22.8574,-16.8274,34.8047
13.9,39,97.6236,1.0478,6.8876,22.1385,1.3555,-9.4037,24.0911
13.9,40,33.0622,100.0713,24.4333,4.2284,1.571,11.7613,12.5967
13.9,41,147.5179,109.707,43.9043,16.2981,7.2892,-4.8504,18.501
13.9,42,95.2803,186.454,28.5955,13.5226,-28.9056,10.1996,33.5026
13.9,43,92.3482,130.6171,27.072,0.5745,6.9381,16.7744,18.1618
13.9,44,45.9737,124.2582,23.7308,-14.8053,27.4027,-7.3991,32.0133
13.9,45,108.304,24.5647,28.125,-8.5538,-7.072,29.0139,31.0643
13.9,46,66.5401,70.6581,13.6685,-5.5044,-3.2067,-13.9379,15.3247
13.9,47,10.3445,117.86,3.0505,-19.953,12.5696,-10.6617,25.8803
13.9,48,9.4727,91.3995,11.3515,7.2736,0.1966,-23.7242,24.815
13.9,49,179.9311,16.2466,29.0165,-26.2491,8.6014,5.3529,28.1364
14.0,0,50.198,171.3956,4.517,0.3352,-0.0922,-19.2705,19.2737
14.0,1,12.4226,154.8005,35.466,-12.3982,-18.7336,22.5901,31.8587
14.0,2,171.0699,27.1794,12.9473,-19.6288,-19.8959,6.5337,28.7024
14.0,3,113.7509,181.2866,21.1835,-0.5608,3.1367,-10.4541,10.929
14.0,4,148.9461,153.6226,21.9622,3.0718,-1.4195,15.8042,16.1624
14.0,5,148.6951,155.871,45.0457,-18.0733,3.2674,21.6714,28.4072
14.0,6,62.5292,65.3085,31.3459,-0.9781,9.1215,-18.6819,20.8128
14.0,7,125.524,72.8967,33.9423,1.1503,-0.0891,10.1695,10.2348
14.0,8,26.4055,25.1001,42.5704,-5.7732,3.0278,-15.5722,16.8817
14.0,9,35.4375,191.3374,28.7322,-16.2734,17.0056,-3.374,23.7781
14.0,10,130.8363,75.4408,0.144,15.9843,3.5688,-30.0197,34.1968
14.0,11,100.8558,37.8246,36.863,4.9192,10.1696,-22.1386,24.8544
14.0,12,115.6483,49.3403,5.0238,0.2013,-0.516,5.4578,5.4859
14.0,13,170.9837,98.0964,9.3952,-25.3314,2.7652,5.8746,26.1502
14.0,14,130.644,69.4863,16.6802,8.7451,-2.5481,-8.5982,12.5259
14.0,15,124.95,188.3202,10.4343,17.2353,10.0307,23.5576,30.8648
14.0,16,88.3519,155.6732,39.083,-4.7076,-4.2002,15.2643,16.5167
14.0,17,48.8801,134.7145,39.6788,-0.5273,-2.7629,10.6224,10.9885
14.0,18,0.2021,84.5959,3.9138,2.88,-2.7451,18.618,19.0384
14.0,19,92.4531,126.894,43.0339,-3.6342,-0.6904,12.1032,12.6559
14.0,20,43.0526,113.3491,27.8446,-9.6449,-5.1688,5.1045,12.0746
14.0,21,87.9448,133.7009,15.1996,-7.2425,-18.1422,-10.5428,22.1979
14.0,22,174.5843,5.4888,17.5504,4.2403,-4.9167,27.2578,28.0204
14.0,23,38.517,74.605,17.6033,-5.824,9.6607,-27.8509,30.0486
14.0,24,3.1825,21.9049,6.1737,-8.2894,2.1476,-14.6048,16.9301
14.0,25,51.5255,105.3876,3.2276,-4.5027,-5.1666,-1.4456,7.0041
14.0,26,48.1654,56.8125,21.4257,-5.9608,13.963,-12.2681,19.5192
14.0,27,125.6167,3.6212,41.3027,7.2847,15.1783,6.4061,18.0134
14.0,28,114.173,9.7577,45.7119,3.1259,-0.6747,10.4301,10.9094
14.0,29,149.396,100.5547,42.1326,10.8472,29.969,-0.8983,31.8843
14.0,30,124.107,31.3824,3.5167,3.6528,33.5371,5.7645,34.2244
14.0,31,80.2058,168.3535,31.6622,-4.6737,-4.3169,-1.567,6.5524
14.0,32,148.6708,130.6448,29.0451,20.2897,10.7213,17.5214,28.8724
14.0,33,32.1082,63.1243,4.3025,7.4085,1.6095,-23.1623,24.3715
14.0,34,14.8961,117.235,47.6841,1.797,0.7645,-12.6937,12.8431
14.0,35,35.8923,4.7096,27.8862,15.5265,15.1913,10.3334,24.0547
14.0,36,150.8082,186.8242,6.0679,-7.949,3.7896,0.9688,8.8593
14.0,37,104.7697,101.8016,13.1967,3.2407,-5.9603,-2.0322,7.0822
14.0,38,15.9965,152.8175,44.6534,-16.4845,25.2776,-17.3399,34.8047
14.0,39,97.273,1.2194,4.5104,-3.506,1.7167,-23.7727,24.0911
14.0,40,32.2037,99.4455,25.1101,-8.5851,-6.2581,6.7682,12.5967
14.0,41,146.9405,111.4057,43.4525,-5.7734,16.9865,-4.5184,18.501
14.0,42,92.2715,187.8117,28.0222,-30.0874,13.5764,-5.7323,33.5026
14.0,43,91.8974,131.0079,28.7873,-4.5081,3.9089,17.1536,18.1618
14.0,44,44.6909,126.2277,25.9042,-12.8285,19.6954,21.7342,32.0133
14.0,45,106.7943,25.8395,25.728,-15.0968,12.7481,-23.97,31.0643
14.0,46,67.8863,70.7523,14.3948,13.4614,0.9419,7.2629,15.3247
14.0,47,11.1335,117.1754,0.6827,7.8904,-6.846,-23.6783,25.8803
14.0,48,10.8792,91.1979,9.3171,14.0653,-2.0156,-20.3442,24.815
14.0,49,181.3602,14.5732,30.7699,14.291,-16.7334,17.5333,28.1364
14.1,0,51.0153,172.2221,6.0544,8.1731,8.2651,15.3741,19.2737
14.1,1,12.2575,155.6599,38.5293,-1.6503,8.5944,30.6331,31.8587
14.1,2,171.6458,26.7502,10.1684,5.7593,-4.2926,-27.789,28.7024
14.1,3,113.6727,180.2241,21.4271,-0.7815,-10.6253,2.436,10.929
14.1,4,149.9825,153.1306,23.1007,10.3639,-4.9199,11.3845,16.1624
14.1,5,150.0137,154.661,42.8396,13.1861,-12.0998,-22.0611,28.4072
14.1,6,61.9417,66.7248,29.9385,-5.8747,14.1629,-14.0738,20.8128
14.1,7,125.0113,72.3341,33.2582,-5.1275,-5.6264,-6.8413,10.2348
14.1,8,25.2158,26.2358,42.9508,-11.8972,11.3571,3.8033,16.8817
14.1,9,34.7292,189.2855,27.7617,-7.0824,-20.5194,-9.7053,23.7781
14.1,10,129.1171,77.856,1.8485,-17.1921,24.1519,17.0451,34.1968
14.1,11,103.1936,37.8439,37.7067,23.3778,0.1935,8.4367,24.8544
14.1,12,116.0496,49.6092,5.2837,4.0137,2.6887,2.5991,5.4859
14.1,13,171.2289,96.2501,7.5596,2.4518,-18.4631,-18.3559,26.1502
14.1,14,131.3663,69.9074,17.6129,7.223,4.211,9.3271,12.5259
14.1,15,122.7716,186.7495,11.9553,-21.7843,-15.7068,15.2109,30.8648
14.1,16,88.7649,155.1595,37.5685,4.1297,-5.1362,-15.1449,16.5167
14.1,17,48.844,134.0692,38.7902,-0.3612,-6.4536,-8.8863,10.9885
14.1,18,1.1188,85.3947,2.7994,13.2089,7.9876,-11.1437,19.0384
14.1,19,92.5181,127.1381,44.274,0.6496,2.4409,12.4013,12.6559
14.1,20,43.965,112.8663,27.2181,9.1234,-4.8278,-6.2653,12.0746
14.1,21,87.8181,133.6448,12.9841,-1.2666,-0.5614,-22.1546,22.1979
14.1,22,173.5851,6.1641,15.0212,-9.9923,6.7523,-25.2923,28.0204
14.1,23,38.8004,74.497,14.6138,2.8332,-1.0796,-29.8953,30.0486
14.1,24,3.5346,23.4808,5.6649,3.5207,15.759,-5.0879,16.9301
14.1,25,51.1359,105.5355,3.7906,-3.8964,1.4784,5.6294,7.0041
14.1,26,49.6616,58.029,21.123,14.9619,12.1646,-3.0271,19.5192
14.1,27,126.2344,4.2379,42.8785,6.1762,6.1669,15.7578,18.0134
14.1,28,114.0425,9.8542,44.6331,-1.3045,0.9655,-10.788,10.9094
14.1,29,148.4087,97.5381,41.8298,-9.8727,-30.1657,-3.0282,31.8843
14.1,30,122.9822,33.1822,6.2016,-11.2476,17.9986,26.8487,34.2244
14.1,31,79.9987,167.8343,32.0041,-2.0709,-5.1921,3.4188,6.5524
14.1,32,149.1085,129.4336,31.6292,4.3771,-12.1123,25.8408,28.8724
14.1,33,33.4355,61.8393,2.7129,13.2731,-12.8499,-15.8958,24.3715
14.1,34,16.1301,117.5911,47.6875,12.3394,3.5614,0.0343,12.8431
14.1,35,36.1959,2.6887,29.1551,3.0359,-20.2087,12.6894,24.0547
14.1,36,151.0776,187.1814,5.3032,2.694,3.5714,-7.6469,8.8593
14.1,37,104.646,101.4346,13.7896,-1.2371,-3.6704,5.9292,7.0822
14.1,38,13.9979,154.9017,42.7104,-19.986,20.8423,-19.43,34.8047
14.1,39,97.0905,0.5476,2.204,-1.8245,-6.7179,-23.0634,24.0911
14.1,40,32.3943,100.2695,26.0437,1.9058,8.2396,9.3356,12.5967
14.1,41,146.0337,110.2368,44.5634,-9.0682,-11.6893,11.1092,18.501
14.1,42,93.1154,188.661,31.1513,8.4383,8.4929,31.2905,33.5026
14.1,43,92.1893,131.5368,30.5001,2.9185,5.2887,17.1278,18.1618
14.1,44,42.8422,124.609,23.8522,-18.4865,-16.1873,-20.5201,32.0133
14.1,45,105.3396,28.2379,27.0627,-14.5469,23.9842,13.3467,31.0643
14.1,46,67.8851,70.7483,15.9272,-0.0121,-0.0405,15.3246,15.3247
14.1,47,10.4227,115.5282,1.1826,-7.1086,-16.4722,18.6527,25.8803
14.1,48,9.0943,89.487,9.1059,-17.849,-17.1095,-2.1119,24.815
14.1,49,181.2646,13.7955,33.4722,-0.9557,-7.7772,27.0233,28.1364
14.2,0,52.2416,173.1498,4.8924,12.263,9.2774,-11.6199,19.2737
14.2,1,12.7373,155.4276,35.3883,4.798,-2.3226,-31.4095,31.8587
14.2,2,168.8665,26.9574,9.4822,-27.793,2.0722,-6.8617,28.7024
14.2,3,114.1473,179.8465,22.3363,4.746,-3.7758,9.0918,10.929
14.2,4,148.8878,152.0847,23.6664,-10.9468,-10.4587,5.6574,16.1624
14.2,5,148.8633,152.5231,44.3146,-11.5034,-21.3791,14.7505,28.4072
14.2,6,61.9713,66.5212,27.8674,0.296,-2.0353,-20.7109,20.8128
14.2,7,125.4623,72.5365,34.1543,4.5106,2.0242,8.9614,10.2348
14.2,8,24.6959,25.6976,41.4375,-5.1988,-5.3829,-15.1323,16.8817
14.2,9,36.4476,188.3954,26.3801,17.1842,-8.9008,-13.8157,23.7781
14.2,10,132.4031,76.9265,2.0288,32.8597,-9.2955,1.8034,34.1968
14.2,11,103.7251,37.7367,40.1322,5.3153,-1.0722,24.2557,24.8544
14.2,12,116.0477,49.6067,5.8323,-0.0194,-0.0253,5.4858,5.4859
14.2,13,170.1245,95.0243,9.5884,-11.0441,-12.2585,20.2877,26.1502
14.2,14,130.4756,69.6027,18.4393,-8.9068,-3.0473,8.2633,12.5259
14.2,15,120.3725,184.8262,12.2234,-23.9903,-19.2331,2.6808,30.8648
14.2,16,87.6729,154.2315,38.3896,-10.9195,-9.2809,8.2116,16.5167
14.2,17,49.3086,134.196,37.8025,4.6464,1.2682,-9.8767,10.9885
14.2,18,2.3273,86.1496,1.5368,12.0847,7.5495,-12.6264,19.0384
14.2,19,92.4734,127.0965,45.5382,-0.4465,-0.4162,12.6412,12.6559
14.2,20,43.9346,112.9374,28.4231,-0.3034,0.7107,12.0499,12.0746
14.2,21,87.2195,135.4325,11.8123,-5.9861,17.8769,-11.7187,22.1979
14.2,22,174.2548,7.9686,12.9849,6.6973,18.0458,-20.3627,28.0204
14.2,23,39.426,72.6146,12.3568,6.2568,-18.8248,-22.5699,30.0486
14.2,24,5.1834,23.105,5.5845,16.488,-3.7586,-0.8047,16.9301
14.2,25,50.8213,105.2098,3.2562,-3.1459,-3.2569,-5.3436,7.0041
14.2,26,51.3034,57.4428,22.0009,16.4183,-5.8621,8.7793,19.5192
14.2,27,126.5471,3.9582,41.1267,3.1274,-2.7964,-17.5181,18.0134
14.2,28,114.1124,10.1962,43.5995,0.6987,3.4202,-10.3358,10.9094
14.2,29,149.7972,99.541,39.7738,13.8843,20.0286,-20.5595,31.8843
14.2,30,123.5087,35.3211,8.821,5.2648,21.3881,26.1943,34.2244
14.2,31,80.4569,168.1508,31.6588,4.5816,3.1648,-3.4536,6.5524
14.2,32,146.6145,128.0031,31.3649,-24.9401,-14.3045,-2.6434,28.8724
14.2,33,32.9979,63.9423,3.8643,-4.3758,21.0299,11.5138,24.3715
14.2,34,16.8063,117.1792,48.6987,6.7621,-4.1195,10.1118,12.8431
14.2,35,34.6998,1.3961,27.785,-14.9609,-12.9261,-13.7009,24.0547
14.2,36,150.6564,187.6931,5.8911,-4.2121,5.117,5.879,8.8593
14.2,37,105.1976,101.3812,13.3486,5.5162,-0.534,-4.4095,7.0822
14.2,38,16.9918,153.995,44.2364,29.9382,-9.0674,15.2595,34.8047
14.2,39,97.5162,1.7945,1.8337,4.257,23.4211,-3.7029,24.0911
14.2,40,32.4688,99.9915,27.2701,0.7452,-2.7798,12.2635,12.5967
14.2,41,146.1367,110.222,46.4106,1.0296,-0.1481,18.4718,18.501
14.2,42,91.3531,187.3729,33.6928,-17.6226,-12.8809,25.4156,33.5026
14.2,43,92.5368,131.2105,32.2526,3.4753,-3.2627,17.525,18.1618
14.2,44,44.0645,125.1363,20.9408,12.2226,5.2735,-29.1145,32.0133
14.2,45,102.7488,27.3224,28.5116,-25.9079,-9.1554,14.4896,31.0643
14.2,46,66.9908,70.7341,14.6828,-8.9428,-0.1414,-12.444,15.3247
14.2,47,12.3457,115.9927,0.486,19.23,4.6453,16.6859,25.8803
14.2,48,11.2092,90.773,9.2837,21.1483,12.8597,1.7777,24.815
14.2,49,183.2845,14.0744,35.411,20.1982,2.7891,19.3883,28.1364
14.3,0,51.9144,171.343,5.4782,-3.2712,-18.0681,5.858,19.2737
14.3,1,13.4673,154.645,32.3876,7.2995,-7.8263,-30.0073,31.8587
14.3,2,166.2466,25.9339,8.911,-26.1998,-10.2354,-5.7126,28.7024
14.3,3,115.0657,179.3883,22.7118,9.1839,-4.5823,3.7551,10.929
14.3,4,149.2011,151.8185,22.1033,3.1328,-2.6624,-15.6307,16.1624
14.3,5,149.4315,151.7313,41.6463,5.6813,-7.9179,-26.6833,28.4072
14.3,6,61.9768,66.5635,29.9483,0.0547,0.4227,20.8084,20.8128
14.3,7,124.5949,72.3628,33.6395,-8.6737,-1.7365,-5.148,10.2348
14.3,8,24.566,24.1997,40.6699,-1.2986,-14.979,-7.6768,16.8817
14.3,9,38.1181,188.1427,24.7068,16.7041,-2.5272,-16.7327,23.7781
14.3,10,135.461,77.1507,3.5431,30.5792,2.2419,15.1428,34.1968
14.3,11,102.5716,39.9282,39.9223,-11.5355,21.9149,-2.0998,24.8544
14.3,12,115.8637,49.8874,6.2662,-1.8401,2.8071,4.3392,5.4859
14.3,13,169.498,97.5611,9.691,-6.265,25.3679,1.0262,26.1502
14.3,14,130.5005,69.5474,17.1881,0.2493,-0.5528,-12.5113,12.5259
14.3,15,123.3317,185.6874,12.0556,29.5916,8.6115,-1.6779,30.8648
14.3,16,87.4921,154.4516,36.7627,-1.8084,2.2018,-16.2691,16.5167
14.3,17,49.173,133.6435,38.7426,-1.3563,-5.5247,9.4013,10.9885
14.3,18,1.7729,86.5176,0.247,-5.5443,3.68,17.8376,19.0384
14.3,19,92.9658,127.7236,44.5553,4.924,6.2715,-9.8283,12.6559
14.3,20,43.0157,112.1689,28.2716,-9.1892,-7.6852,-1.5147,12.0746
14.3,21,85.9549,135.2516,9.9969,-12.6457,-1.8087,-18.1538,22.1979
14.3,22,177.0176,7.652,13.3293,27.6271,-3.1663,3.4438,28.0204
14.3,23,39.3984,69.6327,11.9867,-0.2761,-29.8186,-3.7007,30.0486
14.3,24,5.434,23.0831,7.2587,2.5064,-0.2182,16.7421,16.9301
14.3,25,50.8961,105.3866,2.5826,0.7474,1.7682,-6.7359,7.0041
14.3,26,51.4414,55.5523,22.4669,1.3797,-18.9046,4.6599,19.5192
14.3,27,125.2329,3.5162,42.2767,-13.1418,-4.4201,11.4996,18.0134
14.3,28,114.013,9.7822,42.5951,-0.9937,-4.1403,-10.0441,10.9094
14.3,29,146.9573,100.1281,41.0993,-28.3983,5.8714,13.2542,31.8843
14.3,30,123.8402,36.6975,11.9368,3.3147,13.7649,31.1585,34.2244
14.3,31,80.8458,168.2657,32.1734,3.8893,1.1495,5.1464,6.5524
14.3,32,146.9221,127.5067,34.1924,3.0759,-4.9641,28.2756,28.8724
14.3,33,33.7405,62.2206,5.4212,7.4258,-17.2168,15.5695,24.3715
14.3,34,17.4402,118.2142,48.2788,6.3392,10.3504,-4.1988,12.8431
14.3,35,34.3357,0.9256,30.1158,-3.6409,-4.7049,23.3074,24.0547
14.3,36,150.612,187.1186,5.2181,-0.4436,-5.7441,-6.7302,8.8593
14.3,37,104.5581,101.1389,13.5327,-6.3954,-2.4223,1.8409,7.0822
14.3,38,16.0336,156.1266,46.8155,-9.5811,21.3165,25.791,34.8047
14.3,39,98.2059,1.1545,4.0515,6.897,-6.4,22.1777,24.0911
14.3,40,32.2645,99.7368,28.4867,-2.0424,-2.5474,12.1662,12.5967
14.3,41,146.0459,109.7424,44.626,-0.908,-4.7954,-17.8457,18.501
14.3,42,89.8874,185.2981,35.8771,-14.6572,-20.7481,21.8429,33.5026
14.3,43,92.3419,130.1418,30.7972,-1.9492,-10.6875,-14.5543,18.1618
14.3,44,45.3187,126.7546,23.4018,12.542,16.1831,24.6102,32.0133
14.3,45,104.9671,26.1496,30.343,22.1823,-11.7281,18.3135,31.0643
14.3,46,66.8063,71.5399,13.3924,-1.8443,8.0579,-12.9041,15.3247
14.3,47,13.017,114.8823,2.7252,6.7136,-11.1037,22.3925,25.8803
14.3,48,13.1404,89.2433,8.9865,19.3123,-15.2967,-2.9717,24.815
14.3,49,181.6637,11.8072,35.7975,-16.2076,-22.6724,3.8643,28.1364
14.4,0,52.9862,171.1484,3.8882,10.7173,-1.9466,-15.9004,19.2737
14.4,1,12.1287,152.6313,30.3132,-13.3863,-20.1368,-20.7435,31.8587
14.4,2,164.0271,24.5533,7.7251,-22.1945,-13.8056,-11.859,28.7024
14.4,3,115.4663,179.4306,23.7278,4.0057,0.4235,10.1596,10.929
14.4,4,149.3157,152.1654,23.6777,1.1461,3.4691,15.744,16.1624
14.4,5,151.0613,152.0059,43.9567,16.2982,2.746,23.1041,28.4072
14.4,6,61.1841,67.9368,28.6001,-7.9263,13.7329,-13.4816,20.8128
14.4,7,124.396,72.6575,34.5992,-1.9894,2.9469,9.5973,10.2348
14.4,8,24.3951,24.1667,38.9907,-1.7092,-0.3297,-16.7917,16.8817
14.4,9,37.2652,185.9978,24.1358,-8.5284,-21.4489,-5.7103,23.7781
14.4,10,136.8226,80.0134,2.2606,13.6154,28.6279,-12.8252,34.1968
14.4,11,100.5883,38.4556,40.1969,-19.8325,-14.7265,2.746,24.8544
14.4,12,116.3307,49.619,6.3701,4.6702,-2.6842,1.0388,5.4859
14.4,13,170.1734,99.1221,7.7047,6.7541,15.6099,-19.8632,26.1502
14.4,14,130.0946,68.9159,16.1854,-4.0586,-6.3151,-10.0273,12.5259
14.4,15,125.045,186.192,14.5728,17.1332,5.0465,25.1718,30.8648
14.4,16,87.1079,154.3755,35.1582,-3.8413,-0.7615,-16.0457,16.5167
14.4,17,49.1146,132.5465,38.7194,-0.5837,-10.9705,-0.2318,10.9885
14.4,18,2.8265,86.7465,1.3221,10.5368,2.2887,15.6907,19.0384
14.4,19,92.4301,128.6471,43.8757,-5.3575,9.235,-6.7959,12.6559
14.4,20,43.681,111.5279,27.494,6.6524,-6.4097,-7.7755,12.0746
14.4,21,86.2251,136.991,11.3493,2.7012,17.3942,13.5236,22.1979
14.4,22,176.5468,4.9169,12.9434,-4.7073,-27.3513,-3.8591,28.0204
14.4,23,37.5497,68.059,10.2163,-18.4877,-15.7375,-17.7047,30.0486
14.4,24,5.8756,23.816,8.7196,4.416,7.3285,14.6089,16.9301
14.4,25,50.8863,105.2004,1.9075,-0.0971,-1.8625,-6.7512,7.0041
14.4,26,50.1604,55.2906,23.9162,-12.8101,-2.6177,14.4931,19.5192
14.4,27,126.1988,4.3362,40.9962,9.6586,8.1996,-12.8048,18.0134
14.4,28,114.277,9.6953,43.6501,2.6393,-0.8691,10.5495,10.9094
14.4,29,146.9017,100.1309,37.9113,-0.5561,0.0281,-31.8795,31.8843
14.4,30,123.7361,33.3308,12.5429,-1.0409,-33.6675,6.0603,34.2244
14.4,31,80.9683,168.8607,32.4189,1.2244,5.9503,2.4554,6.5524
14.4,32,148.7464,129.6341,34.8867,18.2433,21.2743,6.9428,28.8724
14.4,33,33.6675,60.8846,7.4583,-0.7304,-13.3596,20.3705,24.3715
14.4,34,17.236,117.8208,47.0734,-2.0414,-3.9344,-12.054,12.8431
14.4,35,33.9854,3.2204,29.4851,-3.5027,22.9474,-6.3068,24.0547
14.4,36,150.6035,186.751,6.0241,-0.0859,-3.6767,8.0599,8.8593
14.4,37,104.3157,101.1313,14.1981,-2.4243,-0.0761,6.6539,7.0822
14.4,38,14.0128,158.9602,46.7974,-20.2084,28.3364,-0.181,34.8047
14.4,39,98.7502,1.1514,4.4878,5.4429,23.0591,4.363,24.0911
14.4,40,31.6326,99.1669,29.4154,-6.3197,-5.6987,9.2878,12.5967
14.4,41,144.8661,109.6885,46.0501,-11.7981,-0.5392,14.2408,18.501
14.4,42,90.0543,184.1564,39.0224,1.6693,-11.417,31.453,33.5026
14.4,43,91.52,129.904,32.3992,-8.2188,-2.3782,16.0201,18.1618
14.4,44,48.1777,125.5921,22.5514,28.5902,-11.6253,-8.5034,32.0133
14.4,45,106.1153,23.63,31.7511,11.4826,-25.1963,14.0814,31.0643
14.4,46,65.8444,72.7301,13.3118,-9.6199,11.9018,-0.8067,15.3247
14.4,47,12.1024,115.0873,0.3129,-9.1461,2.0493,-24.1234,25.8803
14.4,48,14.4119,88.894,11.0887,12.7147,-3.4927,21.0219,24.815
14.4,49,183.7764,10.1728,36.6817,21.1266,-16.344,8.8427,28.1364
14.5,0,54.703,171.8033,4.4698,17.1683,6.5497,5.816,19.2737
14.5,1,11.1105,150.5738,32.5222,-10.1814,-20.5757,22.0896,31.8587
14.5,2,163.532,26.8993,9.3029,-4.9507,23.4597,15.7785,28.7024
14.5,3,116.2222,179.7821,23.0211,7.5596,3.5147,-7.0669,10.929
14.5,4,148.7563,151.7224,25.1279,-5.5944,-4.4296,14.5018,16.1624
14.5,5,150.7637,149.3553,44.9342,-2.9754,-26.5058,9.7754,28.4072
14.5,6,59.2479,67.7257,29.3337,-19.3621,-2.111,7.3364,20.8128
14.5,7,125.0301,72.68,33.7962,6.3411,0.2251,-8.0306,10.2348
14.5,8,23.3641,23.6259,37.7681,-10.3095,-5.4075,-12.2256,16.8817
14.5,9,39.6335,186.0962,23.9474,23.6829,0.984,-1.8842,23.7781
14.5,10,138.9023,78.9768,0.2482,20.7978,-10.3663,25.088,34.1968
14.5,11,100.3643,40.5074,41.5814,-2.2399,20.5187,13.8458,24.8544
14.5,12,116.6424,49.2912,6.0597,3.1171,-3.2776,-3.1041,5.4859
14.5,13,171.3712,99.2134,5.3819,11.9773,0.9131,-23.2282,26.1502
14.5,14,130.5651,69.2453,15.0722,4.7046,3.294,-11.1317,12.5259
14.5,15,123.8995,186.553,11.7296,-11.4553,3.6103,-28.432,30.8648
14.5,16,87.1956,152.7557,34.8474,0.8769,-16.198,-3.1077,16.5167
14.5,17,49.1245,132.5428,37.6207,0.0982,-0.0371,-10.9879,10.9885
14.5,18,0.9561,86.4971,1.5748,-18.7045,-2.4938,2.5268,19.0384
14.5,19,91.8026,129.4512,43.1264,-6.2744,8.0407,-7.4935,12.6559
14.5,20,44.8257,111.857,27.6922,11.4472,3.291,1.9817,12.0746
14.5,21,85.8383,136.7665,13.5235,-3.8679,-2.2453,21.7426,22.1979
14.5,22,175.7298,5.6837,15.5116,-8.1703,7.6682,25.6824,28.0204
14.5,23,40.0054,66.4817,10.9308,24.5575,-15.7729,7.1459,30.0486
14.5,24,4.2512,24.0206,8.2886,-16.244,2.046,-4.3097,16.9301
14.5,25,50.9415,104.6343,2.3163,0.5511,-5.6608,4.0877,7.0041
14.5,26,50.4304,54.9099,25.8115,2.7009,-3.8067,18.953,19.5192
14.5,27,127.6667,5.3786,40.9371,14.679,10.4241,-0.5914,18.0134
14.5,28,113.965,9.8169,42.6118,-3.12,1.2161,-10.3827,10.9094
14.5,29,148.5803,98.8071,40.2769,16.7857,-13.2383,23.6559,31.8843
14.5,30,123.6359,33.3823,9.1223,-1.002,0.5149,-34.2059,34.2244
14.5,31,80.5632,168.685,32.9031,-4.0505,-1.7575,4.8414,6.5524
14.5,32,149.2781,129.0896,32.1016,5.3175,-5.4458,-27.8511,28.8724
14.5,33,33.7549,61.681,5.1566,0.8744,7.9635,-23.0171,24.3715
14.5,34,17.8774,117.3206,48.0674,6.4135,-5.0018,9.9395,12.8431
14.5,35,32.3964,4.4208,30.8342,-15.8906,12.0048,13.4908,24.0547
14.5,36,149.8786,186.2713,6.1953,-7.249,-4.7966,1.7121,8.8593
14.5,37,104.1375,101.4651,14.7968,-1.7819,3.338,5.9867,7.0822
14.5,38,12.4687,158.6946,49.9052,-15.4406,-2.6568,31.0788,34.8047
14.5,39,101.0243,1.8791,4.1672,22.7411,7.2764,-3.2061,24.0911
14.5,40,31.646,99.1727,30.675,0.1343,0.0584,12.5958,12.5967
14.5,41,143.4318,110.5401,45.2496,-14.3422,8.5157,-8.0044,18.501
14.5,42,89.1797,185.6363,36.1468,-8.7463,14.7993,-28.756,33.5026
14.5,43,90.889,129.3421,34.0069,-6.3099,-5.619,16.0767,18.1618
14.5,44,51.1799,126.3211,21.7122,30.0215,7.2894,-8.3921,32.0133
14.5,45,106.7055,24.6671,34.6192,5.9013,10.3715,28.6809,31.0643
14.5,46,65.9179,73.0134,11.8075,0.7351,2.8329,-15.0426,15.3247
14.5,47,11.2788,115.4104,2.1192,-8.2358,3.2314,24.3211,25.8803
14.5,48,14.4181,89.2071,8.627,0.0623,3.1306,-24.6166,24.815
14.5,49,185.5086,12.2051,37.5681,17.322,20.3234,8.8635,28.1364
14.6,0,55.3555,170.6487,5.8682,6.5252,-11.5468,13.9846,19.2737
14.6,1,9.0272,152.0348,34.4393,-20.8328,14.6101,19.1707,31.8587
14.6,2,165.9266,28.4336,8.9156,23.9457,15.3436,-3.8734,28.7024
14.6,3,115.5718,180.4451,22.445,-6.5038,6.6302,-5.7606,10.929
14.6,4,148.0491,152.7213,26.1835,-7.0718,9.9892,10.556,16.1624
14.6,5,149.1485,147.3138,43.7972,-16.1522,-20.4155,-11.3704,28.4072
14.6,6,58.6365,66.8598,27.5426,-6.1137,-8.6586,-17.9115,20.8128
14.6,7,125.7206,73.202,33.2501,6.9052,5.2202,-5.4606,10.2348
14.6,8,22.8056,23.9322,39.3315,-5.5856,3.0626,15.6337,16.8817
14.6,9,38.4781,184.6537,22.4513,-11.5542,-14.4247,-14.9608,23.7781
14.6,10,138.7743,81.2744,2.2814,-1.2806,22.9761,25.2958,34.1968
14.6,11,99.5204,41.065,39.3112,-8.4398,5.5758,-22.7028,24.8544
14.6,12,116.5709,49.2292,5.5193,-0.7149,-0.6199,-5.4036,5.4859
14.6,13,171.2144,99.323,7.9899,-1.5678,1.0964,26.0802,26.1502
14.6,14,131.786,69.4851,15.2166,12.2093,2.3976,1.444,12.5259
14.6,15,124.2963,188.8363,13.7682,3.9678,22.8326,20.3854,30.8648
14.6,16,87.3719,151.6895,36.0965,1.763,-10.6617,12.4908,16.5167
14.6,17,49.1337,133.5254,37.1289,0.0924,9.8264,-4.9173,10.9885
14.6,18,1.4201,85.473,3.1112,4.6404,-10.2411,15.3638,19.0384
14.6,19,91.6532,129.4827,44.3827,-1.4947,0.3154,12.5634,12.6559
14.6,20,43.9627,112.0052,28.5236,-8.6297,1.4826,8.3143,12.0746
14.6,21,86.0628,135.0344,14.8936,2.2452,-17.3205,13.7005,22.1979
14.6,22,173.6949,7.5168,14.9196,-20.3485,18.3311,-5.9204,28.0204
14.6,23,40.1093,67.9146,13.57,1.0389,14.3291,26.3916,30.0486
14.6,24,4.6197,24.3065,6.6611,3.6846,2.8593,-16.275,16.9301
14.6,25,50.7079,104.197,2.811,-2.336,-4.3727,4.9477,7.0041
14.6,26,48.6906,55.2424,24.9915,-17.3983,3.3254,-8.2001,19.5192
14.6,27,128.3095,3.7372,41.3077,6.4281,-16.4141,3.7069,18.0134
14.6,28,113.6177,9.9115,43.6416,-3.4731,0.946,10.2984,10.9094
14.6,29,145.9857,100.3457,41.3099,-25.9457,15.3859,10.3297,31.8843
14.6,30,123.5529,33.6442,5.7109,-0.8302,2.6191,-34.114,34.2244
14.6,31,80.7199,169.1613,33.3249,1.5667,4.7634,4.2178,6.5524
14.6,32,149.5873,128.5309,34.9174,3.0912,-5.5864,28.1576,28.8724
14.6,33,35.5717,62.9192,6.2082,18.1677,12.3821,10.5161,24.3715
14.6,34,18.3198,117.0081,49.2319,4.4241,-3.1248,11.6451,12.8431
14.6,35,33.6334,4.632,32.8864,12.3705,2.1117,20.5217,24.0547
14.6,36,149.5083,186.2192,6.9984,-3.703,-0.5211,8.0314,8.8593
14.6,37,104.721,101.6891,14.4636,5.8346,2.2395,-3.3316,7.0822
14.6,38,13.1104,155.2854,49.623,6.4161,-34.0916,-2.8219,34.8047
14.6,39,101.2895,2.9538,6.3069,2.6519,10.7472,21.3973,24.0911
14.6,40,31.3257,99.0319,31.8851,-3.2033,-1.4083,12.1009,12.5967
14.6,41,144.1445,110.1273,43.5929,7.1263,-4.1275,-16.5671,18.501
14.6,42,88.1097,184.1779,33.3268,-10.6996,-14.5835,-28.2005,33.5026
14.6,43,91.5898,130.7915,33.1663,7.0081,14.4939,-8.406,18.1618
14.6,44,51.7913,124.2965,24.1156,6.1139,-20.2453,24.0334,32.0133
14.6,45,105.596,25.0945,37.4891,-11.0948,4.2739,28.6989,31.0643
14.6,46,67.3968,73.1361,12.1897,14.7895,1.2273,3.8223,15.3247
14.6,47,10.3803,115.4853,0.3067,-8.985,0.7489,24.259,25.8803
14.6,48,15.1927,87.3365,7.1922,7.746,-18.7057,-14.3485,24.815
14.6,49,184.4032,12.7256,40.1026,-11.0533,5.2049,25.3454,28.1364
14.7,0,54.8468,171.372,7.5808,-5.0873,7.2332,17.1253,19.2737
14.7,1,10.2071,152.9242,37.2618,11.7984,8.8941,28.2253,31.8587
14.7,2,165.0056,31.1477,9.0704,-9.2101,27.1404,1.5486,28.7024
14.7,3,115.9453,179.4417,22.6643,3.7346,-10.0343,2.1927,10.929
14.7,4,147.355,152.7498,27.6428,-6.9409,0.2845,14.5933,16.1624
14.7,5,149.6837,148.3104,46.4029,5.3516,9.9666,26.0576,28.4072
14.7,6,58.1721,67.9785,29.2351,-4.6447,11.1869,16.9249,20.8128
14.7,7,126.2496,73.0432,34.1118,5.2896,-1.588,8.6168,10.2348
14.7,8,22.2384,24.1906,40.9004,-5.6718,2.5842,15.6889,16.8817
14.7,9,37.7015,184.9522,20.2238,-7.7659,2.9848,-22.2751,23.7781
14.7,10,140.33,83.5049,0.2079,15.5567,22.3043,-20.7347,34.1968
14.7,11,99.4577,41.2405,41.7896,-0.6263,1.755,24.7844,24.8544
14.7,12,116.7857,48.7303,5.5962,2.1473,-4.9892,0.7691,5.4859
14.7,13,171.5248,97.9819,5.7666,3.104,-13.4113,-22.2337,26.1502
14.7,14,130.635,69.9789,15.2286,-11.5107,4.9384,0.1202,12.5259
14.7,15,126.4693,187.1211,15.1328,21.7301,-17.1523,13.6469,30.8648
14.7,16,86.7523,152.2695,37.5134,-6.1962,5.7997,14.1694,16.5167
14.7,17,49.5361,133.0651,38.042,4.024,-4.6033,9.1304,10.9885
14.7,18,1.7077,85.5308,1.2301,2.8759,0.578,-18.8111,19.0384
14.7,19,90.9349,130.5084,44.1986,-7.1824,10.2565,-1.8413,12.6559
14.7,20,44.0105,111.9437,27.3187,0.4782,-0.6159,-12.0494,12.0746
14.7,21,86.6846,134.5905,16.9777,6.2177,-4.4397,20.8416,22.1979
14.7,22,173.7537,6.0622,12.5254,0.5875,-14.5466,-23.9415,28.0204
14.7,23,38.7696,65.4826,14.7188,-13.3968,-24.3201,11.4882,30.0486
14.7,24,5.2804,22.7929,7.0336,6.607,-15.136,3.7253,16.9301
14.7,25,50.5375,103.5732,3.0802,-1.7041,-6.2379,2.6911,7.0041
14.7,26,48.6399,57.1551,25.3778,-0.5074,19.1264,3.8631,19.5192
14.7,27,126.9372,4.0327,42.4366,-13.7227,2.9556,11.2888,18.0134
14.7,28,113.0822,9.0594,44.0626,-5.355,-8.5214,4.21,10.9094
14.7,29,145.2257,99.8779,38.2489,-7.6004,-4.6774,-30.6099,31.8843
14.7,30,125.8997,31.5777,4.3198,23.4687,-20.6648,-13.9104,34.2244
14.7,31,80.0804,169.2674,33.4204,-6.395,1.0605,0.9557,6.5524
14.7,32,150.6639,130.7458,33.4103,10.7667,22.1489,-15.0705,28.8724
14.7,33,35.9395,64.5446,7.9865,3.678,16.254,17.7834,24.3715
14.7,34,18.9327,116.1191,48.5366,6.1286,-8.8904,-6.9531,12.8431
14.7,35,34.8646,4.6995,34.9518,12.3118,0.6753,20.6541,24.0547
14.7,36,149.7764,185.9305,6.205,2.6819,-2.8874,-7.9345,8.8593
14.7,37,105.162,101.8497,14.994,4.4103,1.6062,5.3035,7.0822
14.7,38,11.6363,156.4792,46.7049,-14.7404,11.9378,-29.1818,34.8047
14.7,39,102.0336,0.6723,6.5187,7.441,-22.8151,2.1176,24.0911
14.7,40,30.4354,99.6158,31.2119,-8.9029,5.8389,-6.7321,12.5967
14.7,41,144.8824,108.6174,44.3666,7.379,-15.0989,7.7369,18.501
14.7,42,89.787,185.4014,30.6973,16.7732,12.2346,-26.2945,33.5026
14.7,43,90.5041,130.7126,34.62,-10.8574,-0.7888,14.5377,18.1618
14.7,44,49.0842,122.753,24.8491,-27.0706,-15.4349,7.3348,32.0133
14.7,45,105.9178,24.8313,40.5676,3.2176,-2.6324,30.7848,31.0643
14.7,46,68.3998,73.8051,13.1357,10.03,6.6901,9.4598,15.3247
14.7,47,9.09,117.5587,1.1634,-12.9037,20.7337,8.5671,25.8803
14.7,48,14.5084,86.268,9.3248,-6.8425,-10.6851,21.3258,24.815
14.7,49,186.1803,12.5003,37.9329,17.7709,-2.2529,-21.6973,28.1364
14.8,0,54.704,171.2145,5.6652,-1.428,-1.5742,-19.1561,19.2737
14.8,1,10.0595,153.0456,40.4419,-1.4755,1.2143,31.8013,31.8587
14.8,2,164.9504,29.734,11.5678,-0.5518,-14.137,24.9733,28.7024
14.8,3,116.6188,179.5461,21.8099,6.7349,1.0437,-8.5437,10.929
14.8,4,145.9731,153.4245,28.1401,-13.8193,6.7472,4.9726,16.1624
14.8,5,148.7097,146.9392,48.6922,-9.7404,-13.7125,22.8924,28.4072
14.8,6,56.4706,68.4081,28.116,-17.0143,4.2957,-11.1907,20.8128
14.8,7,126.3189,73.958,33.6579,0.6926,9.1472,-4.5387,10.2348
14.8,8,20.7257,24.5353,41.5658,-15.1272,3.4463,6.6545,16.8817
14.8,9,38.3232,184.0936,18.0954,6.2174,-8.5865,-21.2841,23.7781
14.8,10,140.6624,84.7005,2.9787,3.3243,11.9562,31.8656,34.1968
14.8,11,98.2783,42.542,40.0311,-11.794,13.0152,-17.5854,24.8544
14.8,12,117.1833,48.7061,5.9733,3.9768,-0.2418,3.7711,5.4859
14.8,13,173.564,96.7378,4.7024,20.392,-12.4404,-10.6413,26.1502
14.8,14,131.8588,70.2442,15.2576,12.2385,2.6524,0.2895,12.5259
14.8,15,124.7232,186.7842,12.6102,-17.4612,-3.3687,-25.2269,30.8648
14.8,16,87.6195,152.6474,36.1594,8.6714,3.7792,-13.5398,16.5167
14.8,17,50.4048,132.6149,38.5422,8.6866,-4.5016,5.0025,10.9885
14.8,18,1.1144,85.7591,0.5645,-5.9335,2.2829,17.9456,19.0384
14.8,19,89.9817,131.0447,44.8354,-9.5319,5.3628,6.3684,12.6559
14.8,20,43.8454,113.0809,26.9481,-1.6511,11.3726,-3.7059,12.0746
14.8,21,84.9539,133.7917,18.1153,-17.307,-7.9877,11.3758,22.1979
14.8,22,175.3539,8.1251,11.5081,16.0022,20.6295,-10.1733,28.0204
14.8,23,39.1927,64.1509,17.379,4.2305,-13.317,26.6023,30.0486
14.8,24,4.9868,22.8092,5.3663,-2.9354,0.1623,-16.6729,16.9301
14.8,25,50.3268,103.4798,3.7416,-2.1062,-0.9345,6.6143,7.0041
14.8,26,49.4277,55.9274,24.0809,7.8784,-12.2767,-12.9698,19.5192
14.8,27,127.0324,4.2531,40.6513,0.9512,2.2038,-17.8528,18.0134
14.8,28,113.5668,10.0134,44.2751,4.8469,9.5397,2.1251,10.9094
14.8,29,143.4104,100.864,35.8202,-18.1526,9.8608,-24.287,31.8843
14.8,30,126.6637,28.2704,3.8824,7.6392,-33.0729,-4.3745,34.2244
14.8,31,80.4361,169.4045,33.9533,3.5577,1.3711,5.3289,6.5524
14.8,32,151.1563,129.0576,35.7003,4.9241,-16.8815,22.8994,28.8724
14.8,33,33.6225,64.5336,8.7425,-23.1693,-0.1101,7.5593,24.3715
14.8,34,18.8501,116.0853,49.8178,-0.8258,-0.3376,12.8121,12.8431
14.8,35,32.6676,3.7589,34.6784,-21.9698,-9.4067,-2.7334,24.0547
14.8,36,149.8791,185.9683,5.3258,1.0261,0.3779,-8.7916,8.8593
14.8,37,105.1625,102.2303,15.5912,0.0055,3.8056,5.9728,7.0822
14.8,38,11.7105,154.251,44.0322,0.7419,-22.2818,-26.7271,34.8047
14.8,39,100.9545,1.3357,4.4695,-10.7911,6.6344,-20.4919,24.0911
14.8,40,30.1802,99.5138,29.9826,-2.552,-1.02,-12.2932,12.5967
14.8,41,146.3744,108.0789,43.4144,14.9199,-5.3854,-9.5226,18.501
14.8,42,92.5298,186.2221,28.9572,27.4278,8.2067,-17.401,33.5026
14.8,43,89.0988,131.1723,33.5653,-14.0527,4.5972,-10.5469,18.1618
14.8,44,47.1116,125.099,25.773,-19.7262,23.4599,9.2394,32.0133
14.8,45,107.6327,26.1867,42.7748,17.1493,13.5543,22.0719,31.0643
14.8,46,68.6834,73.7145,14.639,2.8359,-0.9058,15.0327,15.3247
14.8,47,9.8216,117.3779,1.3125,7.3161,-1.8071,24.7588,25.8803
14.8,48,14.083,87.314,7.1151,-4.255,10.46,-22.0968,24.815
14.8,49,188.7326,11.6124,38.7165,25.5227,-8.879,7.8364,28.1364
14.9,0,55.8012,171.9923,7.0457,10.9723,7.7771,13.8058,19.2737
14.9,1,9.0421,154.1187,37.62,-10.1742,10.7306,-28.219,31.8587
14.9,2,164.1235,28.9117,14.1904,-8.269,-8.2226,26.2267,28.7024
14.9,3,116.7618,178.8103,21.0145,1.4297,-7.3577,-7.9538,10.929
14.9,4,146.1309,154.1888,26.7248,1.5779,7.6434,-14.1531,16.1624
14.9,5,148.4004,146.3931,45.9217,-3.0926,-5.4606,-27.7054,28.4072
14.9,6,55.4732,67.1075,29.3987,-9.9749,-13.0057,12.8267,20.8128
14.9,7,126.678,73.5216,32.8046,3.5918,-4.3632,-8.533,10.2348
14.9,8,20.3427,25.4398,40.1929,-3.8299,9.045,-13.7299,16.8817
14.9,9,38.3239,182.8851,16.0476,0.007,-12.0845,-20.4783,23.7781
14.9,10,140.6976,81.898,1.0193,0.3522,-28.0249,-19.5934,34.1968
14.9,11,98.3093,42.9974,42.4742,0.3096,4.5538,24.4317,24.8544
14.9,12,116.7865,48.328,5.9503,-3.9681,-3.781,-0.2305,5.4859
14.9,13,172.6981,95.0341,2.9176,-8.6593,-17.0378,-17.8484,26.1502
14.9,14,131.7611,70.8756,14.1802,-0.9769,6.3143,-10.7738,12.5259
14.9,15,124.5483,186.8388,9.5291,-1.7483,0.5463,-30.8104,30.8648
14.9,16,86.235,153.2385,35.4797,-13.8442,5.9108,-6.7972,16.5167
14.9,17,50.4596,132.2466,37.5084,0.5481,-3.6836,-10.3381,10.9885
14.9,18,1.2757,85.7598,1.3325,1.6137,0.007,18.9699,19.0384
14.9,19,89.5794,131.0421,43.6355,-4.0233,-0.026,-11.9994,12.6559
14.9,20,44.253,114.0121,26.2964,4.0755,9.312,-6.5172,12.0746
14.9,21,84.0088,132.5438,19.6892,-9.4504,-12.479,15.7388,22.1979
14.9,22,175.1059,7.5949,8.7679,-2.4799,-5.302,-27.4022,28.0204
14.9,23,36.649,64.1329,18.9786,-25.4371,-0.18,15.995,30.0486
14.9,24,3.4683,22.3986,5.9923,-15.1852,-4.106,6.2592,16.9301
14.9,25,50.226,103.7126,4.3944,-1.0087,2.3285,6.5283,7.0041
14.9,26,49.0145,56.9106,22.446,-4.132,9.8315,-16.3484,19.5192
14.9,27,126.9991,3.1687,42.0893,-0.3328,-10.8436,14.3802,18.0134
14.9,28,113.8709,10.3442,45.2692,3.0402,3.3089,9.9409,10.9094
14.9,29,143.4421,100.6308,38.9999,0.317,-2.3319,31.7974,31.8843
14.9,30,125.5753,26.6686,6.7042,-10.8839,-16.018,28.2184,34.2244
14.9,31,80.6219,169.2396,33.347,1.8579,-1.6489,-6.0633,6.5524
14.9,32,151.1259,129.534,38.5478,-0.3041,4.764,28.475,28.8724
14.9,33,32.2855,64.4816,10.7794,-13.3709,-0.5194,20.3695,24.3715
14.9,34,19.6209,116.278,48.8088,7.7083,1.9271,-10.0903,12.8431
14.9,35,33.6849,3.1355,32.5897,10.1732,-6.2335,-20.8873,24.0547
14.9,36,149.7996,185.8114,6.1941,-0.7943,-1.5683,8.6831,8.8593
14.9,37,104.9241,101.9981,14.9661,-2.3842,-2.3214,-6.2517,7.0822
14.9,38,11.467,152.0214,46.6936,-2.4347,-22.2959,26.6145,34.8047
14.9,39,100.4616,3.5856,3.763,-4.9294,22.4982,-7.065,24.0911
14.9,40,29.4167,98.9303,30.7971,-7.6348,-5.835,8.1449,12.5967
14.9,41,146.54,107.5791,41.6407,1.6559,-4.9977,-17.7361,18.501
14.9,42,94.6779,187.5909,31.1335,21.4811,13.6881,21.7629,33.5026
14.9,43,90.8533,130.7079,33.6333,17.5448,-4.644,0.6795,18.1618
14.9,44,47.8784,124.4798,28.8188,7.6685,-6.1923,30.4582,32.0133
14.9,45,109.3192,25.7876,40.1968,16.8655,-3.9909,-25.7802,31.0643
14.9,46,68.8684,73.2326,13.1961,1.8503,-4.8188,-14.4292,15.3247
14.9,47,9.4104,118.8166,0.7992,-4.1121,14.3862,21.1167,25.8803
14.9,48,13.5545,87.0167,4.7088,-5.2848,-2.9729,-24.0627,24.815
14.9,49,188.8603,11.7326,41.5247,1.277,1.2016,28.0817,28.1364
