timestamp,uav_id,d_to_sink,link_up
0.0,0,161.8837,1
0.0,1,208.3569,0
0.0,2,153.9398,1
0.0,3,67.3669,1
0.0,4,76.277,1
0.0,5,72.1346,1
0.0,6,154.7858,1
0.0,7,169.3759,1
0.0,8,249.7742,0
0.0,9,178.6677,1
0.0,10,128.9578,1
0.0,11,192.5388,1
0.0,12,164.349,1
0.0,13,99.1274,1
0.0,14,180.1468,1
0.0,15,93.9983,1
0.0,16,101.8644,1
0.0,17,150.8808,1
0.0,18,224.8486,0
0.0,19,136.968,1
0.0,20,178.0544,1
0.0,21,137.4714,1
0.0,22,185.8446,1
0.0,23,193.9085,1
0.0,24,269.2454,0
0.0,25,177.2454,1
0.0,26,194.7675,1
0.0,27,185.6116,1
0.0,28,200.9672,0
0.0,29,93.9361,1
0.0,30,180.0163,1
0.0,31,121.2697,1
0.0,32,91.6778,1
0.0,33,211.9085,0
0.0,34,212.3268,0
0.0,35,267.1747,0
0.0,36,56.4975,1
0.0,37,150.7136,1
0.0,38,173.7211,1
0.0,39,209.1762,0
0.0,40,199.4011,1
0.0,41,119.297,1
0.0,42,113.0492,1
0.0,43,151.4469,1
0.0,44,175.7967,1
0.0,45,164.9782,1
0.0,46,184.9,1
0.0,47,206.9692,0
0.0,48,209.6181,0
0.0,49,196.0554,1
0.1,0,161.8305,1
0.1,1,207.425,0
0.1,2,155.3493,1
0.1,3,69.9153,1
0.1,4,76.2782,1
0.1,5,73.6297,1
0.1,6,154.7682,1
0.1,7,171.1616,1
0.1,8,249.2008,0
0.1,9,177.4535,1
0.1,10,128.8639,1
0.1,11,192.3128,1
0.1,12,163.7674,1
0.1,13,99.0917,1
0.1,14,179.5092,1
0.1,15,94.2259,1
0.1,16,102.5778,1
0.1,17,151.3362,1
0.1,18,224.3257,0
0.1,19,136.9074,1
0.1,20,176.9574,1
0.1,21,138.4034,1
0.1,22,183.4883,1
0.1,23,196.1237,1
0.1,24,269.6494,0
0.1,25,177.8252,1
0.1,26,194.8991,1
0.1,27,185.9336,1
0.1,28,201.7947,0
0.1,29,92.7631,1
0.1,30,182.636,1
0.1,31,121.5823,1
0.1,32,92.6347,1
0.1,33,211.8698,0
0.1,34,210.6829,0
0.1,35,267.2538,0
0.1,36,55.8204,1
0.1,37,150.7014,1
0.1,38,173.2344,1
0.1,39,208.9558,0
0.1,40,197.933,1
0.1,41,119.3295,1
0.1,42,112.4496,1
0.1,43,152.726,1
0.1,44,176.1663,1
0.1,45,167.1297,1
0.1,46,184.5895,1
0.1,47,206.4135,0
0.1,48,212.1614,0
0.1,49,195.5283,1
0.2,0,161.6281,1
0.2,1,207.1351,0
0.2,2,157.2834,1
0.2,3,68.7459,1
0.2,4,76.3076,1
0.2,5,73.4702,1
0.2,6,154.5397,1
0.2,7,172.4852,1
0.2,8,248.6841,0
0.2,9,175.8479,1
0.2,10,130.3694,1
0.2,11,193.5026,1
0.2,12,163.1844,1
0.2,13,99.4801,1
0.2,14,178.5106,1
0.2,15,93.8499,1
0.2,16,101.0197,1
0.2,17,151.436,1
0.2,18,223.4688,0
0.2,19,135.9758,1
0.2,20,179.3422,1
0.2,21,136.9167,1
0.2,22,183.5044,1
0.2,23,194.62,1
0.2,24,271.9334,0
0.2,25,178.1634,1
0.2,26,193.5369,1
0.2,27,186.2787,1
0.2,28,201.1949,0
0.2,29,94.3378,1
0.2,30,182.7629,1
0.2,31,121.0906,1
0.2,32,94.0594,1
0.2,33,212.0757,0
0.2,34,210.3622,0
0.2,35,266.3135,0
0.2,36,55.1242,1
0.2,37,151.8084,1
0.2,38,173.5759,1
0.2,39,211.3042,0
0.2,40,197.9286,1
0.2,41,116.5059,1
0.2,42,112.806,1
0.2,43,151.6579,1
0.2,44,175.0068,1
0.2,45,169.8946,1
0.2,46,183.6213,1
0.2,47,207.6837,0
0.2,48,210.0011,0
0.2,49,196.1636,1
0.3,0,162.2142,1
0.3,1,206.5463,0
0.3,2,157.9011,1
0.3,3,69.5728,1
0.3,4,76.6092,1
0.3,5,74.5868,1
0.3,6,153.8188,1
0.3,7,173.8651,1
0.3,8,249.2616,0
0.3,9,174.3516,1
0.3,10,130.2387,1
0.3,11,194.2321,1
0.3,12,162.1207,1
0.3,13,97.1699,1
0.3,14,177.5818,1
0.3,15,93.1069,1
0.3,16,101.2304,1
0.3,17,151.4161,1
0.3,18,221.0674,0
0.3,19,136.2293,1
0.3,20,179.0315,1
0.3,21,137.0926,1
0.3,22,180.4632,1
0.3,23,196.9458,1
0.3,24,270.4819,0
0.3,25,178.2746,1
0.3,26,193.2482,1
0.3,27,186.0969,1
0.3,28,201.6399,0
0.3,29,92.7412,1
0.3,30,185.4803,1
0.3,31,122.5425,1
0.3,32,93.8975,1
0.3,33,213.5967,0
0.3,34,210.0031,0
0.3,35,265.4668,0
0.3,36,55.6765,1
0.3,37,150.3239,1
0.3,38,173.0419,1
0.3,39,211.5262,0
0.3,40,197.7065,1
0.3,41,118.8413,1
0.3,42,112.2219,1
0.3,43,150.6352,1
0.3,44,175.2737,1
0.3,45,170.3763,1
0.3,46,183.7624,1
0.3,47,206.4932,0
0.3,48,209.8896,0
0.3,49,195.8344,1
0.4,0,164.7121,1
0.4,1,206.8369,0
0.4,2,158.5876,1
0.4,3,69.9817,1
0.4,4,76.2064,1
0.4,5,76.5698,1
0.4,6,153.7593,1
0.4,7,171.6124,1
0.4,8,249.9467,0
0.4,9,175.8612,1
0.4,10,131.334,1
0.4,11,195.5937,1
0.4,12,161.7948,1
0.4,13,97.1397,1
0.4,14,176.2971,1
0.4,15,93.4124,1
0.4,16,102.1539,1
0.4,17,151.4902,1
0.4,18,218.885,0
0.4,19,133.9999,1
0.4,20,179.591,1
0.4,21,138.3598,1
0.4,22,180.1726,1
0.4,23,198.7999,1
0.4,24,268.8338,0
0.4,25,178.7228,1
0.4,26,193.4892,1
0.4,27,185.6039,1
0.4,28,201.8356,0
0.4,29,94.1945,1
0.4,30,185.2841,1
0.4,31,121.5502,1
0.4,32,93.8422,1
0.4,33,213.7586,0
0.4,34,208.3221,0
0.4,35,264.5166,0
0.4,36,56.1925,1
0.4,37,150.276,1
0.4,38,173.1857,1
0.4,39,212.3747,0
0.4,40,198.3832,1
0.4,41,119.1382,1
0.4,42,110.8482,1
0.4,43,149.767,1
0.4,44,175.786,1
0.4,45,171.5625,1
0.4,46,182.9608,1
0.4,47,207.7365,0
0.4,48,211.7445,0
0.4,49,195.694,1
0.5,0,164.182,1
0.5,1,206.9894,0
0.5,2,156.8406,1
0.5,3,68.3878,1
0.5,4,75.8198,1
0.5,5,78.4632,1
0.5,6,155.0027,1
0.5,7,172.2348,1
0.5,8,249.9539,0
0.5,9,177.6216,1
0.5,10,130.5646,1
0.5,11,196.8655,1
0.5,12,162.2169,1
0.5,13,97.0482,1
0.5,14,176.7091,1
0.5,15,93.4573,1
0.5,16,102.9514,1
0.5,17,151.3517,1
0.5,18,220.0261,0
0.5,19,132.8297,1
0.5,20,181.4706,1
0.5,21,139.2662,1
0.5,22,178.9192,1
0.5,23,198.2236,1
0.5,24,268.9939,0
0.5,25,178.1427,1
0.5,26,192.2527,1
0.5,27,185.315,1
0.5,28,202.0179,0
0.5,29,95.1028,1
0.5,30,183.7081,1
0.5,31,121.2431,1
0.5,32,92.5286,1
0.5,33,213.9996,0
0.5,34,208.3636,0
0.5,35,265.3837,0
0.5,36,55.9114,1
0.5,37,149.7438,1
0.5,38,173.6691,1
0.5,39,212.2527,0
0.5,40,197.2556,1
0.5,41,116.5079,1
0.5,42,110.032,1
0.5,43,149.334,1
0.5,44,176.3502,1
0.5,45,172.6832,1
0.5,46,182.8653,1
0.5,47,208.045,0
0.5,48,212.3805,0
0.5,49,196.2638,1
0.6,0,164.3361,1
0.6,1,206.9987,0
0.6,2,157.084,1
0.6,3,69.1183,1
0.6,4,75.524,1
0.6,5,75.0576,1
0.6,6,156.819,1
0.6,7,171.361,1
0.6,8,250.5338,0
0.6,9,175.8054,1
0.6,10,129.7837,1
0.6,11,195.4791,1
0.6,12,161.3147,1
0.6,13,99.3121,1
0.6,14,176.105,1
0.6,15,93.1853,1
0.6,16,103.0777,1
0.6,17,151.8129,1
0.6,18,221.179,0
0.6,19,131.816,1
0.6,20,179.3656,1
0.6,21,139.3693,1
0.6,22,178.5084,1
0.6,23,200.7961,0
0.6,24,269.4412,0
0.6,25,177.6829,1
0.6,26,194.0222,1
0.6,27,184.7598,1
0.6,28,202.3466,0
0.6,29,93.0752,1
0.6,30,185.9434,1
0.6,31,124.5733,1
0.6,32,92.4604,1
0.6,33,215.4503,0
0.6,34,208.8295,0
0.6,35,266.2834,0
0.6,36,56.0209,1
0.6,37,149.4881,1
0.6,38,174.0156,1
0.6,39,213.3575,0
0.6,40,195.7633,1
0.6,41,116.5073,1
0.6,42,112.1758,1
0.6,43,149.3716,1
0.6,44,174.0259,1
0.6,45,172.6509,1
0.6,46,182.9548,1
0.6,47,208.5838,0
0.6,48,211.1903,0
0.6,49,196.4492,1
0.7,0,167.002,1
0.7,1,206.6086,0
0.7,2,156.2463,1
0.7,3,70.2424,1
0.7,4,75.2301,1
0.7,5,76.2619,1
0.7,6,157.9915,1
0.7,7,168.7296,1
0.7,8,249.9067,0
0.7,9,176.1745,1
0.7,10,131.0428,1
0.7,11,196.1031,1
0.7,12,161.6,1
0.7,13,99.3998,1
0.7,14,176.0709,1
0.7,15,92.2111,1
0.7,16,103.2617,1
0.7,17,151.4494,1
0.7,18,220.6306,0
0.7,19,132.8693,1
0.7,20,177.5528,1
0.7,21,139.3636,1
0.7,22,179.6529,1
0.7,23,201.6527,0
0.7,24,267.2167,0
0.7,25,177.0757,1
0.7,26,192.1938,1
0.7,27,185.0516,1
0.7,28,203.1514,0
0.7,29,94.0679,1
0.7,30,186.0904,1
0.7,31,126.0378,1
0.7,32,92.2877,1
0.7,33,216.3747,0
0.7,34,208.95,0
0.7,35,266.0829,0
0.7,36,55.3989,1
0.7,37,149.4775,1
0.7,38,173.3443,1
0.7,39,211.9142,0
0.7,40,195.0858,1
0.7,41,117.2578,1
0.7,42,110.8581,1
0.7,43,149.6441,1
0.7,44,174.1443,1
0.7,45,170.1199,1
0.7,46,184.2917,1
0.7,47,208.4748,0
0.7,48,211.0341,0
0.7,49,195.8899,1
0.8,0,164.7362,1
0.8,1,207.0969,0
0.8,2,154.4795,1
0.8,3,69.4856,1
0.8,4,75.9384,1
0.8,5,76.2768,1
0.8,6,157.7459,1
0.8,7,167.5493,1
0.8,8,250.6256,0
0.8,9,177.6756,1
0.8,10,131.069,1
0.8,11,199.036,1
0.8,12,162.3983,1
0.8,13,98.6805,1
0.8,14,175.2223,1
0.8,15,92.0961,1
0.8,16,104.7204,1
0.8,17,151.3666,1
0.8,18,220.7301,0
0.8,19,134.0833,1
0.8,20,176.9666,1
0.8,21,140.0907,1
0.8,22,179.4233,1
0.8,23,202.1166,0
0.8,24,268.2655,0
0.8,25,176.9036,1
0.8,26,191.3139,1
0.8,27,184.7654,1
0.8,28,204.0034,0
0.8,29,93.691,1
0.8,30,187.2422,1
0.8,31,125.8227,1
0.8,32,92.4911,1
0.8,33,216.0767,0
0.8,34,209.1504,0
0.8,35,266.8715,0
0.8,36,55.5682,1
0.8,37,149.5739,1
0.8,38,174.2868,1
0.8,39,209.5394,0
0.8,40,193.7088,1
0.8,41,119.8673,1
0.8,42,112.5841,1
0.8,43,150.5093,1
0.8,44,171.5674,1
0.8,45,168.5879,1
0.8,46,183.2947,1
0.8,47,208.7856,0
0.8,48,210.8092,0
0.8,49,195.4697,1
0.9,0,163.3626,1
0.9,1,207.3979,0
0.9,2,155.6695,1
0.9,3,69.0435,1
0.9,4,75.1843,1
0.9,5,76.6677,1
0.9,6,157.3121,1
0.9,7,167.3777,1
0.9,8,250.0231,0
0.9,9,177.2954,1
0.9,10,131.1051,1
0.9,11,199.3975,1
0.9,12,163.4152,1
0.9,13,98.6889,1
0.9,14,174.9348,1
0.9,15,91.5644,1
0.9,16,103.665,1
0.9,17,151.4681,1
0.9,18,219.8828,0
0.9,19,133.5993,1
0.9,20,179.3301,1
0.9,21,138.9594,1
0.9,22,181.5852,1
0.9,23,200.3431,0
0.9,24,269.0503,0
0.9,25,177.5379,1
0.9,26,192.6947,1
0.9,27,185.3057,1
0.9,28,204.5292,0
0.9,29,92.7947,1
0.9,30,186.6989,1
0.9,31,126.5343,1
0.9,32,92.1137,1
0.9,33,216.7585,0
0.9,34,208.1966,0
0.9,35,266.6932,0
0.9,36,56.3756,1
0.9,37,149.3207,1
0.9,38,173.7329,1
0.9,39,211.7231,0
0.9,40,193.8533,1
0.9,41,122.0151,1
0.9,42,111.8032,1
0.9,43,150.6406,1
0.9,44,171.8055,1
0.9,45,167.8747,1
0.9,46,184.0429,1
0.9,47,209.031,0
0.9,48,212.4887,0
0.9,49,195.8426,1
1.0,0,164.0835,1
1.0,1,207.8692,0
1.0,2,156.6216,1
1.0,3,69.9526,1
1.0,4,75.135,1
1.0,5,75.4896,1
1.0,6,159.2084,1
1.0,7,168.1425,1
1.0,8,249.4319,0
1.0,9,177.4952,1
1.0,10,131.5184,1
1.0,11,200.8659,0
1.0,12,165.1959,1
1.0,13,97.8993,1
1.0,14,173.4403,1
1.0,15,92.2093,1
1.0,16,103.1639,1
1.0,17,151.5895,1
1.0,18,222.3242,0
1.0,19,131.2715,1
1.0,20,178.9247,1
1.0,21,137.9633,1
1.0,22,183.3789,1
1.0,23,203.2331,0
1.0,24,268.1699,0
1.0,25,177.3594,1
1.0,26,193.3284,1
1.0,27,185.2746,1
1.0,28,204.5987,0
1.0,29,91.0035,1
1.0,30,184.1682,1
1.0,31,129.4227,1
1.0,32,90.67,1
1.0,33,218.0546,0
1.0,34,208.0611,0
1.0,35,266.5173,0
1.0,36,56.08,1
1.0,37,150.0134,1
1.0,38,172.9568,1
1.0,39,209.3202,0
1.0,40,193.5772,1
1.0,41,120.3969,1
1.0,42,112.9519,1
1.0,43,149.4039,1
1.0,44,172.0347,1
1.0,45,165.7682,1
1.0,46,184.5022,1
1.0,47,208.465,0
1.0,48,211.8723,0
1.0,49,196.2047,1
1.1,0,163.5982,1
1.1,1,208.2918,0
1.1,2,158.9104,1
1.1,3,69.783,1
1.1,4,74.9857,1
1.1,5,75.3503,1
1.1,6,161.9424,1
1.1,7,170.9555,1
1.1,8,248.8051,0
1.1,9,176.5063,1
1.1,10,131.2061,1
1.1,11,200.5428,0
1.1,12,167.0649,1
1.1,13,98.4025,1
1.1,14,172.3033,1
1.1,15,93.0024,1
1.1,16,104.1312,1
1.1,17,151.2366,1
1.1,18,223.4499,0
1.1,19,131.1023,1
1.1,20,179.8075,1
1.1,21,138.1595,1
1.1,22,183.0649,1
1.1,23,203.7887,0
1.1,24,267.905,0
1.1,25,177.4421,1
1.1,26,193.3845,1
1.1,27,185.5207,1
1.1,28,203.9115,0
1.1,29,88.4804,1
1.1,30,186.4162,1
1.1,31,129.374,1
1.1,32,91.5799,1
1.1,33,217.9662,0
1.1,34,208.0022,0
1.1,35,266.4935,0
1.1,36,55.6696,1
1.1,37,151.7092,1
1.1,38,172.8359,1
1.1,39,209.3012,0
1.1,40,193.4096,1
1.1,41,121.2169,1
1.1,42,114.2947,1
1.1,43,149.5596,1
1.1,44,170.7445,1
1.1,45,167.3638,1
1.1,46,184.9746,1
1.1,47,208.6674,0
1.1,48,212.9758,0
1.1,49,195.6144,1
1.2,0,165.2005,1
1.2,1,206.6679,0
1.2,2,158.4828,1
1.2,3,69.8025,1
1.2,4,74.5096,1
1.2,5,74.8002,1
1.2,6,161.0073,1
1.2,7,168.4279,1
1.2,8,248.8582,0
1.2,9,177.0186,1
1.2,10,131.5723,1
1.2,11,199.3469,1
1.2,12,167.8277,1
1.2,13,98.37,1
1.2,14,170.7978,1
1.2,15,93.0195,1
1.2,16,106.0874,1
1.2,17,151.6308,1
1.2,18,222.3286,0
1.2,19,130.0319,1
1.2,20,180.0241,1
1.2,21,138.8645,1
1.2,22,183.189,1
1.2,23,204.447,0
1.2,24,267.627,0
1.2,25,177.7422,1
1.2,26,191.5483,1
1.2,27,185.594,1
1.2,28,204.672,0
1.2,29,88.8643,1
1.2,30,186.5558,1
1.2,31,129.6596,1
1.2,32,90.7243,1
1.2,33,217.0089,0
1.2,34,206.9823,0
1.2,35,266.3575,0
1.2,36,55.5623,1
1.2,37,153.2698,1
1.2,38,172.6099,1
1.2,39,208.4585,0
1.2,40,193.0147,1
1.2,41,120.0262,1
1.2,42,112.4768,1
1.2,43,148.7539,1
1.2,44,168.3927,1
1.2,45,169.3021,1
1.2,46,184.8454,1
1.2,47,209.9223,0
1.2,48,215.2314,0
1.2,49,194.8206,1
1.3,0,165.7075,1
1.3,1,205.1032,0
1.3,2,157.3534,1
1.3,3,71.7909,1
1.3,4,74.8046,1
1.3,5,76.2508,1
1.3,6,161.4526,1
1.3,7,169.1561,1
1.3,8,248.1994,0
1.3,9,177.2683,1
1.3,10,131.361,1
1.3,11,196.4393,1
1.3,12,168.3988,1
1.3,13,98.4511,1
1.3,14,171.107,1
1.3,15,92.8228,1
1.3,16,105.1871,1
1.3,17,151.534,1
1.3,18,219.6844,0
1.3,19,128.0632,1
1.3,20,179.3775,1
1.3,21,140.3136,1
1.3,22,185.166,1
1.3,23,205.4479,0
1.3,24,268.6358,0
1.3,25,177.2427,1
1.3,26,191.4916,1
1.3,27,185.7357,1
1.3,28,204.7607,0
1.3,29,88.3481,1
1.3,30,186.0768,1
1.3,31,127.2044,1
1.3,32,91.6758,1
1.3,33,218.0476,0
1.3,34,205.2399,0
1.3,35,266.5182,0
1.3,36,55.5435,1
1.3,37,154.4883,1
1.3,38,172.4207,1
1.3,39,208.7637,0
1.3,40,192.9839,1
1.3,41,119.5908,1
1.3,42,112.2213,1
1.3,43,147.5282,1
1.3,44,169.2472,1
1.3,45,168.7045,1
1.3,46,184.1054,1
1.3,47,210.1484,0
1.3,48,214.9031,0
1.3,49,194.1848,1
1.4,0,163.9925,1
1.4,1,203.8776,0
1.4,2,159.755,1
1.4,3,71.5969,1
1.4,4,74.4992,1
1.4,5,74.1473,1
1.4,6,160.531,1
1.4,7,168.2467,1
1.4,8,248.4556,0
1.4,9,177.2686,1
1.4,10,130.8772,1
1.4,11,198.8368,1
1.4,12,169.4135,1
1.4,13,98.4143,1
1.4,14,171.4482,1
1.4,15,92.5448,1
1.4,16,104.6548,1
1.4,17,151.9338,1
1.4,18,219.4694,0
1.4,19,127.4484,1
1.4,20,177.8956,1
1.4,21,141.6648,1
1.4,22,187.0092,1
1.4,23,203.8869,0
1.4,24,268.7037,0
1.4,25,177.2176,1
1.4,26,191.5593,1
1.4,27,185.1051,1
1.4,28,204.5019,0
1.4,29,88.2962,1
1.4,30,186.7127,1
1.4,31,126.5433,1
1.4,32,92.719,1
1.4,33,219.2032,0
1.4,34,204.4914,0
1.4,35,266.6338,0
1.4,36,56.1995,1
1.4,37,153.8317,1
1.4,38,172.1229,1
1.4,39,211.0239,0
1.4,40,193.6934,1
1.4,41,118.8118,1
1.4,42,114.23,1
1.4,43,146.7775,1
1.4,44,167.0149,1
1.4,45,169.5393,1
1.4,46,183.6025,1
1.4,47,210.3993,0
1.4,48,214.7099,0
1.4,49,194.8133,1
1.5,0,162.0081,1
1.5,1,202.7759,0
1.5,2,158.6589,1
1.5,3,72.5736,1
1.5,4,75.0555,1
1.5,5,72.2183,1
1.5,6,159.42,1
1.5,7,168.478,1
1.5,8,248.5038,0
1.5,9,177.4976,1
1.5,10,131.9783,1
1.5,11,198.2676,1
1.5,12,168.9751,1
1.5,13,98.4224,1
1.5,14,170.8836,1
1.5,15,92.5978,1
1.5,16,105.0915,1
1.5,17,152.0238,1
1.5,18,220.3754,0
1.5,19,127.914,1
1.5,20,175.336,1
1.5,21,141.0312,1
1.5,22,189.957,1
1.5,23,205.3267,0
1.5,24,270.3972,0
1.5,25,176.1698,1
1.5,26,191.4292,1
1.5,27,185.3734,1
1.5,28,203.9399,0
1.5,29,88.0423,1
1.5,30,186.4633,1
1.5,31,124.8355,1
1.5,32,93.6709,1
1.5,33,218.8387,0
1.5,34,203.9575,0
1.5,35,267.0483,0
1.5,36,55.7417,1
1.5,37,152.3807,1
1.5,38,172.7083,1
1.5,39,211.6446,0
1.5,40,193.1633,1
1.5,41,116.5415,1
1.5,42,113.0139,1
1.5,43,146.0676,1
1.5,44,167.5383,1
1.5,45,172.035,1
1.5,46,184.8175,1
1.5,47,211.3589,0
1.5,48,216.5844,0
1.5,49,194.5501,1
1.6,0,163.5253,1
1.6,1,203.3667,0
1.6,2,155.9718,1
1.6,3,73.4169,1
1.6,4,75.1742,1
1.6,5,72.2778,1
1.6,6,157.8036,1
1.6,7,168.7647,1
1.6,8,248.5937,0
1.6,9,176.1625,1
1.6,10,130.4752,1
1.6,11,198.5469,1
1.6,12,168.8306,1
1.6,13,95.6702,1
1.6,14,171.9225,1
1.6,15,93.0938,1
1.6,16,105.7328,1
1.6,17,152.3216,1
1.6,18,222.9076,0
1.6,19,129.417,1
1.6,20,174.1862,1
1.6,21,142.3411,1
1.6,22,189.7345,1
1.6,23,205.2641,0
1.6,24,270.8673,0
1.6,25,175.4266,1
1.6,26,192.5622,1
1.6,27,185.464,1
1.6,28,203.9962,0
1.6,29,89.3977,1
1.6,30,186.9291,1
1.6,31,122.2214,1
1.6,32,93.8567,1
1.6,33,217.7472,0
1.6,34,202.9469,0
1.6,35,266.1285,0
1.6,36,55.4972,1
1.6,37,153.031,1
1.6,38,172.8576,1
1.6,39,213.9658,0
1.6,40,191.9101,1
1.6,41,118.1803,1
1.6,42,111.2279,1
1.6,43,145.8922,1
1.6,44,165.3331,1
1.6,45,173.8562,1
1.6,46,184.3549,1
1.6,47,212.2407,0
1.6,48,216.8698,0
1.6,49,194.7549,1
1.7,0,164.0248,1
1.7,1,203.1675,0
1.7,2,157.0454,1
1.7,3,73.2852,1
1.7,4,75.1973,1
1.7,5,72.5891,1
1.7,6,158.8711,1
1.7,7,167.9831,1
1.7,8,248.8174,0
1.7,9,174.9704,1
1.7,10,129.5581,1
1.7,11,195.3262,1
1.7,12,168.9584,1
1.7,13,96.9983,1
1.7,14,170.6733,1
1.7,15,92.9465,1
1.7,16,107.1677,1
1.7,17,152.5416,1
1.7,18,225.8726,0
1.7,19,128.0606,1
1.7,20,176.2639,1
1.7,21,142.3414,1
1.7,22,189.4309,1
1.7,23,205.2804,0
1.7,24,269.809,0
1.7,25,174.8855,1
1.7,26,192.4333,1
1.7,27,185.6572,1
1.7,28,203.6931,0
1.7,29,89.5238,1
1.7,30,188.2748,1
1.7,31,124.8214,1
1.7,32,94.4244,1
1.7,33,218.1482,0
1.7,34,204.0573,0
1.7,35,265.9303,0
1.7,36,56.1896,1
1.7,37,154.4349,1
1.7,38,172.9397,1
1.7,39,213.3529,0
1.7,40,191.4089,1
1.7,41,118.7871,1
1.7,42,113.238,1
1.7,43,145.5098,1
1.7,44,165.7599,1
1.7,45,173.4282,1
1.7,46,183.1866,1
1.7,47,211.4858,0
1.7,48,215.7485,0
1.7,49,195.1477,1
1.8,0,164.1315,1
1.8,1,203.1277,0
1.8,2,157.369,1
1.8,3,74.2647,1
1.8,4,74.6641,1
1.8,5,72.7806,1
1.8,6,158.9091,1
1.8,7,165.1552,1
1.8,8,248.4252,0
1.8,9,174.9377,1
1.8,10,129.1571,1
1.8,11,193.4045,1
1.8,12,166.5662,1
1.8,13,96.6111,1
1.8,14,170.4329,1
1.8,15,93.1922,1
1.8,16,106.5617,1
1.8,17,152.5448,1
1.8,18,228.1998,0
1.8,19,128.3509,1
1.8,20,177.1345,1
1.8,21,140.8225,1
1.8,22,189.1343,1
1.8,23,204.7711,0
1.8,24,271.2019,0
1.8,25,175.1942,1
1.8,26,192.5186,1
1.8,27,185.4554,1
1.8,28,204.0898,0
1.8,29,89.5234,1
1.8,30,186.9342,1
1.8,31,126.5013,1
1.8,32,93.8316,1
1.8,33,218.5635,0
1.8,34,202.5474,0
1.8,35,266.3517,0
1.8,36,55.5475,1
1.8,37,153.1571,1
1.8,38,173.8524,1
1.8,39,215.4806,0
1.8,40,190.7982,1
1.8,41,119.8106,1
1.8,42,115.0081,1
1.8,43,144.9862,1
1.8,44,164.9843,1
1.8,45,171.8075,1
1.8,46,183.269,1
1.8,47,212.8188,0
1.8,48,214.9006,0
1.8,49,194.6578,1
1.9,0,164.6441,1
1.9,1,202.8625,0
1.9,2,158.81,1
1.9,3,73.1456,1
1.9,4,75.3154,1
1.9,5,74.4666,1
1.9,6,159.7109,1
1.9,7,164.035,1
1.9,8,248.224,0
1.9,9,174.6392,1
1.9,10,130.1408,1
1.9,11,194.9118,1
1.9,12,164.3483,1
1.9,13,99.367,1
1.9,14,170.188,1
1.9,15,92.552,1
1.9,16,106.1012,1
1.9,17,151.867,1
1.9,18,225.542,0
1.9,19,126.8305,1
1.9,20,176.2377,1
1.9,21,139.7181,1
1.9,22,185.8412,1
1.9,23,203.2524,0
1.9,24,271.3967,0
1.9,25,175.4316,1
1.9,26,192.2497,1
1.9,27,185.3135,1
1.9,28,203.4299,0
1.9,29,89.5862,1
1.9,30,185.4522,1
1.9,31,126.9292,1
1.9,32,93.6075,1
1.9,33,218.3722,0
1.9,34,204.3239,0
1.9,35,266.7598,0
1.9,36,55.5739,1
1.9,37,154.1139,1
1.9,38,173.9285,1
1.9,39,215.5713,0
1.9,40,190.425,1
1.9,41,120.1917,1
1.9,42,114.7578,1
1.9,43,144.9689,1
1.9,44,164.2731,1
1.9,45,171.368,1
1.9,46,182.939,1
1.9,47,211.6487,0
1.9,48,215.7567,0
1.9,49,194.1748,1
2.0,0,162.3397,1
2.0,1,202.0073,0
2.0,2,160.2484,1
2.0,3,71.8676,1
2.0,4,75.1019,1
2.0,5,77.6439,1
2.0,6,160.2845,1
2.0,7,164.4604,1
2.0,8,248.0217,0
2.0,9,173.0907,1
2.0,10,129.3768,1
2.0,11,195.1884,1
2.0,12,165.0494,1
2.0,13,99.7842,1
2.0,14,170.347,1
2.0,15,92.1248,1
2.0,16,104.9945,1
2.0,17,151.4092,1
2.0,18,223.8533,0
2.0,19,127.0094,1
2.0,20,176.5652,1
2.0,21,140.7645,1
2.0,22,184.6687,1
2.0,23,202.3064,0
2.0,24,271.0397,0
2.0,25,175.5104,1
2.0,26,193.8096,1
2.0,27,184.9667,1
2.0,28,203.2705,0
2.0,29,91.9755,1
2.0,30,183.8097,1
2.0,31,127.9772,1
2.0,32,92.4592,1
2.0,33,217.6132,0
2.0,34,204.6706,0
2.0,35,266.7325,0
2.0,36,55.245,1
2.0,37,153.5316,1
2.0,38,174.1723,1
2.0,39,216.9672,0
2.0,40,190.5418,1
2.0,41,118.3786,1
2.0,42,115.9621,1
2.0,43,144.2891,1
2.0,44,164.9304,1
2.0,45,171.4075,1
2.0,46,182.1031,1
2.0,47,211.7282,0
2.0,48,215.8811,0
2.0,49,193.581,1
2.1,0,161.7179,1
2.1,1,202.3017,0
2.1,2,160.5403,1
2.1,3,74.384,1
2.1,4,75.5151,1
2.1,5,77.1472,1
2.1,6,162.4835,1
2.1,7,164.7708,1
2.1,8,248.0953,0
2.1,9,172.3445,1
2.1,10,128.8422,1
2.1,11,194.4922,1
2.1,12,164.5645,1
2.1,13,98.1442,1
2.1,14,169.6111,1
2.1,15,92.0492,1
2.1,16,103.4131,1
2.1,17,151.5976,1
2.1,18,226.2926,0
2.1,19,126.0616,1
2.1,20,173.956,1
2.1,21,139.4177,1
2.1,22,183.4185,1
2.1,23,199.8254,1
2.1,24,269.4891,0
2.1,25,175.235,1
2.1,26,193.2544,1
2.1,27,184.3998,1
2.1,28,203.4785,0
2.1,29,93.3496,1
2.1,30,185.0493,1
2.1,31,129.0227,1
2.1,32,92.8155,1
2.1,33,217.6875,0
2.1,34,204.7356,0
2.1,35,267.4343,0
2.1,36,55.1289,1
2.1,37,153.8015,1
2.1,38,175.0643,1
2.1,39,216.7183,0
2.1,40,189.0895,1
2.1,41,116.8077,1
2.1,42,116.8097,1
2.1,43,144.2104,1
2.1,44,166.8813,1
2.1,45,170.9493,1
2.1,46,182.2201,1
2.1,47,211.6236,0
2.1,48,215.0476,0
2.1,49,193.42,1
2.2,0,164.0315,1
2.2,1,202.4157,0
2.2,2,163.0681,1
2.2,3,73.5646,1
2.2,4,75.6453,1
2.2,5,74.5732,1
2.2,6,164.8484,1
2.2,7,164.0208,1
2.2,8,247.8722,0
2.2,9,170.7555,1
2.2,10,129.3159,1
2.2,11,193.5726,1
2.2,12,164.7829,1
2.2,13,99.8211,1
2.2,14,169.9165,1
2.2,15,91.2276,1
2.2,16,103.1416,1
2.2,17,152.2582,1
2.2,18,223.3747,0
2.2,19,124.8796,1
2.2,20,171.3738,1
2.2,21,138.9732,1
2.2,22,185.8378,1
2.2,23,196.6935,1
2.2,24,269.0918,0
2.2,25,175.2311,1
2.2,26,192.4076,1
2.2,27,184.6884,1
2.2,28,204.2809,0
2.2,29,94.0482,1
2.2,30,186.8082,1
2.2,31,129.7603,1
2.2,32,93.187,1
2.2,33,217.4228,0
2.2,34,205.5365,0
2.2,35,266.9614,0
2.2,36,55.5959,1
2.2,37,154.6424,1
2.2,38,175.2954,1
2.2,39,218.7066,0
2.2,40,189.0741,1
2.2,41,113.8965,1
2.2,42,117.1366,1
2.2,43,144.592,1
2.2,44,167.6473,1
2.2,45,173.2964,1
2.2,46,180.7719,1
2.2,47,211.9415,0
2.2,48,216.2911,0
2.2,49,193.9042,1
2.3,0,161.271,1
2.3,1,203.6084,0
2.3,2,163.2802,1
2.3,3,73.8193,1
2.3,4,75.496,1
2.3,5,72.5616,1
2.3,6,164.8303,1
2.3,7,163.6143,1
2.3,8,248.5966,0
2.3,9,170.7638,1
2.3,10,129.6871,1
2.3,11,193.8264,1
2.3,12,162.9665,1
2.3,13,97.1956,1
2.3,14,168.3016,1
2.3,15,90.9571,1
2.3,16,102.4071,1
2.3,17,152.0862,1
2.3,18,225.8079,0
2.3,19,125.3065,1
2.3,20,171.4946,1
2.3,21,140.5122,1
2.3,22,184.1287,1
2.3,23,198.6246,1
2.3,24,268.3765,0
2.3,25,174.2415,1
2.3,26,191.9465,1
2.3,27,184.8263,1
2.3,28,204.3966,0
2.3,29,95.0366,1
2.3,30,186.7105,1
2.3,31,131.2992,1
2.3,32,93.5301,1
2.3,33,216.7636,0
2.3,34,205.4003,0
2.3,35,267.9652,0
2.3,36,55.5888,1
2.3,37,154.9353,1
2.3,38,174.1374,1
2.3,39,219.9824,0
2.3,40,190.2722,1
2.3,41,114.2487,1
2.3,42,117.8215,1
2.3,43,144.2286,1
2.3,44,169.8564,1
2.3,45,172.7696,1
2.3,46,180.5471,1
2.3,47,210.8369,0
2.3,48,216.1154,0
2.3,49,193.7235,1
2.4,0,161.5318,1
2.4,1,204.8644,0
2.4,2,162.8407,1
2.4,3,74.4333,1
2.4,4,74.851,1
2.4,5,72.5372,1
2.4,6,167.4868,1
2.4,7,161.1041,1
2.4,8,248.837,0
2.4,9,171.3142,1
2.4,10,129.7134,1
2.4,11,195.4636,1
2.4,12,164.1087,1
2.4,13,99.2891,1
2.4,14,166.7494,1
2.4,15,91.5913,1
2.4,16,102.4052,1
2.4,17,151.9826,1
2.4,18,225.9301,0
2.4,19,124.5918,1
2.4,20,170.636,1
2.4,21,139.3637,1
2.4,22,180.9401,1
2.4,23,197.0375,1
2.4,24,270.9208,0
2.4,25,174.753,1
2.4,26,193.7337,1
2.4,27,184.687,1
2.4,28,203.9379,0
2.4,29,92.9867,1
2.4,30,185.7148,1
2.4,31,133.0384,1
2.4,32,93.7202,1
2.4,33,218.2673,0
2.4,34,206.7683,0
2.4,35,268.2221,0
2.4,36,56.2176,1
2.4,37,153.4269,1
2.4,38,173.9129,1
2.4,39,217.5056,0
2.4,40,190.6778,1
2.4,41,116.4687,1
2.4,42,118.2943,1
2.4,43,144.2838,1
2.4,44,169.4594,1
2.4,45,173.3793,1
2.4,46,181.2427,1
2.4,47,210.7906,0
2.4,48,218.3049,0
2.4,49,193.979,1
2.5,0,162.3172,1
2.5,1,206.3217,0
2.5,2,161.8503,1
2.5,3,73.8737,1
2.5,4,74.8824,1
2.5,5,74.1824,1
2.5,6,167.2899,1
2.5,7,159.0756,1
2.5,8,248.1328,0
2.5,9,172.5964,1
2.5,10,129.1811,1
2.5,11,195.0238,1
2.5,12,163.6977,1
2.5,13,97.3105,1
2.5,14,166.8362,1
2.5,15,91.5113,1
2.5,16,104.2175,1
2.5,17,151.4886,1
2.5,18,224.4356,0
2.5,19,124.3624,1
2.5,20,172.0909,1
2.5,21,139.5144,1
2.5,22,179.9686,1
2.5,23,196.8499,1
2.5,24,268.9035,0
2.5,25,175.397,1
2.5,26,194.5589,1
2.5,27,184.1008,1
2.5,28,203.7152,0
2.5,29,92.6526,1
2.5,30,185.0762,1
2.5,31,132.8355,1
2.5,32,94.6638,1
2.5,33,218.1036,0
2.5,34,206.3838,0
2.5,35,268.6678,0
2.5,36,55.7737,1
2.5,37,155.0188,1
2.5,38,174.1204,1
2.5,39,219.4921,0
2.5,40,189.9888,1
2.5,41,116.5846,1
2.5,42,116.9399,1
2.5,43,144.3851,1
2.5,44,169.6356,1
2.5,45,175.4044,1
2.5,46,179.8839,1
2.5,47,209.8134,0
2.5,48,220.0342,0
2.5,49,193.8142,1
2.6,0,159.6704,1
2.6,1,207.9551,0
2.6,2,160.7545,1
2.6,3,75.6735,1
2.6,4,74.2232,1
2.6,5,74.6989,1
2.6,6,166.5698,1
2.6,7,161.5762,1
2.6,8,247.575,0
2.6,9,171.5206,1
2.6,10,128.1119,1
2.6,11,195.8932,1
2.6,12,165.8421,1
2.6,13,96.6022,1
2.6,14,165.8197,1
2.6,15,91.9503,1
2.6,16,103.6545,1
2.6,17,152.1633,1
2.6,18,224.6085,0
2.6,19,123.8362,1
2.6,20,171.334,1
2.6,21,140.76,1
2.6,22,180.0092,1
2.6,23,195.252,1
2.6,24,268.4191,0
2.6,25,175.9283,1
2.6,26,195.386,1
2.6,27,183.4893,1
2.6,28,204.3598,0
2.6,29,92.3226,1
2.6,30,183.5466,1
2.6,31,133.4703,1
2.6,32,94.9823,1
2.6,33,218.4594,0
2.6,34,207.7739,0
2.6,35,269.321,0
2.6,36,55.913,1
2.6,37,154.5738,1
2.6,38,174.2266,1
2.6,39,219.0292,0
2.6,40,190.0352,1
2.6,41,116.8021,1
2.6,42,118.8901,1
2.6,43,143.6323,1
2.6,44,169.6148,1
2.6,45,176.4454,1
2.6,46,179.7717,1
2.6,47,208.9524,0
2.6,48,221.0625,0
2.6,49,193.2129,1
2.7,0,160.3413,1
2.7,1,207.1922,0
2.7,2,159.73,1
2.7,3,75.3845,1
2.7,4,74.3381,1
2.7,5,77.0259,1
2.7,6,165.8931,1
2.7,7,161.3742,1
2.7,8,247.3648,0
2.7,9,172.0818,1
2.7,10,128.9546,1
2.7,11,195.9223,1
2.7,12,166.6353,1
2.7,13,99.1682,1
2.7,14,165.9619,1
2.7,15,91.039,1
2.7,16,102.6457,1
2.7,17,151.9929,1
2.7,18,221.811,0
2.7,19,124.558,1
2.7,20,168.9438,1
2.7,21,139.5329,1
2.7,22,178.9892,1
2.7,23,196.1934,1
2.7,24,265.8091,0
2.7,25,176.3774,1
2.7,26,196.9278,1
2.7,27,183.8934,1
2.7,28,204.1351,0
2.7,29,93.5522,1
2.7,30,185.723,1
2.7,31,132.1856,1
2.7,32,95.3462,1
2.7,33,218.2067,0
2.7,34,208.0145,0
2.7,35,269.6966,0
2.7,36,56.0712,1
2.7,37,152.6787,1
2.7,38,173.9908,1
2.7,39,217.7231,0
2.7,40,189.3315,1
2.7,41,115.5428,1
2.7,42,118.5191,1
2.7,43,142.3869,1
2.7,44,168.6071,1
2.7,45,176.4888,1
2.7,46,179.2945,1
2.7,47,209.066,0
2.7,48,220.8859,0
2.7,49,193.443,1
2.8,0,160.1766,1
2.8,1,207.59,0
2.8,2,156.9072,1
2.8,3,76.1543,1
2.8,4,73.5652,1
2.8,5,79.1995,1
2.8,6,168.4012,1
2.8,7,160.071,1
2.8,8,246.8034,0
2.8,9,172.1319,1
2.8,10,127.828,1
2.8,11,196.4248,1
2.8,12,168.2371,1
2.8,13,99.6121,1
2.8,14,164.5524,1
2.8,15,91.652,1
2.8,16,100.9926,1
2.8,17,151.5759,1
2.8,18,221.5856,0
2.8,19,122.8673,1
2.8,20,169.298,1
2.8,21,139.6873,1
2.8,22,178.7296,1
2.8,23,198.7986,1
2.8,24,265.2372,0
2.8,25,175.9423,1
2.8,26,195.965,1
2.8,27,184.1937,1
2.8,28,204.9718,0
2.8,29,93.0927,1
2.8,30,186.9647,1
2.8,31,130.9357,1
2.8,32,94.1923,1
2.8,33,217.3543,0
2.8,34,206.9284,0
2.8,35,270.4724,0
2.8,36,56.6003,1
2.8,37,151.2625,1
2.8,38,173.2776,1
2.8,39,218.118,0
2.8,40,189.4621,1
2.8,41,115.8439,1
2.8,42,118.2104,1
2.8,43,142.5829,1
2.8,44,170.2051,1
2.8,45,176.3284,1
2.8,46,179.5125,1
2.8,47,210.2316,0
2.8,48,220.0877,0
2.8,49,193.0133,1
2.9,0,160.0069,1
2.9,1,206.588,0
2.9,2,157.2611,1
2.9,3,75.8952,1
2.9,4,74.1305,1
2.9,5,81.5391,1
2.9,6,168.3263,1
2.9,7,160.5533,1
2.9,8,246.6289,0
2.9,9,170.7247,1
2.9,10,127.6777,1
2.9,11,196.4923,1
2.9,12,169.441,1
2.9,13,101.5231,1
2.9,14,164.7974,1
2.9,15,92.4986,1
2.9,16,100.0454,1
2.9,17,151.8284,1
2.9,18,221.4855,0
2.9,19,121.8732,1
2.9,20,168.8985,1
2.9,21,139.7503,1
2.9,22,176.4672,1
2.9,23,198.7037,1
2.9,24,262.9692,0
2.9,25,175.9763,1
2.9,26,196.7182,1
2.9,27,183.6308,1
2.9,28,204.8821,0
2.9,29,92.3832,1
2.9,30,187.1521,1
2.9,31,129.2485,1
2.9,32,92.8861,1
2.9,33,216.7138,0
2.9,34,207.048,0
2.9,35,270.6255,0
2.9,36,56.2333,1
2.9,37,150.3098,1
2.9,38,173.2556,1
2.9,39,217.6755,0
2.9,40,189.0612,1
2.9,41,115.2499,1
2.9,42,115.6453,1
2.9,43,141.5074,1
2.9,44,170.5221,1
2.9,45,179.1359,1
2.9,46,180.7845,1
2.9,47,210.4581,0
2.9,48,220.0583,0
2.9,49,192.7907,1
3.0,0,160.1943,1
3.0,1,205.352,0
3.0,2,158.2854,1
3.0,3,77.8734,1
3.0,4,74.2855,1
3.0,5,82.5717,1
3.0,6,167.8182,1
3.0,7,158.6675,1
3.0,8,245.7777,0
3.0,9,170.4312,1
3.0,10,127.603,1
3.0,11,198.9898,1
3.0,12,169.5925,1
3.0,13,104.076,1
3.0,14,163.204,1
3.0,15,92.743,1
3.0,16,100.0177,1
3.0,17,151.4283,1
3.0,18,221.1655,0
3.0,19,121.4091,1
3.0,20,168.5292,1
3.0,21,139.9403,1
3.0,22,179.4387,1
3.0,23,201.011,0
3.0,24,260.6299,0
3.0,25,175.9842,1
3.0,26,198.4534,1
3.0,27,183.0177,1
3.0,28,205.6305,0
3.0,29,92.5239,1
3.0,30,187.2713,1
3.0,31,128.9893,1
3.0,32,93.5259,1
3.0,33,216.3908,0
3.0,34,206.1256,0
3.0,35,269.6694,0
3.0,36,55.4524,1
3.0,37,149.4632,1
3.0,38,173.3208,1
3.0,39,216.282,0
3.0,40,188.367,1
3.0,41,117.2779,1
3.0,42,113.5792,1
3.0,43,141.1326,1
3.0,44,167.5512,1
3.0,45,178.9975,1
3.0,46,180.5609,1
3.0,47,210.6941,0
3.0,48,219.5289,0
3.0,49,192.8225,1
3.1,0,159.7819,1
3.1,1,205.3167,0
3.1,2,158.2495,1
3.1,3,75.5568,1
3.1,4,74.8535,1
3.1,5,79.7046,1
3.1,6,165.2705,1
3.1,7,156.8551,1
3.1,8,246.5393,0
3.1,9,168.9646,1
3.1,10,127.5394,1
3.1,11,198.5154,1
3.1,12,171.2139,1
3.1,13,106.5493,1
3.1,14,162.0131,1
3.1,15,91.7319,1
3.1,16,101.0434,1
3.1,17,150.854,1
3.1,18,220.1,0
3.1,19,120.7682,1
3.1,20,167.493,1
3.1,21,139.9723,1
3.1,22,180.8542,1
3.1,23,201.188,0
3.1,24,263.4404,0
3.1,25,176.0058,1
3.1,26,198.4114,1
3.1,27,183.0913,1
3.1,28,206.068,0
3.1,29,92.4865,1
3.1,30,187.0523,1
3.1,31,128.8727,1
3.1,32,93.2893,1
3.1,33,215.301,0
3.1,34,206.4548,0
3.1,35,269.5284,0
3.1,36,56.3081,1
3.1,37,149.2073,1
3.1,38,173.3238,1
3.1,39,217.5364,0
3.1,40,188.1959,1
3.1,41,118.8622,1
3.1,42,113.1022,1
3.1,43,140.8978,1
3.1,44,169.4883,1
3.1,45,179.3356,1
3.1,46,180.7499,1
3.1,47,211.1243,0
3.1,48,220.4086,0
3.1,49,192.3045,1
3.2,0,157.6271,1
3.2,1,204.9469,0
3.2,2,158.6428,1
3.2,3,75.0423,1
3.2,4,74.6546,1
3.2,5,81.4979,1
3.2,6,165.5674,1
3.2,7,156.103,1
3.2,8,246.5374,0
3.2,9,168.0673,1
3.2,10,129.1422,1
3.2,11,196.8779,1
3.2,12,171.5774,1
3.2,13,105.1737,1
3.2,14,161.1158,1
3.2,15,91.4353,1
3.2,16,103.0534,1
3.2,17,150.9203,1
3.2,18,217.7845,0
3.2,19,121.1146,1
3.2,20,167.0097,1
3.2,21,140.0858,1
3.2,22,183.889,1
3.2,23,202.0297,0
3.2,24,260.6829,0
3.2,25,176.9956,1
3.2,26,197.4898,1
3.2,27,183.1751,1
3.2,28,206.1687,0
3.2,29,93.733,1
3.2,30,188.8666,1
3.2,31,131.5602,1
3.2,32,93.0254,1
3.2,33,214.2577,0
3.2,34,204.9394,0
3.2,35,270.2409,0
3.2,36,56.5129,1
3.2,37,148.707,1
3.2,38,172.5739,1
3.2,39,219.77,0
3.2,40,187.4846,1
3.2,41,118.4869,1
3.2,42,111.7228,1
3.2,43,141.137,1
3.2,44,169.0991,1
3.2,45,178.3431,1
3.2,46,181.9693,1
3.2,47,211.5689,0
3.2,48,220.1539,0
3.2,49,192.6284,1
3.3,0,158.6904,1
3.3,1,206.7395,0
3.3,2,158.4713,1
3.3,3,77.1565,1
3.3,4,75.2263,1
3.3,5,82.8141,1
3.3,6,167.5051,1
3.3,7,156.553,1
3.3,8,247.3235,0
3.3,9,168.2385,1
3.3,10,128.7734,1
3.3,11,200.0588,0
3.3,12,170.9393,1
3.3,13,105.2009,1
3.3,14,161.1946,1
3.3,15,91.6228,1
3.3,16,104.3139,1
3.3,17,150.3779,1
3.3,18,219.0213,0
3.3,19,121.9095,1
3.3,20,168.6261,1
3.3,21,139.8711,1
3.3,22,181.876,1
3.3,23,202.5703,0
3.3,24,262.5501,0
3.3,25,177.5731,1
3.3,26,196.5351,1
3.3,27,182.6773,1
3.3,28,206.6083,0
3.3,29,93.7278,1
3.3,30,187.9087,1
3.3,31,129.5574,1
3.3,32,93.4473,1
3.3,33,213.0075,0
3.3,34,205.3113,0
3.3,35,270.5855,0
3.3,36,56.3293,1
3.3,37,150.6141,1
3.3,38,172.0528,1
3.3,39,218.6082,0
3.3,40,187.3174,1
3.3,41,120.1601,1
3.3,42,110.5818,1
3.3,43,140.7882,1
3.3,44,168.9785,1
3.3,45,178.1067,1
3.3,46,182.3779,1
3.3,47,211.1812,0
3.3,48,219.6897,0
3.3,49,193.3468,1
3.4,0,158.7406,1
3.4,1,205.6728,0
3.4,2,159.0919,1
3.4,3,76.2404,1
3.4,4,75.0256,1
3.4,5,81.422,1
3.4,6,166.2944,1
3.4,7,154.1194,1
3.4,8,247.0713,0
3.4,9,168.0798,1
3.4,10,129.8503,1
3.4,11,199.2358,1
3.4,12,171.4323,1
3.4,13,105.4739,1
3.4,14,162.2571,1
3.4,15,92.3279,1
3.4,16,104.3782,1
3.4,17,150.1021,1
3.4,18,218.9,0
3.4,19,120.5157,1
3.4,20,171.1229,1
3.4,21,139.4266,1
3.4,22,181.4456,1
3.4,23,202.6855,0
3.4,24,264.1054,0
3.4,25,177.8319,1
3.4,26,196.2699,1
3.4,27,183.302,1
3.4,28,207.2589,0
3.4,29,93.0867,1
3.4,30,186.3892,1
3.4,31,127.9117,1
3.4,32,94.7314,1
3.4,33,213.5824,0
3.4,34,206.2968,0
3.4,35,270.2665,0
3.4,36,56.1289,1
3.4,37,150.2079,1
3.4,38,171.9743,1
3.4,39,220.2584,0
3.4,40,187.0333,1
3.4,41,118.4104,1
3.4,42,110.6311,1
3.4,43,139.5902,1
3.4,44,167.0017,1
3.4,45,180.5401,1
3.4,46,182.1544,1
3.4,47,211.2142,0
3.4,48,219.6538,0
3.4,49,194.0386,1
3.5,0,158.1162,1
3.5,1,205.0652,0
3.5,2,160.8052,1
3.5,3,77.5968,1
3.5,4,74.3266,1
3.5,5,78.1059,1
3.5,6,165.8887,1
3.5,7,156.2866,1
3.5,8,247.1935,0
3.5,9,168.1878,1
3.5,10,129.7647,1
3.5,11,201.45,0
3.5,12,171.4136,1
3.5,13,107.7257,1
3.5,14,162.3564,1
3.5,15,92.2053,1
3.5,16,105.4737,1
3.5,17,150.1275,1
3.5,18,217.2364,0
3.5,19,122.1627,1
3.5,20,171.4543,1
3.5,21,139.665,1
3.5,22,183.4663,1
3.5,23,203.7827,0
3.5,24,264.5762,0
3.5,25,178.1377,1
3.5,26,195.4393,1
3.5,27,183.0789,1
3.5,28,207.9797,0
3.5,29,93.5583,1
3.5,30,186.137,1
3.5,31,126.8002,1
3.5,32,94.9877,1
3.5,33,214.7268,0
3.5,34,204.7836,0
3.5,35,270.1663,0
3.5,36,56.0135,1
3.5,37,150.9473,1
3.5,38,171.9138,1
3.5,39,220.4136,0
3.5,40,186.0695,1
3.5,41,115.7381,1
3.5,42,110.8391,1
3.5,43,140.1006,1
3.5,44,164.0852,1
3.5,45,182.8886,1
3.5,46,181.1119,1
3.5,47,210.9987,0
3.5,48,219.1358,0
3.5,49,193.4013,1
3.6,0,155.3506,1
3.6,1,204.2433,0
3.6,2,158.3511,1
3.6,3,75.8657,1
3.6,4,73.6489,1
3.6,5,75.4051,1
3.6,6,167.3016,1
3.6,7,159.0166,1
3.6,8,246.9676,0
3.6,9,168.0418,1
3.6,10,131.052,1
3.6,11,200.8626,0
3.6,12,172.9101,1
3.6,13,106.1773,1
3.6,14,162.4157,1
3.6,15,92.7243,1
3.6,16,106.9074,1
3.6,17,149.9808,1
3.6,18,219.3809,0
3.6,19,122.3195,1
3.6,20,172.5083,1
3.6,21,140.4999,1
3.6,22,183.9893,1
3.6,23,202.4353,0
3.6,24,264.509,0
3.6,25,179.1595,1
3.6,26,195.3592,1
3.6,27,183.1012,1
3.6,28,207.8752,0
3.6,29,95.9118,1
3.6,30,186.769,1
3.6,31,127.719,1
3.6,32,94.9468,1
3.6,33,215.7861,0
3.6,34,204.8204,0
3.6,35,270.1792,0
3.6,36,55.9411,1
3.6,37,150.0066,1
3.6,38,171.9714,1
3.6,39,219.2772,0
3.6,40,186.5535,1
3.6,41,118.442,1
3.6,42,112.6582,1
3.6,43,141.5261,1
3.6,44,163.7551,1
3.6,45,184.2992,1
3.6,46,182.182,1
3.6,47,211.9114,0
3.6,48,218.593,0
3.6,49,192.9309,1
3.7,0,153.3203,1
3.7,1,204.3345,0
3.7,2,158.4458,1
3.7,3,78.0431,1
3.7,4,73.8679,1
3.7,5,78.7901,1
3.7,6,167.2237,1
3.7,7,159.1512,1
3.7,8,247.1744,0
3.7,9,167.4339,1
3.7,10,131.842,1
3.7,11,201.0434,0
3.7,12,173.3459,1
3.7,13,105.7926,1
3.7,14,162.0735,1
3.7,15,92.7244,1
3.7,16,108.9436,1
3.7,17,150.2638,1
3.7,18,221.9958,0
3.7,19,122.4795,1
3.7,20,172.1124,1
3.7,21,140.2898,1
3.7,22,181.4727,1
3.7,23,201.4127,0
3.7,24,264.0016,0
3.7,25,179.8977,1
3.7,26,195.5917,1
3.7,27,183.1977,1
3.7,28,206.9444,0
3.7,29,95.9332,1
3.7,30,186.9055,1
3.7,31,130.8575,1
3.7,32,95.7268,1
3.7,33,214.9326,0
3.7,34,206.4007,0
3.7,35,269.989,0
3.7,36,56.2571,1
3.7,37,151.8886,1
3.7,38,172.0782,1
3.7,39,218.9844,0
3.7,40,186.614,1
3.7,41,115.4924,1
3.7,42,112.6548,1
3.7,43,142.6958,1
3.7,44,161.8912,1
3.7,45,184.5341,1
3.7,46,181.7622,1
3.7,47,210.5582,0
3.7,48,218.224,0
3.7,49,192.5026,1
3.8,0,153.615,1
3.8,1,204.974,0
3.8,2,160.4829,1
3.8,3,77.2007,1
3.8,4,74.0441,1
3.8,5,78.0102,1
3.8,6,168.8474,1
3.8,7,158.8202,1
3.8,8,246.3437,0
3.8,9,168.3583,1
3.8,10,131.6071,1
3.8,11,198.5679,1
3.8,12,173.5013,1
3.8,13,103.8351,1
3.8,14,162.5425,1
3.8,15,93.4566,1
3.8,16,108.0701,1
3.8,17,150.7211,1
3.8,18,221.0212,0
3.8,19,123.1771,1
3.8,20,170.474,1
3.8,21,139.2627,1
3.8,22,178.7069,1
3.8,23,200.7046,0
3.8,24,264.223,0
3.8,25,179.3269,1
3.8,26,197.2624,1
3.8,27,183.8165,1
3.8,28,207.0035,0
3.8,29,95.9206,1
3.8,30,187.8982,1
3.8,31,131.8646,1
3.8,32,96.8487,1
3.8,33,216.2576,0
3.8,34,204.6542,0
3.8,35,270.0411,0
3.8,36,56.489,1
3.8,37,152.0413,1
3.8,38,172.1474,1
3.8,39,219.9452,0
3.8,40,186.7943,1
3.8,41,117.4532,1
3.8,42,111.3503,1
3.8,43,142.2314,1
3.8,44,163.2605,1
3.8,45,182.6248,1
3.8,46,180.5773,1
3.8,47,210.0591,0
3.8,48,218.4437,0
3.8,49,192.7198,1
3.9,0,153.7969,1
3.9,1,206.3613,0
3.9,2,162.0951,1
3.9,3,77.4897,1
3.9,4,73.7661,1
3.9,5,77.1652,1
3.9,6,169.424,1
3.9,7,159.3219,1
3.9,8,246.1272,0
3.9,9,169.4499,1
3.9,10,130.6876,1
3.9,11,199.83,1
3.9,12,174.0535,1
3.9,13,105.1832,1
3.9,14,163.951,1
3.9,15,93.2841,1
3.9,16,107.8316,1
3.9,17,150.503,1
3.9,18,220.7233,0
3.9,19,124.8518,1
3.9,20,170.1468,1
3.9,21,139.5304,1
3.9,22,178.6128,1
3.9,23,201.1119,0
3.9,24,262.9137,0
3.9,25,178.3113,1
3.9,26,198.7536,1
3.9,27,183.9067,1
3.9,28,207.6648,0
3.9,29,96.2077,1
3.9,30,190.0518,1
3.9,31,132.9007,1
3.9,32,96.9599,1
3.9,33,217.5858,0
3.9,34,205.1786,0
3.9,35,269.599,0
3.9,36,56.8654,1
3.9,37,152.2522,1
3.9,38,172.2104,1
3.9,39,221.6676,0
3.9,40,186.7924,1
3.9,41,119.1412,1
3.9,42,108.7528,1
3.9,43,142.485,1
3.9,44,164.9306,1
3.9,45,180.1826,1
3.9,46,180.0887,1
3.9,47,210.4766,0
3.9,48,219.2879,0
3.9,49,192.6249,1
4.0,0,152.7613,1
4.0,1,206.2089,0
4.0,2,161.2034,1
4.0,3,79.7692,1
4.0,4,73.8194,1
4.0,5,77.1333,1
4.0,6,169.2774,1
4.0,7,157.0716,1
4.0,8,246.2275,0
4.0,9,168.8875,1
4.0,10,130.8136,1
4.0,11,199.6101,1
4.0,12,174.62,1
4.0,13,103.1892,1
4.0,14,165.1625,1
4.0,15,92.5141,1
4.0,16,109.2898,1
4.0,17,150.1673,1
4.0,18,219.2209,0
4.0,19,126.4979,1
4.0,20,170.0765,1
4.0,21,138.0967,1
4.0,22,177.0624,1
4.0,23,200.0381,0
4.0,24,261.5582,0
4.0,25,178.3197,1
4.0,26,200.5476,0
4.0,27,183.6456,1
4.0,28,208.1521,0
4.0,29,94.7336,1
4.0,30,189.7966,1
4.0,31,129.8366,1
4.0,32,98.2477,1
4.0,33,218.0631,0
4.0,34,204.6548,0
4.0,35,269.0819,0
4.0,36,56.9372,1
4.0,37,152.4009,1
4.0,38,172.2966,1
4.0,39,223.9357,0
4.0,40,186.8097,1
4.0,41,119.1263,1
4.0,42,109.6694,1
4.0,43,143.7176,1
4.0,44,166.1676,1
4.0,45,178.0398,1
4.0,46,180.3026,1
4.0,47,209.2748,0
4.0,48,217.2584,0
4.0,49,193.317,1
4.1,0,154.1588,1
4.1,1,206.3005,0
4.1,2,160.624,1
4.1,3,79.697,1
4.1,4,73.4335,1
4.1,5,74.7307,1
4.1,6,169.5639,1
4.1,7,156.0044,1
4.1,8,245.8865,0
4.1,9,169.926,1
4.1,10,131.5419,1
4.1,11,201.95,0
4.1,12,172.7191,1
4.1,13,102.7171,1
4.1,14,164.5963,1
4.1,15,92.9037,1
4.1,16,107.7997,1
4.1,17,150.2974,1
4.1,18,219.1552,0
4.1,19,127.067,1
4.1,20,170.2228,1
4.1,21,138.6087,1
4.1,22,179.7576,1
4.1,23,198.3367,1
4.1,24,259.1404,0
4.1,25,178.831,1
4.1,26,199.2233,1
4.1,27,183.919,1
4.1,28,208.4044,0
4.1,29,94.3799,1
4.1,30,187.4926,1
4.1,31,127.481,1
4.1,32,97.4236,1
4.1,33,219.1594,0
4.1,34,204.5916,0
4.1,35,268.8548,0
4.1,36,56.272,1
4.1,37,151.8479,1
4.1,38,173.2335,1
4.1,39,225.3633,0
4.1,40,185.6764,1
4.1,41,117.4115,1
4.1,42,112.1332,1
4.1,43,142.9906,1
4.1,44,167.8938,1
4.1,45,177.4306,1
4.1,46,180.8955,1
4.1,47,209.0517,0
4.1,48,218.4851,0
4.1,49,193.7876,1
4.2,0,153.9889,1
4.2,1,206.4538,0
4.2,2,159.7343,1
4.2,3,79.6593,1
4.2,4,73.9003,1
4.2,5,77.1909,1
4.2,6,169.2695,1
4.2,7,155.3542,1
4.2,8,245.8411,0
4.2,9,169.3814,1
4.2,10,131.1376,1
4.2,11,199.6247,1
4.2,12,174.6952,1
4.2,13,101.9276,1
4.2,14,163.7081,1
4.2,15,92.9987,1
4.2,16,108.5732,1
4.2,17,149.7495,1
4.2,18,218.9775,0
4.2,19,128.2167,1
4.2,20,170.0386,1
4.2,21,137.6182,1
4.2,22,182.1254,1
4.2,23,197.8979,1
4.2,24,261.9274,0
4.2,25,178.9669,1
4.2,26,197.5387,1
4.2,27,183.4564,1
4.2,28,208.033,0
4.2,29,94.5554,1
4.2,30,185.4845,1
4.2,31,125.4314,1
4.2,32,97.9444,1
4.2,33,219.2284,0
4.2,34,205.4862,0
4.2,35,269.5928,0
4.2,36,55.9845,1
4.2,37,151.58,1
4.2,38,173.2203,1
4.2,39,223.6833,0
4.2,40,183.9564,1
4.2,41,116.9594,1
4.2,42,111.7711,1
4.2,43,142.7011,1
4.2,44,165.616,1
4.2,45,178.2985,1
4.2,46,180.958,1
4.2,47,210.1884,0
4.2,48,219.4196,0
4.2,49,193.6688,1
4.3,0,153.2894,1
4.3,1,207.7866,0
4.3,2,160.177,1
4.3,3,81.7839,1
4.3,4,73.5011,1
4.3,5,77.679,1
4.3,6,169.6698,1
4.3,7,153.2411,1
4.3,8,245.8434,0
4.3,9,169.9363,1
4.3,10,131.1063,1
4.3,11,200.6508,0
4.3,12,175.3367,1
4.3,13,100.0513,1
4.3,14,162.8535,1
4.3,15,93.0026,1
4.3,16,109.7923,1
4.3,17,149.6886,1
4.3,18,220.2431,0
4.3,19,126.8705,1
4.3,20,167.7966,1
4.3,21,137.9585,1
4.3,22,183.73,1
4.3,23,197.8737,1
4.3,24,262.8295,0
4.3,25,179.6785,1
4.3,26,198.3803,1
4.3,27,183.5318,1
4.3,28,207.1328,0
4.3,29,94.6857,1
4.3,30,187.6181,1
4.3,31,125.8276,1
4.3,32,98.6844,1
4.3,33,219.1243,0
4.3,34,207.0736,0
4.3,35,268.9334,0
4.3,36,56.5171,1
4.3,37,151.3645,1
4.3,38,172.3975,1
4.3,39,223.1799,0
4.3,40,182.6861,1
4.3,41,115.0506,1
4.3,42,109.695,1
4.3,43,143.3606,1
4.3,44,165.7556,1
4.3,45,177.8662,1
4.3,46,179.9718,1
4.3,47,209.7891,0
4.3,48,220.9609,0
4.3,49,192.8337,1
4.4,0,154.4157,1
4.4,1,207.146,0
4.4,2,160.0212,1
4.4,3,82.2727,1
4.4,4,74.1642,1
4.4,5,77.8087,1
4.4,6,169.6977,1
4.4,7,152.3048,1
4.4,8,245.0018,0
4.4,9,169.0493,1
4.4,10,131.495,1
4.4,11,200.3163,0
4.4,12,177.765,1
4.4,13,100.6514,1
4.4,14,161.7937,1
4.4,15,92.9402,1
4.4,16,109.0002,1
4.4,17,150.266,1
4.4,18,220.9164,0
4.4,19,128.2559,1
4.4,20,166.9719,1
4.4,21,137.1165,1
4.4,22,184.1412,1
4.4,23,197.1202,1
4.4,24,260.317,0
4.4,25,180.0363,1
4.4,26,198.3701,1
4.4,27,183.2983,1
4.4,28,206.8052,0
4.4,29,94.2404,1
4.4,30,187.4653,1
4.4,31,126.2349,1
4.4,32,98.2033,1
4.4,33,218.4291,0
4.4,34,207.2352,0
4.4,35,268.0758,0
4.4,36,56.8732,1
4.4,37,153.1106,1
4.4,38,172.1293,1
4.4,39,221.2638,0
4.4,40,181.3222,1
4.4,41,113.7622,1
4.4,42,111.3676,1
4.4,43,142.8139,1
4.4,44,164.5864,1
4.4,45,176.497,1
4.4,46,179.5749,1
4.4,47,208.8794,0
4.4,48,220.4499,0
4.4,49,192.676,1
4.5,0,152.7751,1
4.5,1,208.595,0
4.5,2,158.1118,1
4.5,3,83.7153,1
4.5,4,73.8042,1
4.5,5,76.1819,1
4.5,6,167.0863,1
4.5,7,152.3667,1
4.5,8,244.7861,0
4.5,9,169.2954,1
4.5,10,132.6189,1
4.5,11,197.3809,1
4.5,12,178.0223,1
4.5,13,101.2421,1
4.5,14,163.1848,1
4.5,15,92.4289,1
4.5,16,109.5668,1
4.5,17,150.9422,1
4.5,18,222.6041,0
4.5,19,126.625,1
4.5,20,168.5946,1
4.5,21,138.5496,1
4.5,22,184.2464,1
4.5,23,200.238,0
4.5,24,260.3512,0
4.5,25,180.1126,1
4.5,26,199.0494,1
4.5,27,183.0791,1
4.5,28,207.398,0
4.5,29,94.485,1
4.5,30,185.7579,1
4.5,31,126.2297,1
4.5,32,98.1458,1
4.5,33,217.354,0
4.5,34,207.2852,0
4.5,35,268.4316,0
4.5,36,57.3174,1
4.5,37,151.7342,1
4.5,38,171.6478,1
4.5,39,223.2149,0
4.5,40,180.0365,1
4.5,41,113.2596,1
4.5,42,111.5424,1
4.5,43,142.8299,1
4.5,44,162.1165,1
4.5,45,175.6209,1
4.5,46,179.9902,1
4.5,47,210.2018,0
4.5,48,220.1096,0
4.5,49,192.2341,1
4.6,0,154.1888,1
4.6,1,207.9767,0
4.6,2,157.0298,1
4.6,3,84.4882,1
4.6,4,74.0411,1
4.6,5,77.5168,1
4.6,6,167.7602,1
4.6,7,154.7972,1
4.6,8,244.7701,0
4.6,9,170.5625,1
4.6,10,133.5743,1
4.6,11,198.8173,1
4.6,12,179.2056,1
4.6,13,100.8641,1
4.6,14,163.2499,1
4.6,15,92.0532,1
4.6,16,108.5998,1
4.6,17,151.3364,1
4.6,18,225.4418,0
4.6,19,128.8249,1
4.6,20,170.4248,1
4.6,21,138.1704,1
4.6,22,186.7666,1
4.6,23,202.7611,0
4.6,24,261.0543,0
4.6,25,180.4679,1
4.6,26,197.8818,1
4.6,27,183.0321,1
4.6,28,208.0603,0
4.6,29,94.2745,1
4.6,30,186.5681,1
4.6,31,126.5577,1
4.6,32,99.5772,1
4.6,33,218.3466,0
4.6,34,207.5478,0
4.6,35,268.6333,0
4.6,36,57.1417,1
4.6,37,150.413,1
4.6,38,170.6613,1
4.6,39,223.0343,0
4.6,40,179.6377,1
4.6,41,113.131,1
4.6,42,111.5212,1
4.6,43,143.3687,1
4.6,44,162.9488,1
4.6,45,173.7692,1
4.6,46,178.979,1
4.6,47,211.4189,0
4.6,48,219.1595,0
4.6,49,192.7548,1
4.7,0,156.025,1
4.7,1,208.0199,0
4.7,2,155.3994,1
4.7,3,84.5495,1
4.7,4,74.5882,1
4.7,5,78.9139,1
4.7,6,167.6524,1
4.7,7,152.8237,1
4.7,8,245.5081,0
4.7,9,170.1803,1
4.7,10,132.889,1
4.7,11,198.9561,1
4.7,12,178.8114,1
4.7,13,101.1917,1
4.7,14,162.5071,1
4.7,15,92.1022,1
4.7,16,109.1876,1
4.7,17,151.7777,1
4.7,18,225.3943,0
4.7,19,129.7911,1
4.7,20,171.3193,1
4.7,21,137.8599,1
4.7,22,184.1688,1
4.7,23,202.6839,0
4.7,24,262.7084,0
4.7,25,180.4998,1
4.7,26,196.3559,1
4.7,27,183.0776,1
4.7,28,208.6576,0
4.7,29,94.2072,1
4.7,30,187.4832,1
4.7,31,128.3257,1
4.7,32,100.397,1
4.7,33,218.0276,0
4.7,34,208.8634,0
4.7,35,267.6982,0
4.7,36,57.5471,1
4.7,37,151.4453,1
4.7,38,170.9801,1
4.7,39,222.4141,0
4.7,40,179.5451,1
4.7,41,112.4271,1
4.7,42,113.2564,1
4.7,43,142.3024,1
4.7,44,165.6351,1
4.7,45,175.2114,1
4.7,46,179.8664,1
4.7,47,211.8242,0
4.7,48,221.3074,0
4.7,49,193.5486,1
4.8,0,155.4802,1
4.8,1,209.2841,0
4.8,2,158.227,1
4.8,3,83.7998,1
4.8,4,74.0473,1
4.8,5,79.3277,1
4.8,6,169.2206,1
4.8,7,155.6507,1
4.8,8,246.2688,0
4.8,9,170.377,1
4.8,10,132.2198,1
4.8,11,199.7335,1
4.8,12,177.1035,1
4.8,13,102.9155,1
4.8,14,162.1078,1
4.8,15,92.0849,1
4.8,16,111.1841,1
4.8,17,152.3042,1
4.8,18,227.7427,0
4.8,19,131.1374,1
4.8,20,170.1921,1
4.8,21,137.7602,1
4.8,22,186.0281,1
4.8,23,205.8328,0
4.8,24,262.7724,0
4.8,25,181.1012,1
4.8,26,197.1721,1
4.8,27,182.8199,1
4.8,28,209.347,0
4.8,29,93.1924,1
4.8,30,186.6719,1
4.8,31,127.0082,1
4.8,32,99.3484,1
4.8,33,218.4306,0
4.8,34,209.4194,0
4.8,35,266.7514,0
4.8,36,57.0674,1
4.8,37,149.8197,1
4.8,38,170.9312,1
4.8,39,224.1595,0
4.8,40,178.5538,1
4.8,41,110.6687,1
4.8,42,113.9319,1
4.8,43,142.7741,1
4.8,44,165.6262,1
4.8,45,173.7142,1
4.8,46,178.7288,1
4.8,47,211.8632,0
4.8,48,220.021,0
4.8,49,193.5633,1
4.9,0,157.8388,1
4.9,1,209.1395,0
4.9,2,157.5153,1
4.9,3,85.1138,1
4.9,4,74.2706,1
4.9,5,78.6586,1
4.9,6,166.9445,1
4.9,7,153.7686,1
4.9,8,246.9094,0
4.9,9,169.6851,1
4.9,10,132.097,1
4.9,11,200.5734,0
4.9,12,177.831,1
4.9,13,103.231,1
4.9,14,160.5974,1
4.9,15,91.395,1
4.9,16,112.9338,1
4.9,17,152.4872,1
4.9,18,226.7843,0
4.9,19,132.7716,1
4.9,20,172.2339,1
4.9,21,137.5652,1
4.9,22,185.4789,1
4.9,23,206.1697,0
4.9,24,264.1852,0
4.9,25,181.0007,1
4.9,26,197.639,1
4.9,27,182.7392,1
4.9,28,209.4153,0
4.9,29,92.2432,1
4.9,30,184.9597,1
4.9,31,124.9575,1
4.9,32,99.2284,1
4.9,33,219.3054,0
4.9,34,209.1158,0
4.9,35,267.0895,0
4.9,36,57.114,1
4.9,37,148.1426,1
4.9,38,170.8724,1
4.9,39,225.213,0
4.9,40,180.239,1
4.9,41,112.8505,1
4.9,42,114.4732,1
4.9,43,142.1281,1
4.9,44,165.659,1
4.9,45,173.5405,1
4.9,46,178.5421,1
4.9,47,212.8152,0
4.9,48,219.3873,0
4.9,49,192.6641,1
5.0,0,157.6655,1
5.0,1,208.7654,0
5.0,2,155.4972,1
5.0,3,86.556,1
5.0,4,73.6358,1
5.0,5,78.297,1
5.0,6,164.5447,1
5.0,7,153.4117,1
5.0,8,246.0914,0
5.0,9,168.681,1
5.0,10,132.3945,1
5.0,11,197.8437,1
5.0,12,177.5577,1
5.0,13,102.9698,1
5.0,14,160.3995,1
5.0,15,91.6046,1
5.0,16,113.5155,1
5.0,17,152.2608,1
5.0,18,226.4271,0
5.0,19,130.4377,1
5.0,20,171.8234,1
5.0,21,138.1685,1
5.0,22,184.1074,1
5.0,23,204.9073,0
5.0,24,265.9353,0
5.0,25,181.334,1
5.0,26,195.8262,1
5.0,27,182.5946,1
5.0,28,208.8306,0
5.0,29,90.926,1
5.0,30,185.501,1
5.0,31,122.954,1
5.0,32,99.3284,1
5.0,33,219.8601,0
5.0,34,209.6402,0
5.0,35,267.418,0
5.0,36,56.7489,1
5.0,37,146.227,1
5.0,38,171.5991,1
5.0,39,227.0317,0
5.0,40,178.728,1
5.0,41,110.7226,1
5.0,42,114.4198,1
5.0,43,141.6104,1
5.0,44,167.1912,1
5.0,45,176.2689,1
5.0,46,178.5061,1
5.0,47,212.094,0
5.0,48,217.5802,0
5.0,49,192.9282,1
5.1,0,156.2043,1
5.1,1,209.0163,0
5.1,2,157.8335,1
5.1,3,86.9743,1
5.1,4,73.4733,1
5.1,5,78.1383,1
5.1,6,167.6549,1
5.1,7,153.4082,1
5.1,8,246.0004,0
5.1,9,168.4449,1
5.1,10,133.7563,1
5.1,11,197.2605,1
5.1,12,176.3623,1
5.1,13,103.7342,1
5.1,14,160.696,1
5.1,15,90.2097,1
5.1,16,113.473,1
5.1,17,152.6055,1
5.1,18,226.537,0
5.1,19,130.1804,1
5.1,20,171.17,1
5.1,21,136.0715,1
5.1,22,183.3795,1
5.1,23,204.8956,0
5.1,24,266.0987,0
5.1,25,181.9854,1
5.1,26,195.6619,1
5.1,27,184.6533,1
5.1,28,208.6122,0
5.1,29,91.7452,1
5.1,30,182.9192,1
5.1,31,124.4241,1
5.1,32,100.2026,1
5.1,33,219.0759,0
5.1,34,209.198,0
5.1,35,267.8039,0
5.1,36,55.3391,1
5.1,37,145.1245,1
5.1,38,172.2988,1
5.1,39,227.0729,0
5.1,40,179.273,1
5.1,41,110.7389,1
5.1,42,112.5723,1
5.1,43,142.8971,1
5.1,44,167.3597,1
5.1,45,176.2967,1
5.1,46,177.8926,1
5.1,47,211.9722,0
5.1,48,219.6234,0
5.1,49,192.6453,1
5.2,0,155.1217,1
5.2,1,207.8954,0
5.2,2,158.3978,1
5.2,3,86.1764,1
5.2,4,73.2661,1
5.2,5,79.6169,1
5.2,6,166.0725,1
5.2,7,154.7113,1
5.2,8,245.4312,0
5.2,9,167.2234,1
5.2,10,134.3923,1
5.2,11,196.1237,1
5.2,12,174.9375,1
5.2,13,105.9418,1
5.2,14,160.2654,1
5.2,15,90.118,1
5.2,16,113.4278,1
5.2,17,150.7369,1
5.2,18,227.3223,0
5.2,19,128.7792,1
5.2,20,171.8811,1
5.2,21,134.375,1
5.2,22,183.9504,1
5.2,23,204.4767,0
5.2,24,266.7807,0
5.2,25,181.6318,1
5.2,26,194.081,1
5.2,27,184.4641,1
5.2,28,209.0083,0
5.2,29,91.6138,1
5.2,30,181.4982,1
5.2,31,123.1421,1
5.2,32,99.6829,1
5.2,33,219.1483,0
5.2,34,209.0016,0
5.2,35,267.4725,0
5.2,36,54.1462,1
5.2,37,142.7002,1
5.2,38,174.1214,1
5.2,39,227.1879,0
5.2,40,179.3015,1
5.2,41,111.3659,1
5.2,42,111.8663,1
5.2,43,142.8259,1
5.2,44,167.1479,1
5.2,45,175.8564,1
5.2,46,177.7226,1
5.2,47,211.6305,0
5.2,48,217.6427,0
5.2,49,191.5525,1
5.3,0,155.4136,1
5.3,1,207.2855,0
5.3,2,157.4281,1
5.3,3,86.0042,1
5.3,4,73.7357,1
5.3,5,79.7494,1
5.3,6,165.9603,1
5.3,7,154.1006,1
5.3,8,246.4096,0
5.3,9,166.5399,1
5.3,10,134.4795,1
5.3,11,195.863,1
5.3,12,173.7325,1
5.3,13,103.6568,1
5.3,14,160.1933,1
5.3,15,89.8579,1
5.3,16,113.8932,1
5.3,17,149.6262,1
5.3,18,226.0375,0
5.3,19,128.542,1
5.3,20,171.1982,1
5.3,21,132.5322,1
5.3,22,184.404,1
5.3,23,204.4672,0
5.3,24,266.8048,0
5.3,25,180.7367,1
5.3,26,192.9524,1
5.3,27,186.9035,1
5.3,28,208.9715,0
5.3,29,92.4519,1
5.3,30,184.1314,1
5.3,31,123.9808,1
5.3,32,98.9876,1
5.3,33,219.265,0
5.3,34,209.1765,0
5.3,35,266.5076,0
5.3,36,56.1674,1
5.3,37,141.6114,1
5.3,38,174.3263,1
5.3,39,228.3933,0
5.3,40,180.0746,1
5.3,41,111.702,1
5.3,42,113.4996,1
5.3,43,140.904,1
5.3,44,168.4612,1
5.3,45,176.3589,1
5.3,46,177.1057,1
5.3,47,211.9214,0
5.3,48,220.0845,0
5.3,49,191.5009,1
5.4,0,154.6252,1
5.4,1,207.752,0
5.4,2,158.1103,1
5.4,3,86.6149,1
5.4,4,73.494,1
5.4,5,77.5685,1
5.4,6,165.5516,1
5.4,7,154.5546,1
5.4,8,246.1815,0
5.4,9,166.6825,1
5.4,10,134.4297,1
5.4,11,195.1921,1
5.4,12,173.5784,1
5.4,13,101.6407,1
5.4,14,159.6765,1
5.4,15,90.5081,1
5.4,16,113.8606,1
5.4,17,149.9526,1
5.4,18,226.6095,0
5.4,19,128.4226,1
5.4,20,171.6976,1
5.4,21,132.4639,1
5.4,22,184.024,1
5.4,23,204.6896,0
5.4,24,267.2196,0
5.4,25,180.5029,1
5.4,26,191.0498,1
5.4,27,188.8139,1
5.4,28,209.6223,0
5.4,29,91.9135,1
5.4,30,184.9062,1
5.4,31,124.4479,1
5.4,32,98.0045,1
5.4,33,219.4766,0
5.4,34,209.5163,0
5.4,35,266.3253,0
5.4,36,53.7549,1
5.4,37,139.5639,1
5.4,38,174.6304,1
5.4,39,228.6326,0
5.4,40,181.2514,1
5.4,41,111.223,1
5.4,42,115.3101,1
5.4,43,140.957,1
5.4,44,169.1095,1
5.4,45,176.3204,1
5.4,46,175.6801,1
5.4,47,211.8129,0
5.4,48,220.0035,0
5.4,49,191.4191,1
5.5,0,152.5642,1
5.5,1,208.8147,0
5.5,2,159.6334,1
5.5,3,86.8199,1
5.5,4,72.9758,1
5.5,5,79.6816,1
5.5,6,162.7265,1
5.5,7,154.9395,1
5.5,8,245.9906,0
5.5,9,165.8012,1
5.5,10,132.8897,1
5.5,11,195.083,1
5.5,12,174.6107,1
5.5,13,101.6578,1
5.5,14,160.1278,1
5.5,15,91.1198,1
5.5,16,113.9687,1
5.5,17,151.4948,1
5.5,18,226.839,0
5.5,19,129.1652,1
5.5,20,171.8159,1
5.5,21,132.108,1
5.5,22,181.6315,1
5.5,23,204.9509,0
5.5,24,266.5624,0
5.5,25,180.1837,1
5.5,26,192.6851,1
5.5,27,190.0416,1
5.5,28,211.3623,0
5.5,29,91.381,1
5.5,30,184.2252,1
5.5,31,122.3364,1
5.5,32,98.2674,1
5.5,33,219.3447,0
5.5,34,208.8838,0
5.5,35,266.8661,0
5.5,36,52.8817,1
5.5,37,140.4009,1
5.5,38,174.1742,1
5.5,39,228.9461,0
5.5,40,181.3449,1
5.5,41,111.7039,1
5.5,42,113.6206,1
5.5,43,138.8495,1
5.5,44,169.6452,1
5.5,45,176.4903,1
5.5,46,176.0308,1
5.5,47,210.9334,0
5.5,48,220.7744,0
5.5,49,190.9756,1
5.6,0,151.487,1
5.6,1,208.6508,0
5.6,2,159.6924,1
5.6,3,86.7909,1
5.6,4,72.5185,1
5.6,5,80.5658,1
5.6,6,165.7894,1
5.6,7,155.7388,1
5.6,8,246.7209,0
5.6,9,165.7303,1
5.6,10,132.9937,1
5.6,11,194.7102,1
5.6,12,176.1041,1
5.6,13,103.6961,1
5.6,14,161.2416,1
5.6,15,91.4992,1
5.6,16,113.9916,1
5.6,17,152.9959,1
5.6,18,226.0732,0
5.6,19,128.1655,1
5.6,20,172.5274,1
5.6,21,132.143,1
5.6,22,179.8618,1
5.6,23,204.4524,0
5.6,24,265.6812,0
5.6,25,180.6406,1
5.6,26,194.0186,1
5.6,27,188.5854,1
5.6,28,212.1737,0
5.6,29,90.8836,1
5.6,30,184.4415,1
5.6,31,121.6231,1
5.6,32,98.9627,1
5.6,33,218.9838,0
5.6,34,209.8567,0
5.6,35,264.5475,0
5.6,36,52.9688,1
5.6,37,138.2106,1
5.6,38,173.4536,1
5.6,39,228.276,0
5.6,40,180.458,1
5.6,41,112.2559,1
5.6,42,115.1778,1
5.6,43,138.914,1
5.6,44,169.4165,1
5.6,45,176.9315,1
5.6,46,175.5845,1
5.6,47,210.8115,0
5.6,48,222.9065,0
5.6,49,190.5798,1
5.7,0,152.5465,1
5.7,1,208.0966,0
5.7,2,159.1973,1
5.7,3,85.9867,1
5.7,4,72.6901,1
5.7,5,82.873,1
5.7,6,168.5401,1
5.7,7,155.2589,1
5.7,8,247.3868,0
5.7,9,165.9283,1
5.7,10,132.2225,1
5.7,11,193.7868,1
5.7,12,176.324,1
5.7,13,101.7933,1
5.7,14,161.7885,1
5.7,15,91.4991,1
5.7,16,113.9845,1
5.7,17,153.0084,1
5.7,18,227.2025,0
5.7,19,128.3493,1
5.7,20,172.5436,1
5.7,21,131.3199,1
5.7,22,180.3639,1
5.7,23,204.2982,0
5.7,24,265.3828,0
5.7,25,180.2796,1
5.7,26,194.5774,1
5.7,27,187.6233,1
5.7,28,211.5907,0
5.7,29,91.3908,1
5.7,30,185.2635,1
5.7,31,124.3333,1
5.7,32,99.1351,1
5.7,33,219.0859,0
5.7,34,210.0093,0
5.7,35,264.5579,0
5.7,36,52.0363,1
5.7,37,138.501,1
5.7,38,171.6709,1
5.7,39,228.8222,0
5.7,40,178.9639,1
5.7,41,112.1719,1
5.7,42,113.1662,1
5.7,43,139.1438,1
5.7,44,170.8036,1
5.7,45,176.7967,1
5.7,46,178.0127,1
5.7,47,210.837,0
5.7,48,222.7787,0
5.7,49,191.5844,1
5.8,0,154.4081,1
5.8,1,208.1461,0
5.8,2,159.8053,1
5.8,3,85.8746,1
5.8,4,72.2812,1
5.8,5,83.3235,1
5.8,6,168.3478,1
5.8,7,155.6725,1
5.8,8,247.7792,0
5.8,9,165.0453,1
5.8,10,132.758,1
5.8,11,193.6135,1
5.8,12,175.3517,1
5.8,13,101.2998,1
5.8,14,161.0039,1
5.8,15,90.8794,1
5.8,16,114.4764,1
5.8,17,151.9558,1
5.8,18,226.9221,0
5.8,19,128.2203,1
5.8,20,172.4755,1
5.8,21,129.1941,1
5.8,22,179.7189,1
5.8,23,203.7989,0
5.8,24,265.4795,0
5.8,25,181.0552,1
5.8,26,196.1117,1
5.8,27,187.2917,1
5.8,28,210.2375,0
5.8,29,91.3129,1
5.8,30,182.9175,1
5.8,31,121.8433,1
5.8,32,99.9687,1
5.8,33,218.3836,0
5.8,34,208.6245,0
5.8,35,265.4474,0
5.8,36,52.2536,1
5.8,37,137.7841,1
5.8,38,172.0551,1
5.8,39,230.0505,0
5.8,40,178.07,1
5.8,41,111.8119,1
5.8,42,114.1172,1
5.8,43,141.2542,1
5.8,44,169.849,1
5.8,45,176.6112,1
5.8,46,176.3663,1
5.8,47,213.0788,0
5.8,48,223.2972,0
5.8,49,190.9265,1
5.9,0,153.8562,1
5.9,1,209.2252,0
5.9,2,157.9136,1
5.9,3,85.8427,1
5.9,4,72.491,1
5.9,5,81.7507,1
5.9,6,169.9892,1
5.9,7,154.8295,1
5.9,8,247.676,0
5.9,9,164.5454,1
5.9,10,133.0371,1
5.9,11,194.3871,1
5.9,12,174.7912,1
5.9,13,102.723,1
5.9,14,161.2039,1
5.9,15,91.5779,1
5.9,16,115.0728,1
5.9,17,154.2737,1
5.9,18,227.0844,0
5.9,19,129.3197,1
5.9,20,171.8763,1
5.9,21,130.0814,1
5.9,22,178.2318,1
5.9,23,203.8961,0
5.9,24,265.8158,0
5.9,25,180.9059,1
5.9,26,198.0291,1
5.9,27,185.923,1
5.9,28,209.5757,0
5.9,29,91.4056,1
5.9,30,182.72,1
5.9,31,124.567,1
5.9,32,100.4624,1
5.9,33,218.9548,0
5.9,34,207.6543,0
5.9,35,265.8855,0
5.9,36,53.0634,1
5.9,37,136.3117,1
5.9,38,173.5078,1
5.9,39,231.2445,0
5.9,40,178.053,1
5.9,41,111.4141,1
5.9,42,114.2364,1
5.9,43,142.5873,1
5.9,44,169.1151,1
5.9,45,176.6796,1
5.9,46,176.6338,1
5.9,47,212.8313,0
5.9,48,224.8155,0
5.9,49,191.002,1
6.0,0,153.3223,1
6.0,1,207.9395,0
6.0,2,157.0657,1
6.0,3,86.1442,1
6.0,4,72.2767,1
6.0,5,80.9416,1
6.0,6,172.8298,1
6.0,7,154.268,1
6.0,8,248.2359,0
6.0,9,164.4601,1
6.0,10,133.3046,1
6.0,11,193.9347,1
6.0,12,174.4053,1
6.0,13,104.1379,1
6.0,14,161.4566,1
6.0,15,91.1118,1
6.0,16,114.4716,1
6.0,17,154.7436,1
6.0,18,225.4377,0
6.0,19,128.0554,1
6.0,20,172.2424,1
6.0,21,128.7134,1
6.0,22,179.1226,1
6.0,23,203.692,0
6.0,24,265.0283,0
6.0,25,181.346,1
6.0,26,197.2293,1
6.0,27,189.0963,1
6.0,28,211.0666,0
6.0,29,90.3717,1
6.0,30,185.0692,1
6.0,31,124.5048,1
6.0,32,100.2531,1
6.0,33,217.9978,0
6.0,34,207.5533,0
6.0,35,268.1999,0
6.0,36,55.5856,1
6.0,37,135.1943,1
6.0,38,173.6825,1
6.0,39,230.6854,0
6.0,40,178.5061,1
6.0,41,111.4852,1
6.0,42,113.1073,1
6.0,43,140.7055,1
6.0,44,168.0312,1
6.0,45,177.082,1
6.0,46,176.8316,1
6.0,47,214.7926,0
6.0,48,223.8334,0
6.0,49,191.1873,1
6.1,0,153.3072,1
6.1,1,206.942,0
6.1,2,157.4406,1
6.1,3,87.4439,1
6.1,4,72.2337,1
6.1,5,82.5465,1
6.1,6,172.8455,1
6.1,7,154.0579,1
6.1,8,248.9351,0
6.1,9,165.2185,1
6.1,10,133.4094,1
6.1,11,194.8752,1
6.1,12,175.3698,1
6.1,13,103.4382,1
6.1,14,161.9474,1
6.1,15,91.5397,1
6.1,16,114.8879,1
6.1,17,153.1928,1
6.1,18,225.9823,0
6.1,19,129.0623,1
6.1,20,172.0471,1
6.1,21,126.3484,1
6.1,22,179.1421,1
6.1,23,204.032,0
6.1,24,264.9447,0
6.1,25,181.3528,1
6.1,26,196.8118,1
6.1,27,190.1128,1
6.1,28,209.6847,0
6.1,29,90.3356,1
6.1,30,187.663,1
6.1,31,123.1411,1
6.1,32,100.5785,1
6.1,33,218.0394,0
6.1,34,206.4572,0
6.1,35,265.8316,0
6.1,36,55.6831,1
6.1,37,133.3477,1
6.1,38,172.6639,1
6.1,39,229.3994,0
6.1,40,177.0645,1
6.1,41,111.7401,1
6.1,42,113.3784,1
6.1,43,139.7862,1
6.1,44,168.8923,1
6.1,45,177.4141,1
6.1,46,178.0056,1
6.1,47,212.3435,0
6.1,48,225.8405,0
6.1,49,191.8679,1
6.2,0,153.3832,1
6.2,1,206.7947,0
6.2,2,157.5693,1
6.2,3,87.5583,1
6.2,4,72.4475,1
6.2,5,82.1055,1
6.2,6,173.4125,1
6.2,7,154.2074,1
6.2,8,249.6957,0
6.2,9,165.6381,1
6.2,10,132.2684,1
6.2,11,195.2618,1
6.2,12,176.3226,1
6.2,13,101.6761,1
6.2,14,162.4681,1
6.2,15,90.9385,1
6.2,16,114.7772,1
6.2,17,154.7541,1
6.2,18,225.3246,0
6.2,19,128.8099,1
6.2,20,172.0731,1
6.2,21,128.6987,1
6.2,22,179.0567,1
6.2,23,204.3999,0
6.2,24,264.1385,0
6.2,25,181.2256,1
6.2,26,197.6087,1
6.2,27,189.8846,1
6.2,28,208.0577,0
6.2,29,89.9614,1
6.2,30,189.4446,1
6.2,31,123.2256,1
6.2,32,100.9295,1
6.2,33,218.2506,0
6.2,34,205.1149,0
6.2,35,265.7396,0
6.2,36,55.7799,1
6.2,37,135.5404,1
6.2,38,169.7159,1
6.2,39,228.8975,0
6.2,40,176.9108,1
6.2,41,112.1077,1
6.2,42,112.8897,1
6.2,43,137.8388,1
6.2,44,168.7988,1
6.2,45,177.1627,1
6.2,46,178.068,1
6.2,47,214.4544,0
6.2,48,226.2008,0
6.2,49,192.328,1
6.3,0,153.3431,1
6.3,1,206.5375,0
6.3,2,159.3305,1
6.3,3,86.8053,1
6.3,4,71.9876,1
6.3,5,81.5258,1
6.3,6,173.7564,1
6.3,7,153.3062,1
6.3,8,249.6735,0
6.3,9,165.58,1
6.3,10,132.5143,1
6.3,11,194.8047,1
6.3,12,174.8546,1
6.3,13,102.0101,1
6.3,14,162.4742,1
6.3,15,91.4882,1
6.3,16,115.3433,1
6.3,17,156.4793,1
6.3,18,226.5662,0
6.3,19,128.3633,1
6.3,20,172.3928,1
6.3,21,130.5165,1
6.3,22,179.0957,1
6.3,23,205.0025,0
6.3,24,264.1911,0
6.3,25,181.3644,1
6.3,26,198.6369,1
6.3,27,192.7614,1
6.3,28,207.6321,0
6.3,29,89.7407,1
6.3,30,191.2207,1
6.3,31,123.6746,1
6.3,32,101.4197,1
6.3,33,217.3841,0
6.3,34,206.0538,0
6.3,35,264.2208,0
6.3,36,55.0827,1
6.3,37,134.1803,1
6.3,38,169.1478,1
6.3,39,229.6413,0
6.3,40,176.7787,1
6.3,41,112.516,1
6.3,42,114.6064,1
6.3,43,138.0566,1
6.3,44,167.7326,1
6.3,45,177.1426,1
6.3,46,177.6066,1
6.3,47,214.3053,0
6.3,48,225.5306,0
6.3,49,191.7797,1
6.4,0,154.2823,1
6.4,1,204.4922,0
6.4,2,159.1236,1
6.4,3,87.3001,1
6.4,4,72.44,1
6.4,5,81.478,1
6.4,6,175.2722,1
6.4,7,152.9042,1
6.4,8,250.2085,0
6.4,9,166.0858,1
6.4,10,132.2335,1
6.4,11,195.0443,1
6.4,12,173.5305,1
6.4,13,103.2203,1
6.4,14,161.2551,1
6.4,15,91.7515,1
6.4,16,115.4013,1
6.4,17,158.0714,1
6.4,18,225.304,0
6.4,19,128.3513,1
6.4,20,172.5458,1
6.4,21,130.4711,1
6.4,22,179.7935,1
6.4,23,205.0999,0
6.4,24,265.0313,0
6.4,25,180.5644,1
6.4,26,198.6883,1
6.4,27,193.3407,1
6.4,28,206.9773,0
6.4,29,90.1961,1
6.4,30,192.9951,1
6.4,31,122.1209,1
6.4,32,102.0131,1
6.4,33,217.3965,0
6.4,34,205.6687,0
6.4,35,264.2282,0
6.4,36,55.3758,1
6.4,37,133.8629,1
6.4,38,171.1845,1
6.4,39,230.1097,0
6.4,40,177.7663,1
6.4,41,112.038,1
6.4,42,114.3927,1
6.4,43,137.7668,1
6.4,44,167.966,1
6.4,45,177.0515,1
6.4,46,177.0452,1
6.4,47,211.6758,0
6.4,48,227.222,0
6.4,49,192.093,1
6.5,0,152.2326,1
6.5,1,204.1761,0
6.5,2,161.6569,1
6.5,3,86.1807,1
6.5,4,72.4021,1
6.5,5,80.4785,1
6.5,6,176.7708,1
6.5,7,152.9693,1
6.5,8,250.4363,0
6.5,9,166.0129,1
6.5,10,131.7161,1
6.5,11,195.8204,1
6.5,12,173.67,1
6.5,13,104.3081,1
6.5,14,160.3304,1
6.5,15,92.6767,1
6.5,16,115.3507,1
6.5,17,159.2116,1
6.5,18,225.4554,0
6.5,19,128.506,1
6.5,20,172.6116,1
6.5,21,130.8187,1
6.5,22,179.6817,1
6.5,23,205.0379,0
6.5,24,265.7569,0
6.5,25,180.7907,1
6.5,26,198.6776,1
6.5,27,194.3865,1
6.5,28,206.3026,0
6.5,29,91.3738,1
6.5,30,191.9291,1
6.5,31,123.5396,1
6.5,32,102.7809,1
6.5,33,217.2145,0
6.5,34,206.8667,0
6.5,35,265.1378,0
6.5,36,56.2939,1
6.5,37,135.5865,1
6.5,38,171.5655,1
6.5,39,230.1907,0
6.5,40,178.1253,1
6.5,41,112.1227,1
6.5,42,115.0743,1
6.5,43,139.5897,1
6.5,44,169.2552,1
6.5,45,177.2603,1
6.5,46,178.1081,1
6.5,47,209.6365,0
6.5,48,228.6846,0
6.5,49,191.934,1
6.6,0,150.3315,1
6.6,1,205.2663,0
6.6,2,163.6235,1
6.6,3,87.1373,1
6.6,4,71.901,1
6.6,5,80.7254,1
6.6,6,175.058,1
6.6,7,152.609,1
6.6,8,250.4275,0
6.6,9,164.9978,1
6.6,10,130.4145,1
6.6,11,195.9664,1
6.6,12,172.4064,1
6.6,13,102.8044,1
6.6,14,161.0312,1
6.6,15,92.7309,1
6.6,16,115.8428,1
6.6,17,156.5997,1
6.6,18,226.7424,0
6.6,19,129.9277,1
6.6,20,173.0485,1
6.6,21,132.2099,1
6.6,22,179.137,1
6.6,23,205.0104,0
6.6,24,265.1524,0
6.6,25,181.2923,1
6.6,26,197.2329,1
6.6,27,194.0518,1
6.6,28,207.6779,0
6.6,29,91.5217,1
6.6,30,190.4199,1
6.6,31,125.1555,1
6.6,32,102.6689,1
6.6,33,217.4039,0
6.6,34,205.9257,0
6.6,35,264.168,0
6.6,36,56.4383,1
6.6,37,133.9881,1
6.6,38,171.8025,1
6.6,39,231.2293,0
6.6,40,179.3447,1
6.6,41,111.7742,1
6.6,42,112.0886,1
6.6,43,138.1679,1
6.6,44,168.0486,1
6.6,45,176.7581,1
6.6,46,177.5125,1
6.6,47,207.6957,0
6.6,48,230.6115,0
6.6,49,192.0357,1
6.7,0,151.6587,1
6.7,1,204.6345,0
6.7,2,161.5704,1
6.7,3,88.263,1
6.7,4,71.9164,1
6.7,5,82.0085,1
6.7,6,174.3785,1
6.7,7,152.7482,1
6.7,8,250.4005,0
6.7,9,163.9342,1
6.7,10,130.4356,1
6.7,11,196.0096,1
6.7,12,172.4397,1
6.7,13,101.9678,1
6.7,14,160.0664,1
6.7,15,92.7756,1
6.7,16,116.382,1
6.7,17,155.9349,1
6.7,18,227.0157,0
6.7,19,131.3843,1
6.7,20,173.0643,1
6.7,21,132.1926,1
6.7,22,176.5384,1
6.7,23,204.663,0
6.7,24,265.4657,0
6.7,25,180.4288,1
6.7,26,197.8292,1
6.7,27,191.5775,1
6.7,28,209.0651,0
6.7,29,92.2428,1
6.7,30,190.1862,1
6.7,31,123.5257,1
6.7,32,101.9975,1
6.7,33,217.6892,0
6.7,34,205.8356,0
6.7,35,266.7975,0
6.7,36,57.6081,1
6.7,37,132.135,1
6.7,38,171.1267,1
6.7,39,230.8926,0
6.7,40,178.1133,1
6.7,41,111.3949,1
6.7,42,111.6846,1
6.7,43,139.3433,1
6.7,44,168.1343,1
6.7,45,176.7232,1
6.7,46,179.4946,1
6.7,47,208.5821,0
6.7,48,230.281,0
6.7,49,192.926,1
6.8,0,149.8606,1
6.8,1,203.9031,0
6.8,2,159.8608,1
6.8,3,88.4857,1
6.8,4,71.6127,1
6.8,5,81.4001,1
6.8,6,174.7613,1
6.8,7,151.4159,1
6.8,8,251.274,0
6.8,9,164.3754,1
6.8,10,130.0397,1
6.8,11,195.3927,1
6.8,12,171.3176,1
6.8,13,100.4217,1
6.8,14,159.8523,1
6.8,15,92.6473,1
6.8,16,116.658,1
6.8,17,154.2197,1
6.8,18,227.7561,0
6.8,19,132.4466,1
6.8,20,173.6896,1
6.8,21,132.2113,1
6.8,22,176.1018,1
6.8,23,204.9002,0
6.8,24,265.8072,0
6.8,25,180.3119,1
6.8,26,196.3598,1
6.8,27,190.4369,1
6.8,28,208.5,0
6.8,29,91.7586,1
6.8,30,192.2182,1
6.8,31,122.8731,1
6.8,32,102.245,1
6.8,33,216.9677,0
6.8,34,206.9369,0
6.8,35,265.5889,0
6.8,36,58.2806,1
6.8,37,131.3789,1
6.8,38,169.8552,1
6.8,39,230.6548,0
6.8,40,179.2652,1
6.8,41,111.8616,1
6.8,42,110.7004,1
6.8,43,139.387,1
6.8,44,168.716,1
6.8,45,176.241,1
6.8,46,180.8527,1
6.8,47,208.7356,0
6.8,48,229.091,0
6.8,49,192.8435,1
6.9,0,151.829,1
6.9,1,204.6406,0
6.9,2,160.1733,1
6.9,3,88.5909,1
6.9,4,71.7278,1
6.9,5,82.8185,1
6.9,6,175.1518,1
6.9,7,151.3395,1
6.9,8,250.7581,0
6.9,9,163.6779,1
6.9,10,131.606,1
6.9,11,195.6434,1
6.9,12,172.3299,1
6.9,13,102.2289,1
6.9,14,159.8089,1
6.9,15,92.984,1
6.9,16,116.9777,1
6.9,17,152.8214,1
6.9,18,229.0995,0
6.9,19,131.5816,1
6.9,20,174.1022,1
6.9,21,133.6586,1
6.9,22,179.1584,1
6.9,23,205.1329,0
6.9,24,265.7446,0
6.9,25,180.1674,1
6.9,26,196.1842,1
6.9,27,189.7596,1
6.9,28,208.3763,0
6.9,29,92.0248,1
6.9,30,190.0185,1
6.9,31,124.2194,1
6.9,32,102.8849,1
6.9,33,217.036,0
6.9,34,205.4943,0
6.9,35,265.8777,0
6.9,36,58.5297,1
6.9,37,130.6186,1
6.9,38,167.6968,1
6.9,39,231.1776,0
6.9,40,180.6772,1
6.9,41,111.4181,1
6.9,42,113.0442,1
6.9,43,140.583,1
6.9,44,169.0885,1
6.9,45,176.1645,1
6.9,46,179.8488,1
6.9,47,208.1204,0
6.9,48,230.2827,0
6.9,49,193.8296,1
7.0,0,153.9722,1
7.0,1,206.653,0
7.0,2,160.5703,1
7.0,3,89.8412,1
7.0,4,72.1794,1
7.0,5,80.6913,1
7.0,6,175.1811,1
7.0,7,151.3845,1
7.0,8,251.0925,0
7.0,9,162.4349,1
7.0,10,131.9529,1
7.0,11,196.086,1
7.0,12,173.467,1
7.0,13,101.2429,1
7.0,14,160.7904,1
7.0,15,92.2236,1
7.0,16,117.0686,1
7.0,17,152.9148,1
7.0,18,228.295,0
7.0,19,131.6138,1
7.0,20,174.0824,1
7.0,21,133.6344,1
7.0,22,178.2098,1
7.0,23,205.0585,0
7.0,24,266.2981,0
7.0,25,180.6451,1
7.0,26,196.206,1
7.0,27,192.8247,1
7.0,28,209.5068,0
7.0,29,93.262,1
7.0,30,191.5901,1
7.0,31,123.3251,1
7.0,32,101.7322,1
7.0,33,216.143,0
7.0,34,204.4439,0
7.0,35,265.8283,0
7.0,36,57.7481,1
7.0,37,128.1529,1
7.0,38,168.5139,1
7.0,39,230.6862,0
7.0,40,181.039,1
7.0,41,110.9729,1
7.0,42,112.5658,1
7.0,43,140.0158,1
7.0,44,170.1518,1
7.0,45,175.8601,1
7.0,46,182.0456,1
7.0,47,205.3792,0
7.0,48,229.5537,0
7.0,49,194.1924,1
7.1,0,151.8282,1
7.1,1,205.404,0
7.1,2,161.1044,1
7.1,3,91.2541,1
7.1,4,72.5359,1
7.1,5,80.1517,1
7.1,6,175.8968,1
7.1,7,150.0607,1
7.1,8,250.5024,0
7.1,9,162.9249,1
7.1,10,132.326,1
7.1,11,196.9284,1
7.1,12,173.7179,1
7.1,13,102.9096,1
7.1,14,159.4629,1
7.1,15,91.3115,1
7.1,16,116.719,1
7.1,17,153.3669,1
7.1,18,227.4898,0
7.1,19,131.3006,1
7.1,20,174.0314,1
7.1,21,133.6527,1
7.1,22,179.2575,1
7.1,23,205.1934,0
7.1,24,266.8735,0
7.1,25,180.2659,1
7.1,26,196.1619,1
7.1,27,192.5345,1
7.1,28,209.5333,0
7.1,29,93.4307,1
7.1,30,191.0033,1
7.1,31,124.6298,1
7.1,32,101.6055,1
7.1,33,215.853,0
7.1,34,204.2854,0
7.1,35,267.183,0
7.1,36,59.0995,1
7.1,37,126.0632,1
7.1,38,166.3363,1
7.1,39,230.2773,0
7.1,40,180.8981,1
7.1,41,110.8561,1
7.1,42,111.6598,1
7.1,43,140.4376,1
7.1,44,170.0888,1
7.1,45,175.8941,1
7.1,46,182.193,1
7.1,47,205.2704,0
7.1,48,227.4956,0
7.1,49,195.2941,1
7.2,0,151.4406,1
7.2,1,205.6436,0
7.2,2,160.8316,1
7.2,3,92.5335,1
7.2,4,72.2304,1
7.2,5,81.9855,1
7.2,6,176.6012,1
7.2,7,150.4909,1
7.2,8,249.5356,0
7.2,9,163.7536,1
7.2,10,133.0078,1
7.2,11,197.9505,1
7.2,12,173.4063,1
7.2,13,103.462,1
7.2,14,159.2352,1
7.2,15,89.6935,1
7.2,16,116.6556,1
7.2,17,151.2964,1
7.2,18,228.0659,0
7.2,19,131.3034,1
7.2,20,173.9209,1
7.2,21,133.9415,1
7.2,22,177.2805,1
7.2,23,205.3665,0
7.2,24,266.9774,0
7.2,25,180.7391,1
7.2,26,197.1675,1
7.2,27,190.7856,1
7.2,28,209.4341,0
7.2,29,93.2042,1
7.2,30,191.2009,1
7.2,31,124.0499,1
7.2,32,102.449,1
7.2,33,216.0326,0
7.2,34,204.0724,0
7.2,35,267.184,0
7.2,36,59.109,1
7.2,37,124.7326,1
7.2,38,165.2071,1
7.2,39,229.7273,0
7.2,40,180.8411,1
7.2,41,110.5282,1
7.2,42,111.893,1
7.2,43,140.4573,1
7.2,44,169.6122,1
7.2,45,176.4411,1
7.2,46,181.4433,1
7.2,47,205.6837,0
7.2,48,228.298,0
7.2,49,195.3123,1
7.3,0,151.3534,1
7.3,1,205.7295,0
7.3,2,158.4184,1
7.3,3,92.1021,1
7.3,4,72.2598,1
7.3,5,82.5357,1
7.3,6,175.9786,1
7.3,7,150.2966,1
7.3,8,249.65,0
7.3,9,163.4679,1
7.3,10,132.8925,1
7.3,11,197.4069,1
7.3,12,172.0331,1
7.3,13,103.1925,1
7.3,14,158.1994,1
7.3,15,89.1339,1
7.3,16,116.1207,1
7.3,17,153.723,1
7.3,18,227.4035,0
7.3,19,130.8728,1
7.3,20,174.5098,1
7.3,21,132.6306,1
7.3,22,176.747,1
7.3,23,205.355,0
7.3,24,266.2826,0
7.3,25,180.6686,1
7.3,26,197.1298,1
7.3,27,190.4586,1
7.3,28,209.1066,0
7.3,29,93.2525,1
7.3,30,188.6545,1
7.3,31,123.3381,1
7.3,32,102.0969,1
7.3,33,216.3619,0
7.3,34,204.5432,0
7.3,35,267.0417,0
7.3,36,57.5362,1
7.3,37,124.1793,1
7.3,38,167.833,1
7.3,39,229.941,0
7.3,40,180.7648,1
7.3,41,110.6308,1
7.3,42,111.1991,1
7.3,43,140.8487,1
7.3,44,170.767,1
7.3,45,176.5763,1
7.3,46,181.2091,1
7.3,47,207.4633,0
7.3,48,229.0809,0
7.3,49,195.8342,1
7.4,0,151.0882,1
7.4,1,204.7724,0
7.4,2,159.1959,1
7.4,3,90.7772,1
7.4,4,71.8832,1
7.4,5,84.0795,1
7.4,6,176.4695,1
7.4,7,151.3357,1
7.4,8,248.6801,0
7.4,9,164.6196,1
7.4,10,133.049,1
7.4,11,197.1494,1
7.4,12,173.5632,1
7.4,13,103.6339,1
7.4,14,157.0257,1
7.4,15,89.4301,1
7.4,16,116.2731,1
7.4,17,154.1123,1
7.4,18,228.3809,0
7.4,19,132.109,1
7.4,20,174.1495,1
7.4,21,131.6543,1
7.4,22,177.023,1
7.4,23,205.5135,0
7.4,24,266.4881,0
7.4,25,181.5102,1
7.4,26,196.596,1
7.4,27,190.0035,1
7.4,28,209.3346,0
7.4,29,92.7366,1
7.4,30,187.8978,1
7.4,31,125.2187,1
7.4,32,102.301,1
7.4,33,216.3428,0
7.4,34,203.8206,0
7.4,35,264.7298,0
7.4,36,58.8613,1
7.4,37,126.5348,1
7.4,38,168.0089,1
7.4,39,229.5811,0
7.4,40,179.3226,1
7.4,41,110.6507,1
7.4,42,112.4347,1
7.4,43,140.6862,1
7.4,44,170.3214,1
7.4,45,177.1522,1
7.4,46,180.2708,1
7.4,47,207.4016,0
7.4,48,227.1593,0
7.4,49,196.1162,1
7.5,0,150.522,1
7.5,1,204.6201,0
7.5,2,160.416,1
7.5,3,90.0548,1
7.5,4,72.1125,1
7.5,5,84.0715,1
7.5,6,174.6283,1
7.5,7,150.529,1
7.5,8,248.6633,0
7.5,9,164.7073,1
7.5,10,132.9128,1
7.5,11,196.9896,1
7.5,12,172.4031,1
7.5,13,102.285,1
7.5,14,158.5102,1
7.5,15,88.1462,1
7.5,16,116.5864,1
7.5,17,155.476,1
7.5,18,228.1304,0
7.5,19,133.308,1
7.5,20,173.4788,1
7.5,21,129.301,1
7.5,22,175.3495,1
7.5,23,205.2525,0
7.5,24,266.4818,0
7.5,25,181.7111,1
7.5,26,195.4371,1
7.5,27,190.4818,1
7.5,28,208.4555,0
7.5,29,93.2974,1
7.5,30,188.346,1
7.5,31,125.2583,1
7.5,32,102.416,1
7.5,33,215.6965,0
7.5,34,204.4651,0
7.5,35,263.4894,0
7.5,36,60.0372,1
7.5,37,126.6918,1
7.5,38,170.3416,1
7.5,39,228.6165,0
7.5,40,179.8162,1
7.5,41,110.8254,1
7.5,42,112.0193,1
7.5,43,141.7716,1
7.5,44,170.7168,1
7.5,45,177.6846,1
7.5,46,178.3236,1
7.5,47,206.7793,0
7.5,48,227.5618,0
7.5,49,195.225,1
7.6,0,152.4962,1
7.6,1,203.959,0
7.6,2,160.3493,1
7.6,3,91.3601,1
7.6,4,71.9446,1
7.6,5,84.2579,1
7.6,6,171.6743,1
7.6,7,149.9315,1
7.6,8,248.8937,0
7.6,9,164.8699,1
7.6,10,132.8658,1
7.6,11,196.4937,1
7.6,12,171.0312,1
7.6,13,102.2593,1
7.6,14,158.9646,1
7.6,15,88.1118,1
7.6,16,116.4547,1
7.6,17,154.6319,1
7.6,18,228.3845,0
7.6,19,134.4718,1
7.6,20,172.8324,1
7.6,21,127.1424,1
7.6,22,173.5338,1
7.6,23,204.6567,0
7.6,24,266.8402,0
7.6,25,181.2773,1
7.6,26,196.6261,1
7.6,27,193.2475,1
7.6,28,208.2658,0
7.6,29,93.2306,1
7.6,30,186.2703,1
7.6,31,122.6028,1
7.6,32,102.2206,1
7.6,33,216.1841,0
7.6,34,203.0512,0
7.6,35,263.0662,0
7.6,36,61.046,1
7.6,37,125.5284,1
7.6,38,171.1011,1
7.6,39,229.8088,0
7.6,40,180.4478,1
7.6,41,110.8,1
7.6,42,109.7182,1
7.6,43,139.7505,1
7.6,44,171.0774,1
7.6,45,178.2335,1
7.6,46,178.8597,1
7.6,47,204.1437,0
7.6,48,226.3233,0
7.6,49,194.9081,1
7.7,0,153.8812,1
7.7,1,204.6844,0
7.7,2,161.6707,1
7.7,3,91.1923,1
7.7,4,71.8981,1
7.7,5,86.4106,1
7.7,6,171.5376,1
7.7,7,149.3335,1
7.7,8,248.4097,0
7.7,9,163.7194,1
7.7,10,132.5731,1
7.7,11,195.7733,1
7.7,12,172.2044,1
7.7,13,104.5438,1
7.7,14,158.9143,1
7.7,15,88.1153,1
7.7,16,116.9127,1
7.7,17,154.3421,1
7.7,18,226.9661,0
7.7,19,133.2182,1
7.7,20,173.2536,1
7.7,21,125.6495,1
7.7,22,173.5545,1
7.7,23,204.1532,0
7.7,24,267.2008,0
7.7,25,180.9496,1
7.7,26,196.9449,1
7.7,27,193.1657,1
7.7,28,208.4809,0
7.7,29,93.5452,1
7.7,30,185.6104,1
7.7,31,121.0886,1
7.7,32,102.1334,1
7.7,33,215.6042,0
7.7,34,202.9488,0
7.7,35,262.1068,0
7.7,36,59.0111,1
7.7,37,124.4287,1
7.7,38,171.4617,1
7.7,39,229.957,0
7.7,40,181.1258,1
7.7,41,110.6679,1
7.7,42,108.4053,1
7.7,43,139.2894,1
7.7,44,170.8388,1
7.7,45,178.0924,1
7.7,46,176.7991,1
7.7,47,204.2763,0
7.7,48,224.7215,0
7.7,49,195.1643,1
7.8,0,154.8656,1
7.8,1,204.9292,0
7.8,2,162.2444,1
7.8,3,91.6929,1
7.8,4,71.6346,1
7.8,5,86.0187,1
7.8,6,173.6565,1
7.8,7,148.9595,1
7.8,8,249.2849,0
7.8,9,162.8764,1
7.8,10,134.0498,1
7.8,11,194.8272,1
7.8,12,172.2016,1
7.8,13,106.125,1
7.8,14,158.8141,1
7.8,15,87.7415,1
7.8,16,116.3944,1
7.8,17,155.7564,1
7.8,18,225.43,0
7.8,19,132.4517,1
7.8,20,173.6385,1
7.8,21,127.8319,1
7.8,22,171.0485,1
7.8,23,204.3386,0
7.8,24,267.0561,0
7.8,25,181.5694,1
7.8,26,195.1816,1
7.8,27,190.7269,1
7.8,28,208.0263,0
7.8,29,92.8554,1
7.8,30,183.2395,1
7.8,31,121.9304,1
7.8,32,101.5665,1
7.8,33,216.0156,0
7.8,34,201.8387,0
7.8,35,263.1856,0
7.8,36,56.6821,1
7.8,37,124.3878,1
7.8,38,173.337,1
7.8,39,228.964,0
7.8,40,181.1336,1
7.8,41,110.2421,1
7.8,42,108.215,1
7.8,43,137.5481,1
7.8,44,169.5966,1
7.8,45,178.3105,1
7.8,46,174.9379,1
7.8,47,205.8674,0
7.8,48,225.4759,0
7.8,49,195.2999,1
7.9,0,155.1736,1
7.9,1,205.1403,0
7.9,2,163.5547,1
7.9,3,90.7695,1
7.9,4,72.1274,1
7.9,5,84.6918,1
7.9,6,173.4692,1
7.9,7,147.7913,1
7.9,8,248.5747,0
7.9,9,162.9913,1
7.9,10,133.9007,1
7.9,11,195.0588,1
7.9,12,170.9074,1
7.9,13,103.7892,1
7.9,14,158.5639,1
7.9,15,88.0973,1
7.9,16,116.6652,1
7.9,17,153.1727,1
7.9,18,224.239,0
7.9,19,132.7695,1
7.9,20,173.1839,1
7.9,21,128.8815,1
7.9,22,173.0009,1
7.9,23,204.4904,0
7.9,24,266.4043,0
7.9,25,181.4327,1
7.9,26,197.072,1
7.9,27,191.7066,1
7.9,28,208.4092,0
7.9,29,92.7783,1
7.9,30,181.3868,1
7.9,31,122.2808,1
7.9,32,101.8046,1
7.9,33,215.1446,0
7.9,34,202.2011,0
7.9,35,262.8452,0
7.9,36,56.2568,1
7.9,37,124.9807,1
7.9,38,175.6897,1
7.9,39,229.8039,0
7.9,40,181.2891,1
7.9,41,110.3661,1
7.9,42,108.2545,1
7.9,43,136.3783,1
7.9,44,169.5717,1
7.9,45,178.5892,1
7.9,46,176.193,1
7.9,47,205.4999,0
7.9,48,226.96,0
7.9,49,195.1375,1
8.0,0,156.2909,1
8.0,1,203.3111,0
8.0,2,165.5203,1
8.0,3,90.2251,1
8.0,4,72.3681,1
8.0,5,83.434,1
8.0,6,175.4666,1
8.0,7,146.7975,1
8.0,8,249.2162,0
8.0,9,163.1577,1
8.0,10,133.6643,1
8.0,11,194.088,1
8.0,12,171.1692,1
8.0,13,104.1997,1
8.0,14,159.4832,1
8.0,15,86.6732,1
8.0,16,116.646,1
8.0,17,152.5996,1
8.0,18,225.1736,0
8.0,19,132.7638,1
8.0,20,173.2719,1
8.0,21,126.7582,1
8.0,22,173.118,1
8.0,23,204.5922,0
8.0,24,266.1512,0
8.0,25,181.5699,1
8.0,26,197.7639,1
8.0,27,194.7642,1
8.0,28,208.4327,0
8.0,29,91.9165,1
8.0,30,181.5782,1
8.0,31,124.694,1
8.0,32,101.6886,1
8.0,33,215.8826,0
8.0,34,201.1917,0
8.0,35,260.5771,0
8.0,36,56.648,1
8.0,37,125.0738,1
8.0,38,176.6256,1
8.0,39,228.8885,0
8.0,40,181.6152,1
8.0,41,110.2637,1
8.0,42,110.7893,1
8.0,43,134.5143,1
8.0,44,170.2172,1
8.0,45,178.5852,1
8.0,46,178.5227,1
8.0,47,205.2106,0
8.0,48,226.8971,0
8.0,49,195.0105,1
8.1,0,154.6831,1
8.1,1,202.6034,0
8.1,2,167.669,1
8.1,3,89.9414,1
8.1,4,72.3494,1
8.1,5,84.5303,1
8.1,6,176.9503,1
8.1,7,145.8012,1
8.1,8,249.1961,0
8.1,9,162.4952,1
8.1,10,132.1452,1
8.1,11,194.2566,1
8.1,12,171.6902,1
8.1,13,103.33,1
8.1,14,159.8127,1
8.1,15,85.8008,1
8.1,16,116.639,1
8.1,17,152.7998,1
8.1,18,225.2375,0
8.1,19,132.2384,1
8.1,20,173.5939,1
8.1,21,127.7828,1
8.1,22,170.3174,1
8.1,23,204.6276,0
8.1,24,266.9842,0
8.1,25,182.4639,1
8.1,26,198.9136,1
8.1,27,196.0768,1
8.1,28,208.3718,0
8.1,29,92.0897,1
8.1,30,181.4692,1
8.1,31,124.8309,1
8.1,32,101.3402,1
8.1,33,215.6185,0
8.1,34,200.4522,0
8.1,35,260.6652,0
8.1,36,54.4573,1
8.1,37,126.2212,1
8.1,38,177.3053,1
8.1,39,229.525,0
8.1,40,182.5369,1
8.1,41,110.2682,1
8.1,42,113.0717,1
8.1,43,136.098,1
8.1,44,169.7326,1
8.1,45,178.6966,1
8.1,46,180.85,1
8.1,47,206.1699,0
8.1,48,226.3493,0
8.1,49,195.6406,1
8.2,0,154.7458,1
8.2,1,201.2236,0
8.2,2,166.8595,1
8.2,3,88.6083,1
8.2,4,71.91,1
8.2,5,82.5379,1
8.2,6,175.4485,1
8.2,7,145.8769,1
8.2,8,249.399,0
8.2,9,163.1104,1
8.2,10,132.0858,1
8.2,11,195.5011,1
8.2,12,173.2189,1
8.2,13,103.2863,1
8.2,14,161.2642,1
8.2,15,87.3479,1
8.2,16,116.8007,1
8.2,17,153.8755,1
8.2,18,226.7805,0
8.2,19,132.1994,1
8.2,20,174.0565,1
8.2,21,128.2151,1
8.2,22,170.0901,1
8.2,23,204.0996,0
8.2,24,266.8228,0
8.2,25,182.0625,1
8.2,26,199.5246,1
8.2,27,196.1787,1
8.2,28,207.4361,0
8.2,29,92.5481,1
8.2,30,180.3024,1
8.2,31,124.5831,1
8.2,32,101.6559,1
8.2,33,215.7146,0
8.2,34,200.7838,0
8.2,35,261.1327,0
8.2,36,54.4147,1
8.2,37,125.5657,1
8.2,38,177.0247,1
8.2,39,230.5188,0
8.2,40,181.9016,1
8.2,41,110.1763,1
8.2,42,114.9723,1
8.2,43,136.2796,1
8.2,44,170.9076,1
8.2,45,179.1507,1
8.2,46,178.9867,1
8.2,47,204.7891,0
8.2,48,228.0229,0
8.2,49,195.5891,1
8.3,0,156.5532,1
8.3,1,201.4487,0
8.3,2,168.6031,1
8.3,3,88.7326,1
8.3,4,72.0501,1
8.3,5,80.1451,1
8.3,6,177.2701,1
8.3,7,146.8126,1
8.3,8,249.0194,0
8.3,9,162.6383,1
8.3,10,131.6813,1
8.3,11,194.7336,1
8.3,12,173.5373,1
8.3,13,103.0193,1
8.3,14,161.286,1
8.3,15,87.9155,1
8.3,16,116.5107,1
8.3,17,156.2279,1
8.3,18,227.6091,0
8.3,19,132.6175,1
8.3,20,174.1849,1
8.3,21,126.725,1
8.3,22,171.7201,1
8.3,23,204.2489,0
8.3,24,266.4235,0
8.3,25,182.3173,1
8.3,26,197.91,1
8.3,27,195.463,1
8.3,28,208.9963,0
8.3,29,92.2131,1
8.3,30,182.5131,1
8.3,31,125.6488,1
8.3,32,101.6061,1
8.3,33,214.9567,0
8.3,34,200.5628,0
8.3,35,260.7164,0
8.3,36,53.8394,1
8.3,37,126.6091,1
8.3,38,179.8385,1
8.3,39,230.6854,0
8.3,40,182.9759,1
8.3,41,110.2524,1
8.3,42,114.6017,1
8.3,43,137.4094,1
8.3,44,169.6884,1
8.3,45,179.6887,1
8.3,46,181.1667,1
8.3,47,206.6049,0
8.3,48,229.3198,0
8.3,49,195.0575,1
8.4,0,157.1938,1
8.4,1,199.5225,1
8.4,2,168.7522,1
8.4,3,87.5835,1
8.4,4,72.0,1
8.4,5,77.9548,1
8.4,6,175.6964,1
8.4,7,146.8275,1
8.4,8,249.1007,0
8.4,9,163.625,1
8.4,10,130.595,1
8.4,11,194.1985,1
8.4,12,172.9569,1
8.4,13,103.3152,1
8.4,14,161.3141,1
8.4,15,88.1221,1
8.4,16,116.7087,1
8.4,17,156.2104,1
8.4,18,229.2943,0
8.4,19,132.4862,1
8.4,20,173.7341,1
8.4,21,126.9813,1
8.4,22,171.3658,1
8.4,23,203.8705,0
8.4,24,265.4901,0
8.4,25,182.3355,1
8.4,26,198.0469,1
8.4,27,198.2972,1
8.4,28,209.3779,0
8.4,29,93.4209,1
8.4,30,180.7189,1
8.4,31,128.1623,1
8.4,32,102.4703,1
8.4,33,214.8861,0
8.4,34,200.2213,0
8.4,35,258.5204,0
8.4,36,53.3815,1
8.4,37,125.3574,1
8.4,38,178.165,1
8.4,39,231.2864,0
8.4,40,182.9621,1
8.4,41,110.0072,1
8.4,42,113.0603,1
8.4,43,135.9643,1
8.4,44,170.1282,1
8.4,45,180.0174,1
8.4,46,179.0342,1
8.4,47,206.7335,0
8.4,48,227.8201,0
8.4,49,194.3338,1
8.5,0,157.715,1
8.5,1,200.7527,0
8.5,2,169.5548,1
8.5,3,87.2013,1
8.5,4,71.5873,1
8.5,5,76.1612,1
8.5,6,175.2728,1
8.5,7,146.0243,1
8.5,8,249.1546,0
8.5,9,163.4657,1
8.5,10,131.391,1
8.5,11,194.3282,1
8.5,12,171.7483,1
8.5,13,103.3732,1
8.5,14,161.2421,1
8.5,15,89.1453,1
8.5,16,116.8199,1
8.5,17,154.804,1
8.5,18,230.2833,0
8.5,19,132.0939,1
8.5,20,173.0352,1
8.5,21,125.286,1
8.5,22,174.0361,1
8.5,23,204.1633,0
8.5,24,265.7769,0
8.5,25,181.9239,1
8.5,26,199.0,1
8.5,27,198.8437,1
8.5,28,209.5899,0
8.5,29,93.5286,1
8.5,30,181.1096,1
8.5,31,126.1028,1
8.5,32,102.341,1
8.5,33,214.2995,0
8.5,34,200.9288,0
8.5,35,257.8744,0
8.5,36,54.7246,1
8.5,37,126.958,1
8.5,38,178.3358,1
8.5,39,231.4122,0
8.5,40,182.6543,1
8.5,41,110.0201,1
8.5,42,113.7111,1
8.5,43,137.255,1
8.5,44,171.0686,1
8.5,45,180.5982,1
8.5,46,180.0204,1
8.5,47,209.3292,0
8.5,48,226.3322,0
8.5,49,194.2832,1
8.6,0,158.7311,1
8.6,1,200.249,0
8.6,2,167.9234,1
8.6,3,88.3638,1
8.6,4,71.5618,1
8.6,5,74.2806,1
8.6,6,175.1108,1
8.6,7,145.8859,1
8.6,8,248.4246,0
8.6,9,163.1023,1
8.6,10,129.911,1
8.6,11,194.061,1
8.6,12,172.2248,1
8.6,13,105.1348,1
8.6,14,160.0362,1
8.6,15,90.3345,1
8.6,16,116.2339,1
8.6,17,155.6406,1
8.6,18,230.45,0
8.6,19,133.1641,1
8.6,20,173.7531,1
8.6,21,124.7912,1
8.6,22,174.1315,1
8.6,23,204.4295,0
8.6,24,265.0207,0
8.6,25,181.7281,1
8.6,26,198.9574,1
8.6,27,199.4695,1
8.6,28,207.8481,0
8.6,29,94.0056,1
8.6,30,183.7047,1
8.6,31,124.4736,1
8.6,32,102.8363,1
8.6,33,214.1009,0
8.6,34,201.8376,0
8.6,35,257.5696,0
8.6,36,53.9215,1
8.6,37,127.3904,1
8.6,38,178.5386,1
8.6,39,231.1274,0
8.6,40,182.8162,1
8.6,41,110.1532,1
8.6,42,113.9662,1
8.6,43,136.609,1
8.6,44,171.4175,1
8.6,45,180.0001,1
8.6,46,179.6272,1
8.6,47,208.9411,0
8.6,48,226.0598,0
8.6,49,193.8162,1
8.7,0,158.6444,1
8.7,1,201.7973,0
8.7,2,165.7496,1
8.7,3,88.1752,1
8.7,4,71.6777,1
8.7,5,74.4444,1
8.7,6,176.1654,1
8.7,7,147.2579,1
8.7,8,247.832,0
8.7,9,163.1587,1
8.7,10,128.4479,1
8.7,11,193.6801,1
8.7,12,172.5842,1
8.7,13,106.3685,1
8.7,14,159.9655,1
8.7,15,89.6345,1
8.7,16,116.7929,1
8.7,17,155.7219,1
8.7,18,229.7329,0
8.7,19,134.0009,1
8.7,20,173.6335,1
8.7,21,124.7593,1
8.7,22,174.6952,1
8.7,23,203.838,0
8.7,24,264.6994,0
8.7,25,180.7926,1
8.7,26,197.723,1
8.7,27,200.0162,0
8.7,28,207.8066,0
8.7,29,94.067,1
8.7,30,185.0355,1
8.7,31,125.1634,1
8.7,32,103.9886,1
8.7,33,214.0712,0
8.7,34,203.3434,0
8.7,35,259.2079,0
8.7,36,53.1422,1
8.7,37,125.8131,1
8.7,38,175.7599,1
8.7,39,231.1914,0
8.7,40,182.6387,1
8.7,41,109.813,1
8.7,42,112.0909,1
8.7,43,137.0543,1
8.7,44,171.9507,1
8.7,45,180.0599,1
8.7,46,180.0412,1
8.7,47,210.9317,0
8.7,48,225.9509,0
8.7,49,194.6411,1
8.8,0,157.1461,1
8.8,1,204.0576,0
8.8,2,166.8142,1
8.8,3,88.1462,1
8.8,4,71.6681,1
8.8,5,74.3007,1
8.8,6,178.1372,1
8.8,7,146.5937,1
8.8,8,247.3703,0
8.8,9,162.6064,1
8.8,10,128.3914,1
8.8,11,193.6473,1
8.8,12,173.1799,1
8.8,13,108.5052,1
8.8,14,158.4921,1
8.8,15,90.2821,1
8.8,16,116.7888,1
8.8,17,158.8664,1
8.8,18,231.0375,0
8.8,19,134.1116,1
8.8,20,173.1505,1
8.8,21,124.7301,1
8.8,22,175.7746,1
8.8,23,204.3322,0
8.8,24,264.952,0
8.8,25,180.5589,1
8.8,26,198.121,1
8.8,27,203.1764,0
8.8,28,206.8854,0
8.8,29,93.5924,1
8.8,30,185.1581,1
8.8,31,125.9965,1
8.8,32,102.8424,1
8.8,33,213.3011,0
8.8,34,203.1152,0
8.8,35,257.0161,0
8.8,36,53.2712,1
8.8,37,126.4344,1
8.8,38,178.1508,1
8.8,39,231.317,0
8.8,40,183.939,1
8.8,41,109.9749,1
8.8,42,110.8376,1
8.8,43,135.9736,1
8.8,44,171.7134,1
8.8,45,180.511,1
8.8,46,181.0101,1
8.8,47,211.9453,0
8.8,48,228.2173,0
8.8,49,194.7239,1
8.9,0,157.8528,1
8.9,1,204.215,0
8.9,2,167.4928,1
8.9,3,86.8617,1
8.9,4,71.8055,1
8.9,5,74.6265,1
8.9,6,179.7907,1
8.9,7,145.3302,1
8.9,8,246.7625,0
8.9,9,163.3927,1
8.9,10,128.1931,1
8.9,11,193.9918,1
8.9,12,173.9463,1
8.9,13,109.2859,1
8.9,14,158.5424,1
8.9,15,90.933,1
8.9,16,116.9246,1
8.9,17,159.2028,1
8.9,18,229.9964,0
8.9,19,133.8122,1
8.9,20,173.0912,1
8.9,21,126.4541,1
8.9,22,174.8812,1
8.9,23,203.8522,0
8.9,24,264.9523,0
8.9,25,180.0569,1
8.9,26,198.2976,1
8.9,27,204.0813,0
8.9,28,207.9657,0
8.9,29,92.4885,1
8.9,30,185.1356,1
8.9,31,124.5159,1
8.9,32,102.7299,1
8.9,33,213.0168,0
8.9,34,203.227,0
8.9,35,255.6292,0
8.9,36,53.8084,1
8.9,37,128.3553,1
8.9,38,178.7276,1
8.9,39,231.3734,0
8.9,40,184.8355,1
8.9,41,109.5388,1
8.9,42,111.507,1
8.9,43,135.0141,1
8.9,44,172.6993,1
8.9,45,179.8191,1
8.9,46,183.5112,1
8.9,47,210.7631,0
8.9,48,227.5894,0
8.9,49,194.712,1
9.0,0,157.44,1
9.0,1,204.8974,0
9.0,2,169.5703,1
9.0,3,86.906,1
9.0,4,71.9217,1
9.0,5,72.4992,1
9.0,6,181.3211,1
9.0,7,145.4429,1
9.0,8,246.8374,0
9.0,9,164.4614,1
9.0,10,127.6667,1
9.0,11,192.8838,1
9.0,12,175.1199,1
9.0,13,110.734,1
9.0,14,157.8018,1
9.0,15,91.0359,1
9.0,16,117.2025,1
9.0,17,158.2333,1
9.0,18,229.4337,0
9.0,19,133.636,1
9.0,20,172.5338,1
9.0,21,127.3674,1
9.0,22,175.3529,1
9.0,23,204.3889,0
9.0,24,265.8819,0
9.0,25,179.155,1
9.0,26,198.5026,1
9.0,27,203.386,0
9.0,28,207.6152,0
9.0,29,92.4697,1
9.0,30,184.9232,1
9.0,31,124.0498,1
9.0,32,103.1574,1
9.0,33,212.1694,0
9.0,34,204.5094,0
9.0,35,254.2719,0
9.0,36,52.57,1
9.0,37,130.5873,1
9.0,38,180.6533,1
9.0,39,230.4894,0
9.0,40,184.9564,1
9.0,41,109.4548,1
9.0,42,111.7181,1
9.0,43,133.4675,1
9.0,44,171.5752,1
9.0,45,179.7078,1
9.0,46,180.9967,1
9.0,47,209.8528,0
9.0,48,229.4172,0
9.0,49,194.6817,1
9.1,0,157.2202,1
9.1,1,205.1482,0
9.1,2,167.5626,1
9.1,3,87.4262,1
9.1,4,72.2239,1
9.1,5,71.774,1
9.1,6,179.1639,1
9.1,7,145.899,1
9.1,8,247.6952,0
9.1,9,163.3559,1
9.1,10,126.6024,1
9.1,11,192.9899,1
9.1,12,176.2894,1
9.1,13,110.5898,1
9.1,14,158.2949,1
9.1,15,90.6764,1
9.1,16,117.5356,1
9.1,17,158.4508,1
9.1,18,230.1679,0
9.1,19,133.7953,1
9.1,20,172.5006,1
9.1,21,127.1651,1
9.1,22,178.3137,1
9.1,23,204.135,0
9.1,24,266.7244,0
9.1,25,178.6587,1
9.1,26,197.6545,1
9.1,27,200.1643,0
9.1,28,206.8564,0
9.1,29,92.0041,1
9.1,30,185.4018,1
9.1,31,125.1919,1
9.1,32,103.7231,1
9.1,33,211.7403,0
9.1,34,205.4781,0
9.1,35,256.2976,0
9.1,36,51.9792,1
9.1,37,131.0114,1
9.1,38,179.7425,1
9.1,39,230.1844,0
9.1,40,186.3759,1
9.1,41,109.5834,1
9.1,42,113.9164,1
9.1,43,132.0557,1
9.1,44,172.2705,1
9.1,45,180.3025,1
9.1,46,183.4826,1
9.1,47,209.2195,0
9.1,48,230.0107,0
9.1,49,195.5535,1
9.2,0,155.5247,1
9.2,1,204.689,0
9.2,2,169.6176,1
9.2,3,88.0101,1
9.2,4,72.6448,1
9.2,5,69.9239,1
9.2,6,176.1855,1
9.2,7,145.0794,1
9.2,8,248.4956,0
9.2,9,163.0065,1
9.2,10,126.8644,1
9.2,11,192.2258,1
9.2,12,175.5809,1
9.2,13,109.1486,1
9.2,14,158.0524,1
9.2,15,90.5316,1
9.2,16,117.4984,1
9.2,17,160.9999,1
9.2,18,231.6054,0
9.2,19,133.2715,1
9.2,20,172.6569,1
9.2,21,124.9297,1
9.2,22,178.3507,1
9.2,23,203.521,0
9.2,24,266.7557,0
9.2,25,177.9533,1
9.2,26,199.7201,1
9.2,27,200.6658,0
9.2,28,206.3723,0
9.2,29,92.8176,1
9.2,30,184.8968,1
9.2,31,126.2057,1
9.2,32,103.6709,1
9.2,33,212.6969,0
9.2,34,205.7346,0
9.2,35,254.3814,0
9.2,36,51.8547,1
9.2,37,132.4591,1
9.2,38,177.8247,1
9.2,39,230.3259,0
9.2,40,186.3985,1
9.2,41,109.655,1
9.2,42,111.9148,1
9.2,43,134.2988,1
9.2,44,170.975,1
9.2,45,179.819,1
9.2,46,181.2821,1
9.2,47,207.021,0
9.2,48,228.0926,0
9.2,49,195.0901,1
9.3,0,153.7805,1
9.3,1,203.4437,0
9.3,2,171.1859,1
9.3,3,86.7047,1
9.3,4,72.4591,1
9.3,5,70.3586,1
9.3,6,175.9231,1
9.3,7,146.4417,1
9.3,8,248.5808,0
9.3,9,163.6418,1
9.3,10,127.1218,1
9.3,11,191.3165,1
9.3,12,174.4111,1
9.3,13,110.6663,1
9.3,14,158.362,1
9.3,15,92.1839,1
9.3,16,117.384,1
9.3,17,160.6418,1
9.3,18,229.9381,0
9.3,19,134.4388,1
9.3,20,172.2957,1
9.3,21,126.5367,1
9.3,22,178.0629,1
9.3,23,203.8818,0
9.3,24,266.1898,0
9.3,25,178.627,1
9.3,26,198.1348,1
9.3,27,203.4964,0
9.3,28,206.2836,0
9.3,29,91.8774,1
9.3,30,186.6018,1
9.3,31,126.0034,1
9.3,32,102.8894,1
9.3,33,212.8912,0
9.3,34,205.8007,0
9.3,35,254.3621,0
9.3,36,52.446,1
9.3,37,133.4377,1
9.3,38,178.219,1
9.3,39,229.3583,0
9.3,40,187.1265,1
9.3,41,109.3244,1
9.3,42,110.8568,1
9.3,43,134.7291,1
9.3,44,171.54,1
9.3,45,180.1244,1
9.3,46,178.8712,1
9.3,47,207.3644,0
9.3,48,229.0881,0
9.3,49,195.3872,1
9.4,0,153.7962,1
9.4,1,203.3239,0
9.4,2,170.7117,1
9.4,3,87.4507,1
9.4,4,72.5367,1
9.4,5,69.9957,1
9.4,6,176.8672,1
9.4,7,146.2724,1
9.4,8,248.3947,0
9.4,9,164.5869,1
9.4,10,126.8288,1
9.4,11,192.2884,1
9.4,12,173.7231,1
9.4,13,111.5451,1
9.4,14,158.4331,1
9.4,15,92.7615,1
9.4,16,116.9395,1
9.4,17,159.5461,1
9.4,18,229.4402,0
9.4,19,134.3294,1
9.4,20,172.1001,1
9.4,21,126.4646,1
9.4,22,178.9123,1
9.4,23,204.386,0
9.4,24,266.3762,0
9.4,25,178.0104,1
9.4,26,199.5961,1
9.4,27,205.6495,0
9.4,28,206.0782,0
9.4,29,92.1961,1
9.4,30,188.2914,1
9.4,31,123.455,1
9.4,32,102.9096,1
9.4,33,212.7648,0
9.4,34,205.3616,0
9.4,35,252.5139,0
9.4,36,53.2878,1
9.4,37,133.7089,1
9.4,38,175.7161,1
9.4,39,228.141,0
9.4,40,188.1387,1
9.4,41,108.7174,1
9.4,42,111.4638,1
9.4,43,132.8426,1
9.4,44,172.4084,1
9.4,45,179.981,1
9.4,46,180.1924,1
9.4,47,207.8994,0
9.4,48,227.9168,0
9.4,49,194.9699,1
9.5,0,153.7499,1
9.5,1,201.9953,0
9.5,2,168.6983,1
9.5,3,86.3419,1
9.5,4,72.964,1
9.5,5,71.0054,1
9.5,6,179.0272,1
9.5,7,146.3546,1
9.5,8,247.4048,0
9.5,9,164.5212,1
9.5,10,127.0499,1
9.5,11,191.4739,1
9.5,12,174.9215,1
9.5,13,111.361,1
9.5,14,158.3894,1
9.5,15,93.6545,1
9.5,16,116.8191,1
9.5,17,159.3349,1
9.5,18,230.7549,0
9.5,19,133.9006,1
9.5,20,172.1984,1
9.5,21,126.8683,1
9.5,22,181.9737,1
9.5,23,204.9497,0
9.5,24,266.8504,0
9.5,25,177.9764,1
9.5,26,199.0721,1
9.5,27,208.8091,0
9.5,28,207.8289,0
9.5,29,93.1047,1
9.5,30,186.6182,1
9.5,31,125.1678,1
9.5,32,103.9134,1
9.5,33,212.1492,0
9.5,34,206.147,0
9.5,35,252.5528,0
9.5,36,53.8012,1
9.5,37,133.7871,1
9.5,38,175.3824,1
9.5,39,228.0355,0
9.5,40,187.3337,1
9.5,41,108.2808,1
9.5,42,109.9878,1
9.5,43,130.9869,1
9.5,44,171.6355,1
9.5,45,180.6221,1
9.5,46,179.1485,1
9.5,47,207.3032,0
9.5,48,225.6612,0
9.5,49,194.9359,1
9.6,0,153.819,1
9.6,1,202.7162,0
9.6,2,167.1244,1
9.6,3,85.2563,1
9.6,4,72.4299,1
9.6,5,69.7619,1
9.6,6,182.4315,1
9.6,7,147.2161,1
9.6,8,248.0724,0
9.6,9,165.1502,1
9.6,10,126.5077,1
9.6,11,192.0623,1
9.6,12,174.3642,1
9.6,13,111.9326,1
9.6,14,157.4211,1
9.6,15,94.6674,1
9.6,16,116.2821,1
9.6,17,159.8721,1
9.6,18,230.3447,0
9.6,19,133.7778,1
9.6,20,171.7635,1
9.6,21,127.1808,1
9.6,22,184.65,1
9.6,23,204.8814,0
9.6,24,266.647,0
9.6,25,177.884,1
9.6,26,199.6673,1
9.6,27,208.8132,0
9.6,28,206.8998,0
9.6,29,92.5384,1
9.6,30,185.9858,1
9.6,31,123.2024,1
9.6,32,105.1468,1
9.6,33,212.1941,0
9.6,34,205.9572,0
9.6,35,252.8333,0
9.6,36,54.7235,1
9.6,37,135.0414,1
9.6,38,173.6626,1
9.6,39,227.9857,0
9.6,40,187.8077,1
9.6,41,108.4328,1
9.6,42,107.8625,1
9.6,43,130.2211,1
9.6,44,172.6764,1
9.6,45,180.7412,1
9.6,46,180.6007,1
9.6,47,207.6152,0
9.6,48,227.4578,0
9.6,49,195.4403,1
9.7,0,151.9959,1
9.7,1,200.9665,0
9.7,2,168.6909,1
9.7,3,85.4098,1
9.7,4,72.8867,1
9.7,5,69.6527,1
9.7,6,184.7627,1
9.7,7,147.2101,1
9.7,8,248.2828,0
9.7,9,165.6197,1
9.7,10,126.9294,1
9.7,11,192.2816,1
9.7,12,174.3108,1
9.7,13,112.0945,1
9.7,14,157.175,1
9.7,15,94.2059,1
9.7,16,116.539,1
9.7,17,161.9221,1
9.7,18,229.3537,0
9.7,19,134.9001,1
9.7,20,172.0189,1
9.7,21,125.2766,1
9.7,22,184.5254,1
9.7,23,204.8989,0
9.7,24,267.2529,0
9.7,25,177.612,1
9.7,26,200.281,0
9.7,27,209.689,0
9.7,28,206.4985,0
9.7,29,91.42,1
9.7,30,183.7335,1
9.7,31,121.3656,1
9.7,32,104.7602,1
9.7,33,212.6138,0
9.7,34,206.0933,0
9.7,35,252.6284,0
9.7,36,53.3995,1
9.7,37,135.7794,1
9.7,38,174.6128,1
9.7,39,227.3162,0
9.7,40,187.7708,1
9.7,41,108.1735,1
9.7,42,109.4379,1
9.7,43,128.5072,1
9.7,44,172.7537,1
9.7,45,180.8989,1
9.7,46,179.766,1
9.7,47,205.3776,0
9.7,48,227.4857,0
9.7,49,195.3234,1
9.8,0,151.566,1
9.8,1,199.4718,1
9.8,2,168.9556,1
9.8,3,86.0362,1
9.8,4,72.9018,1
9.8,5,67.4719,1
9.8,6,182.3799,1
9.8,7,147.2634,1
9.8,8,248.66,0
9.8,9,164.4186,1
9.8,10,127.1673,1
9.8,11,192.5744,1
9.8,12,175.1844,1
9.8,13,111.239,1
9.8,14,157.2882,1
9.8,15,93.038,1
9.8,16,116.6977,1
9.8,17,159.4769,1
9.8,18,228.2397,0
9.8,19,133.5997,1
9.8,20,172.1975,1
9.8,21,124.6569,1
9.8,22,183.9166,1
9.8,23,204.9678,0
9.8,24,266.8544,0
9.8,25,178.0988,1
9.8,26,200.1894,0
9.8,27,209.3081,0
9.8,28,206.9662,0
9.8,29,92.6168,1
9.8,30,184.2495,1
9.8,31,120.9535,1
9.8,32,103.5438,1
9.8,33,212.2524,0
9.8,34,207.3983,0
9.8,35,253.4352,0
9.8,36,53.5489,1
9.8,37,136.25,1
9.8,38,172.5651,1
9.8,39,227.5213,0
9.8,40,187.7953,1
9.8,41,107.9454,1
9.8,42,107.7775,1
9.8,43,129.1523,1
9.8,44,172.5042,1
9.8,45,180.9957,1
9.8,46,179.6277,1
9.8,47,205.0311,0
9.8,48,225.1975,0
9.8,49,194.3649,1
9.9,0,153.2944,1
9.9,1,198.5588,1
9.9,2,167.9967,1
9.9,3,86.5649,1
9.9,4,72.8024,1
9.9,5,67.1504,1
9.9,6,184.624,1
9.9,7,147.7779,1
9.9,8,248.3622,0
9.9,9,164.5341,1
9.9,10,127.1829,1
9.9,11,193.4615,1
9.9,12,175.3577,1
9.9,13,112.2231,1
9.9,14,156.1062,1
9.9,15,91.6558,1
9.9,16,116.4742,1
9.9,17,159.242,1
9.9,18,228.2512,0
9.9,19,132.5386,1
9.9,20,172.5733,1
9.9,21,124.3698,1
9.9,22,185.2527,1
9.9,23,204.5467,0
9.9,24,266.2836,0
9.9,25,178.6164,1
9.9,26,198.6473,1
9.9,27,209.9199,0
9.9,28,206.473,0
9.9,29,93.8197,1
9.9,30,185.33,1
9.9,31,122.6682,1
9.9,32,102.4944,1
9.9,33,211.6106,0
9.9,34,206.5238,0
9.9,35,251.539,0
9.9,36,53.9972,1
9.9,37,136.2337,1
9.9,38,171.7251,1
9.9,39,226.3624,0
9.9,40,186.9679,1
9.9,41,107.8549,1
9.9,42,108.4929,1
9.9,43,130.5024,1
9.9,44,171.4736,1
9.9,45,180.9117,1
9.9,46,179.1979,1
9.9,47,207.0524,0
9.9,48,225.5241,0
9.9,49,194.5598,1
10.0,0,153.2833,1
10.0,1,196.4558,1
10.0,2,169.0094,1
10.0,3,86.8974,1
10.0,4,72.8842,1
10.0,5,66.5797,1
10.0,6,184.389,1
10.0,7,147.6804,1
10.0,8,248.3871,0
10.0,9,164.0528,1
10.0,10,127.3369,1
10.0,11,193.1091,1
10.0,12,174.1097,1
10.0,13,112.0071,1
10.0,14,155.2482,1
10.0,15,92.1418,1
10.0,16,116.8866,1
10.0,17,158.684,1
10.0,18,228.1677,0
10.0,19,131.5146,1
10.0,20,172.8875,1
10.0,21,124.2511,1
10.0,22,186.8113,1
10.0,23,204.5379,0
10.0,24,265.7838,0
10.0,25,178.7136,1
10.0,26,199.6476,1
10.0,27,210.1187,0
10.0,28,205.2887,0
10.0,29,93.9433,1
10.0,30,187.9302,1
10.0,31,122.3392,1
10.0,32,102.7003,1
10.0,33,211.6928,0
10.0,34,205.8351,0
10.0,35,250.9611,0
10.0,36,52.2809,1
10.0,37,135.9349,1
10.0,38,173.9483,1
10.0,39,225.2914,0
10.0,40,186.8086,1
10.0,41,107.979,1
10.0,42,108.7589,1
10.0,43,130.7797,1
10.0,44,170.155,1
10.0,45,181.19,1
10.0,46,181.1065,1
10.0,47,208.6283,0
10.0,48,227.8069,0
10.0,49,194.5786,1
10.1,0,153.0295,1
10.1,1,197.4166,1
10.1,2,170.2647,1
10.1,3,87.2458,1
10.1,4,73.176,1
10.1,5,67.1973,1
10.1,6,185.9596,1
10.1,7,148.906,1
10.1,8,249.3015,0
10.1,9,164.3645,1
10.1,10,128.2257,1
10.1,11,193.0313,1
10.1,12,173.6837,1
10.1,13,114.3418,1
10.1,14,154.2249,1
10.1,15,92.0158,1
10.1,16,116.9473,1
10.1,17,159.0863,1
10.1,18,228.3727,0
10.1,19,130.7297,1
10.1,20,172.6762,1
10.1,21,123.0526,1
10.1,22,184.5966,1
10.1,23,204.2261,0
10.1,24,266.4417,0
10.1,25,179.0915,1
10.1,26,200.2579,0
10.1,27,208.2789,0
10.1,28,206.2105,0
10.1,29,93.2739,1
10.1,30,187.9578,1
10.1,31,124.6462,1
10.1,32,102.0601,1
10.1,33,211.9168,0
10.1,34,206.1326,0
10.1,35,250.9787,0
10.1,36,54.2581,1
10.1,37,136.4006,1
10.1,38,173.6819,1
10.1,39,224.0521,0
10.1,40,187.7993,1
10.1,41,107.882,1
10.1,42,108.5015,1
10.1,43,132.9461,1
10.1,44,171.4615,1
10.1,45,181.2778,1
10.1,46,180.0133,1
10.1,47,209.0258,0
10.1,48,227.7491,0
10.1,49,195.3845,1
10.2,0,153.1003,1
10.2,1,195.3815,1
10.2,2,169.4565,1
10.2,3,87.3236,1
10.2,4,73.4847,1
10.2,5,68.52,1
10.2,6,187.7967,1
10.2,7,148.6458,1
10.2,8,248.6038,0
10.2,9,164.3077,1
10.2,10,130.6515,1
10.2,11,194.9452,1
10.2,12,173.3204,1
10.2,13,114.0084,1
10.2,14,154.2111,1
10.2,15,89.8974,1
10.2,16,115.8665,1
10.2,17,159.6047,1
10.2,18,230.0654,0
10.2,19,130.6989,1
10.2,20,172.1412,1
10.2,21,124.3306,1
10.2,22,183.9387,1
10.2,23,206.21,0
10.2,24,266.2126,0
10.2,25,179.3722,1
10.2,26,199.6667,1
10.2,27,209.9496,0
10.2,28,205.4182,0
10.2,29,93.0197,1
10.2,30,190.169,1
10.2,31,124.0121,1
10.2,32,100.9039,1
10.2,33,213.7748,0
10.2,34,205.0749,0
10.2,35,250.507,0
10.2,36,54.6164,1
10.2,37,136.387,1
10.2,38,174.7974,1
10.2,39,223.4378,0
10.2,40,187.6674,1
10.2,41,108.4707,1
10.2,42,106.5237,1
10.2,43,133.5653,1
10.2,44,170.5763,1
10.2,45,182.6394,1
10.2,46,180.9775,1
10.2,47,210.1733,0
10.2,48,228.3887,0
10.2,49,195.5375,1
10.3,0,153.3553,1
10.3,1,196.0017,1
10.3,2,170.2836,1
10.3,3,87.2936,1
10.3,4,74.2204,1
10.3,5,65.8936,1
10.3,6,187.8617,1
10.3,7,148.6121,1
10.3,8,247.855,0
10.3,9,164.2838,1
10.3,10,129.5994,1
10.3,11,193.1386,1
10.3,12,173.2563,1
10.3,13,112.3309,1
10.3,14,154.9457,1
10.3,15,91.3455,1
10.3,16,115.6468,1
10.3,17,159.6352,1
10.3,18,229.4922,0
10.3,19,130.7386,1
10.3,20,172.7345,1
10.3,21,125.0745,1
10.3,22,185.028,1
10.3,23,208.319,0
10.3,24,266.3492,0
10.3,25,179.9226,1
10.3,26,198.1969,1
10.3,27,209.1266,0
10.3,28,205.4682,0
10.3,29,95.6999,1
10.3,30,186.7807,1
10.3,31,124.0609,1
10.3,32,100.2422,1
10.3,33,214.6631,0
10.3,34,206.0689,0
10.3,35,248.3193,0
10.3,36,53.9736,1
10.3,37,136.3156,1
10.3,38,178.2183,1
10.3,39,223.1718,0
10.3,40,188.0187,1
10.3,41,109.3825,1
10.3,42,106.7556,1
10.3,43,132.5006,1
10.3,44,172.755,1
10.3,45,182.3962,1
10.3,46,182.0854,1
10.3,47,210.2204,0
10.3,48,227.8772,0
10.3,49,194.2411,1
10.4,0,153.5317,1
10.4,1,197.5439,1
10.4,2,168.1726,1
10.4,3,87.6826,1
10.4,4,72.7934,1
10.4,5,68.3073,1
10.4,6,187.4041,1
10.4,7,149.3685,1
10.4,8,248.2986,0
10.4,9,164.7746,1
10.4,10,130.7577,1
10.4,11,193.47,1
10.4,12,173.4742,1
10.4,13,110.8474,1
10.4,14,155.9917,1
10.4,15,91.4967,1
10.4,16,116.5696,1
10.4,17,159.9647,1
10.4,18,228.3576,0
10.4,19,131.5807,1
10.4,20,172.6605,1
10.4,21,124.332,1
10.4,22,184.1911,1
10.4,23,205.6878,0
10.4,24,265.88,0
10.4,25,179.4577,1
10.4,26,198.8785,1
10.4,27,210.6767,0
10.4,28,206.1771,0
10.4,29,96.1076,1
10.4,30,188.4722,1
10.4,31,123.4706,1
10.4,32,102.1521,1
10.4,33,213.5835,0
10.4,34,206.1707,0
10.4,35,248.822,0
10.4,36,54.0376,1
10.4,37,136.3842,1
10.4,38,178.0439,1
10.4,39,223.0272,0
10.4,40,187.8635,1
10.4,41,110.3383,1
10.4,42,103.4268,1
10.4,43,132.7357,1
10.4,44,173.1063,1
10.4,45,184.1615,1
10.4,46,182.6772,1
10.4,47,210.1057,0
10.4,48,228.0365,0
10.4,49,193.3111,1
10.5,0,151.8876,1
10.5,1,196.7494,1
10.5,2,169.8864,1
10.5,3,86.8561,1
10.5,4,72.9841,1
10.5,5,69.7795,1
10.5,6,186.5208,1
10.5,7,148.8086,1
10.5,8,247.1953,0
10.5,9,162.7157,1
10.5,10,130.5649,1
10.5,11,194.9655,1
10.5,12,173.2237,1
10.5,13,112.5661,1
10.5,14,154.8594,1
10.5,15,89.3412,1
10.5,16,116.4185,1
10.5,17,160.0213,1
10.5,18,227.5916,0
10.5,19,131.7278,1
10.5,20,171.8232,1
10.5,21,123.3553,1
10.5,22,182.5853,1
10.5,23,206.6334,0
10.5,24,265.8078,0
10.5,25,180.081,1
10.5,26,199.9647,1
10.5,27,211.5637,0
10.5,28,206.9865,0
10.5,29,96.7898,1
10.5,30,189.4724,1
10.5,31,123.2268,1
10.5,32,101.1475,1
10.5,33,214.2806,0
10.5,34,206.3335,0
10.5,35,247.2891,0
10.5,36,54.3078,1
10.5,37,136.6186,1
10.5,38,175.2299,1
10.5,39,223.6668,0
10.5,40,188.2087,1
10.5,41,111.3656,1
10.5,42,102.9652,1
10.5,43,133.0785,1
10.5,44,171.3393,1
10.5,45,183.8304,1
10.5,46,183.7216,1
10.5,47,208.2892,0
10.5,48,228.1611,0
10.5,49,193.3282,1
10.6,0,150.8122,1
10.6,1,196.8539,1
10.6,2,168.7183,1
10.6,3,87.5648,1
10.6,4,72.4754,1
10.6,5,70.3701,1
10.6,6,187.0479,1
10.6,7,148.1909,1
10.6,8,247.8835,0
10.6,9,162.7743,1
10.6,10,132.9294,1
10.6,11,195.9439,1
10.6,12,173.2191,1
10.6,13,114.4715,1
10.6,14,154.7714,1
10.6,15,88.4177,1
10.6,16,117.5382,1
10.6,17,160.2438,1
10.6,18,227.9343,0
10.6,19,130.6907,1
10.6,20,172.936,1
10.6,21,124.0708,1
10.6,22,183.1827,1
10.6,23,206.9121,0
10.6,24,265.1023,0
10.6,25,179.6806,1
10.6,26,201.7139,0
10.6,27,211.7009,0
10.6,28,207.2233,0
10.6,29,95.9309,1
10.6,30,186.8176,1
10.6,31,123.2049,1
10.6,32,102.239,1
10.6,33,215.3151,0
10.6,34,206.884,0
10.6,35,245.7121,0
10.6,36,54.5836,1
10.6,37,136.5777,1
10.6,38,176.5211,1
10.6,39,223.4559,0
10.6,40,189.2584,1
10.6,41,111.445,1
10.6,42,106.1103,1
10.6,43,133.5434,1
10.6,44,170.7626,1
10.6,45,183.1106,1
10.6,46,182.9725,1
10.6,47,208.3027,0
10.6,48,229.8818,0
10.6,49,192.5885,1
10.7,0,150.8423,1
10.7,1,193.9378,1
10.7,2,169.2794,1
10.7,3,86.5925,1
10.7,4,73.52,1
10.7,5,69.0492,1
10.7,6,187.4197,1
10.7,7,148.8782,1
10.7,8,247.8976,0
10.7,9,162.246,1
10.7,10,135.84,1
10.7,11,197.0047,1
10.7,12,173.63,1
10.7,13,112.7963,1
10.7,14,154.5549,1
10.7,15,91.2045,1
10.7,16,118.2414,1
10.7,17,160.7828,1
10.7,18,226.2195,0
10.7,19,131.6382,1
10.7,20,172.9826,1
10.7,21,123.6569,1
10.7,22,183.199,1
10.7,23,208.1762,0
10.7,24,264.895,0
10.7,25,180.1394,1
10.7,26,201.2052,0
10.7,27,211.9446,0
10.7,28,207.4286,0
10.7,29,96.1907,1
10.7,30,185.7654,1
10.7,31,123.1342,1
10.7,32,101.3589,1
10.7,33,216.8895,0
10.7,34,206.4741,0
10.7,35,245.7665,0
10.7,36,55.0107,1
10.7,37,136.8917,1
10.7,38,178.1204,1
10.7,39,224.4011,0
10.7,40,188.3446,1
10.7,41,110.5713,1
10.7,42,106.3559,1
10.7,43,132.9308,1
10.7,44,170.8951,1
10.7,45,183.9688,1
10.7,46,182.9538,1
10.7,47,209.8376,0
10.7,48,230.2132,0
10.7,49,189.8297,1
10.8,0,150.6229,1
10.8,1,192.6111,1
10.8,2,171.1118,1
10.8,3,87.2731,1
10.8,4,73.7148,1
10.8,5,67.8417,1
10.8,6,187.9014,1
10.8,7,149.0189,1
10.8,8,248.1131,0
10.8,9,163.138,1
10.8,10,136.0991,1
10.8,11,198.3014,1
10.8,12,173.3202,1
10.8,13,112.506,1
10.8,14,155.1447,1
10.8,15,93.9961,1
10.8,16,117.9896,1
10.8,17,160.9365,1
10.8,18,227.0126,0
10.8,19,132.4513,1
10.8,20,172.9019,1
10.8,21,125.3354,1
10.8,22,184.6406,1
10.8,23,207.8434,0
10.8,24,264.0244,0
10.8,25,180.0211,1
10.8,26,200.9737,0
10.8,27,210.5454,0
10.8,28,207.3017,0
10.8,29,98.3397,1
10.8,30,183.722,1
10.8,31,123.0883,1
10.8,32,98.7083,1
10.8,33,216.018,0
10.8,34,206.4037,0
10.8,35,245.1629,0
10.8,36,54.6679,1
10.8,37,136.7584,1
10.8,38,180.0538,1
10.8,39,222.3416,0
10.8,40,188.2983,1
10.8,41,109.8644,1
10.8,42,107.1139,1
10.8,43,131.3841,1
10.8,44,168.3181,1
10.8,45,186.7868,1
10.8,46,182.8951,1
10.8,47,208.5513,0
10.8,48,229.1037,0
10.8,49,190.6046,1
10.9,0,151.1012,1
10.9,1,190.8411,1
10.9,2,173.0344,1
10.9,3,86.8761,1
10.9,4,72.1562,1
10.9,5,66.6089,1
10.9,6,188.7509,1
10.9,7,149.8977,1
10.9,8,248.778,0
10.9,9,161.7137,1
10.9,10,139.2349,1
10.9,11,198.8957,1
10.9,12,172.984,1
10.9,13,111.2239,1
10.9,14,154.9614,1
10.9,15,93.0824,1
10.9,16,117.2607,1
10.9,17,161.3023,1
10.9,18,227.4236,0
10.9,19,132.6623,1
10.9,20,173.1701,1
10.9,21,127.113,1
10.9,22,184.3954,1
10.9,23,209.0826,0
10.9,24,263.7396,0
10.9,25,179.7141,1
10.9,26,200.5192,0
10.9,27,211.1892,0
10.9,28,208.3135,0
10.9,29,100.1662,1
10.9,30,183.1236,1
10.9,31,122.5099,1
10.9,32,96.4692,1
10.9,33,216.3311,0
10.9,34,206.7501,0
10.9,35,246.9224,0
10.9,36,54.4877,1
10.9,37,136.8237,1
10.9,38,180.8739,1
10.9,39,220.9654,0
10.9,40,188.4581,1
10.9,41,108.3559,1
10.9,42,108.9374,1
10.9,43,133.0837,1
10.9,44,168.706,1
10.9,45,187.0431,1
10.9,46,182.0308,1
10.9,47,209.3544,0
10.9,48,228.0778,0
10.9,49,191.1223,1
11.0,0,151.6622,1
11.0,1,187.9136,1
11.0,2,173.2575,1
11.0,3,86.6895,1
11.0,4,73.0321,1
11.0,5,67.2399,1
11.0,6,187.3959,1
11.0,7,150.0248,1
11.0,8,247.9704,0
11.0,9,161.4653,1
11.0,10,138.8661,1
11.0,11,200.9739,0
11.0,12,173.0753,1
11.0,13,109.258,1
11.0,14,153.889,1
11.0,15,92.4979,1
11.0,16,117.2999,1
11.0,17,160.7397,1
11.0,18,228.7366,0
11.0,19,132.3709,1
11.0,20,173.2845,1
11.0,21,126.9845,1
11.0,22,184.6309,1
11.0,23,209.1414,0
11.0,24,263.4687,0
11.0,25,179.7968,1
11.0,26,201.156,0
11.0,27,210.3189,0
11.0,28,208.9522,0
11.0,29,99.1686,1
11.0,30,185.7969,1
11.0,31,122.1548,1
11.0,32,96.4772,1
11.0,33,217.1898,0
11.0,34,205.6215,0
11.0,35,245.5387,0
11.0,36,54.6294,1
11.0,37,137.1385,1
11.0,38,182.4718,1
11.0,39,219.2939,0
11.0,40,189.5335,1
11.0,41,106.5118,1
11.0,42,109.8215,1
11.0,43,131.6708,1
11.0,44,170.0025,1
11.0,45,188.551,1
11.0,46,182.5694,1
11.0,47,207.3365,0
11.0,48,228.7969,0
11.0,49,191.2002,1
11.1,0,151.3773,1
11.1,1,188.3283,1
11.1,2,170.9382,1
11.1,3,86.5174,1
11.1,4,73.9543,1
11.1,5,66.6902,1
11.1,6,188.5096,1
11.1,7,149.9126,1
11.1,8,248.4519,0
11.1,9,161.4227,1
11.1,10,135.496,1
11.1,11,198.9215,1
11.1,12,173.3188,1
11.1,13,110.5374,1
11.1,14,153.7659,1
11.1,15,92.8618,1
11.1,16,117.6598,1
11.1,17,161.641,1
11.1,18,228.7693,0
11.1,19,131.9975,1
11.1,20,174.0306,1
11.1,21,125.0618,1
11.1,22,185.0107,1
11.1,23,208.3074,0
11.1,24,263.2564,0
11.1,25,179.9267,1
11.1,26,201.2806,0
11.1,27,209.5964,0
11.1,28,208.5291,0
11.1,29,100.1672,1
11.1,30,182.7397,1
11.1,31,121.5662,1
11.1,32,97.4854,1
11.1,33,217.162,0
11.1,34,206.4854,0
11.1,35,247.4882,0
11.1,36,54.4048,1
11.1,37,136.8954,1
11.1,38,182.7958,1
11.1,39,219.8918,0
11.1,40,189.5033,1
11.1,41,106.1739,1
11.1,42,110.078,1
11.1,43,130.6093,1
11.1,44,169.231,1
11.1,45,186.7776,1
11.1,46,182.6211,1
11.1,47,207.2965,0
11.1,48,230.7277,0
11.1,49,191.9825,1
11.2,0,152.3828,1
11.2,1,189.7452,1
11.2,2,170.7369,1
11.2,3,86.8788,1
11.2,4,73.6528,1
11.2,5,65.5777,1
11.2,6,189.1732,1
11.2,7,149.914,1
11.2,8,248.6616,0
11.2,9,161.9959,1
11.2,10,134.0025,1
11.2,11,197.8414,1
11.2,12,173.7976,1
11.2,13,109.5325,1
11.2,14,153.3293,1
11.2,15,94.1468,1
11.2,16,116.1828,1
11.2,17,162.2179,1
11.2,18,227.6245,0
11.2,19,133.2261,1
11.2,20,174.258,1
11.2,21,124.9828,1
11.2,22,186.7254,1
11.2,23,207.6028,0
11.2,24,263.0132,0
11.2,25,180.0596,1
11.2,26,199.6205,1
11.2,27,210.6904,0
11.2,28,209.3779,0
11.2,29,103.0126,1
11.2,30,185.4712,1
11.2,31,121.157,1
11.2,32,95.5102,1
11.2,33,218.882,0
11.2,34,206.0924,0
11.2,35,247.3625,0
11.2,36,54.7465,1
11.2,37,136.4877,1
11.2,38,182.7097,1
11.2,39,221.0456,0
11.2,40,189.4358,1
11.2,41,105.1216,1
11.2,42,110.725,1
11.2,43,130.6182,1
11.2,44,169.5781,1
11.2,45,189.1961,1
11.2,46,184.0311,1
11.2,47,207.6868,0
11.2,48,229.9481,0
11.2,49,192.61,1
11.3,0,151.6323,1
11.3,1,187.0702,1
11.3,2,167.9573,1
11.3,3,85.8346,1
11.3,4,72.9731,1
11.3,5,63.1049,1
11.3,6,190.8851,1
11.3,7,149.8203,1
11.3,8,247.8508,0
11.3,9,161.9858,1
11.3,10,131.6784,1
11.3,11,199.1808,1
11.3,12,173.4317,1
11.3,13,111.8798,1
11.3,14,153.6815,1
11.3,15,91.9951,1
11.3,16,116.5192,1
11.3,17,161.9511,1
11.3,18,227.0633,0
11.3,19,132.6277,1
11.3,20,174.5993,1
11.3,21,125.0247,1
11.3,22,186.955,1
11.3,23,209.4378,0
11.3,24,263.088,0
11.3,25,180.0239,1
11.3,26,198.2475,1
11.3,27,210.6726,0
11.3,28,208.6857,0
11.3,29,105.5429,1
11.3,30,188.7687,1
11.3,31,121.787,1
11.3,32,94.412,1
11.3,33,218.4063,0
11.3,34,206.742,0
11.3,35,248.2165,0
11.3,36,54.9934,1
11.3,37,136.9682,1
11.3,38,180.3497,1
11.3,39,220.2967,0
11.3,40,189.9061,1
11.3,41,104.1603,1
11.3,42,112.4673,1
11.3,43,131.8112,1
11.3,44,171.9926,1
11.3,45,187.6122,1
11.3,46,185.1313,1
11.3,47,208.1497,0
11.3,48,229.8953,0
11.3,49,193.9469,1
11.4,0,151.9318,1
11.4,1,187.037,1
11.4,2,165.2487,1
11.4,3,86.8749,1
11.4,4,71.459,1
11.4,5,64.4531,1
11.4,6,191.2624,1
11.4,7,149.0097,1
11.4,8,248.4898,0
11.4,9,163.5072,1
11.4,10,135.0069,1
11.4,11,197.3379,1
11.4,12,173.3928,1
11.4,13,111.4418,1
11.4,14,153.7582,1
11.4,15,91.863,1
11.4,16,116.5912,1
11.4,17,162.4389,1
11.4,18,227.2757,0
11.4,19,131.8941,1
11.4,20,173.5021,1
11.4,21,127.1657,1
11.4,22,188.6062,1
11.4,23,208.768,0
11.4,24,262.1493,0
11.4,25,180.0646,1
11.4,26,198.2009,1
11.4,27,211.6112,0
11.4,28,209.6184,0
11.4,29,105.3151,1
11.4,30,189.1174,1
11.4,31,122.1273,1
11.4,32,93.5519,1
11.4,33,216.3377,0
11.4,34,206.6234,0
11.4,35,248.1467,0
11.4,36,54.7307,1
11.4,37,137.2354,1
11.4,38,181.4346,1
11.4,39,221.8,0
11.4,40,190.8798,1
11.4,41,104.2963,1
11.4,42,109.3997,1
11.4,43,131.3877,1
11.4,44,173.4216,1
11.4,45,187.6995,1
11.4,46,184.404,1
11.4,47,206.1779,0
11.4,48,229.8152,0
11.4,49,196.1398,1
11.5,0,152.2279,1
11.5,1,188.5766,1
11.5,2,167.919,1
11.5,3,86.9473,1
11.5,4,72.6859,1
11.5,5,66.2501,1
11.5,6,192.4648,1
11.5,7,149.6299,1
11.5,8,247.0983,0
11.5,9,162.4329,1
11.5,10,134.478,1
11.5,11,197.6385,1
11.5,12,173.3035,1
11.5,13,110.8311,1
11.5,14,154.2128,1
11.5,15,92.8818,1
11.5,16,117.7564,1
11.5,17,162.1725,1
11.5,18,226.4641,0
11.5,19,132.2634,1
11.5,20,173.5949,1
11.5,21,126.9917,1
11.5,22,190.7211,1
11.5,23,208.6676,0
11.5,24,263.6401,0
11.5,25,179.8834,1
11.5,26,198.932,1
11.5,27,211.3562,0
11.5,28,209.3671,0
11.5,29,103.0365,1
11.5,30,185.978,1
11.5,31,122.0082,1
11.5,32,95.9417,1
11.5,33,216.3783,0
11.5,34,206.2498,0
11.5,35,248.53,0
11.5,36,54.5467,1
11.5,37,137.2062,1
11.5,38,183.2129,1
11.5,39,221.6923,0
11.5,40,190.2821,1
11.5,41,104.4369,1
11.5,42,111.6027,1
11.5,43,132.5326,1
11.5,44,173.3165,1
11.5,45,188.4379,1
11.5,46,185.1962,1
11.5,47,207.9343,0
11.5,48,227.9401,0
11.5,49,196.0125,1
11.6,0,151.2468,1
11.6,1,190.9541,1
11.6,2,168.0548,1
11.6,3,86.9315,1
11.6,4,72.0413,1
11.6,5,68.4321,1
11.6,6,194.0231,1
11.6,7,149.8066,1
11.6,8,247.3654,0
11.6,9,163.6222,1
11.6,10,134.592,1
11.6,11,197.9605,1
11.6,12,173.2458,1
11.6,13,109.3832,1
11.6,14,153.9105,1
11.6,15,92.9655,1
11.6,16,117.9944,1
11.6,17,162.8314,1
11.6,18,224.9453,0
11.6,19,132.8017,1
11.6,20,173.9813,1
11.6,21,128.1022,1
11.6,22,191.1379,1
11.6,23,210.1127,0
11.6,24,263.2345,0
11.6,25,179.8408,1
11.6,26,198.9478,1
11.6,27,210.6774,0
11.6,28,210.0484,0
11.6,29,103.0711,1
11.6,30,188.6455,1
11.6,31,122.3845,1
11.6,32,93.1162,1
11.6,33,217.8855,0
11.6,34,205.8324,0
11.6,35,250.4572,0
11.6,36,54.603,1
11.6,37,136.9687,1
11.6,38,183.6794,1
11.6,39,223.5433,0
11.6,40,190.5758,1
11.6,41,104.6197,1
11.6,42,111.2577,1
11.6,43,131.5747,1
11.6,44,171.9376,1
11.6,45,190.0759,1
11.6,46,184.9431,1
11.6,47,209.5586,0
11.6,48,229.0803,0
11.6,49,195.1471,1
11.7,0,153.1521,1
11.7,1,191.5364,1
11.7,2,167.8643,1
11.7,3,85.901,1
11.7,4,71.4426,1
11.7,5,66.9266,1
11.7,6,192.5287,1
11.7,7,149.8858,1
11.7,8,248.3675,0
11.7,9,165.8257,1
11.7,10,134.4842,1
11.7,11,196.8458,1
11.7,12,173.2695,1
11.7,13,108.2147,1
11.7,14,153.7239,1
11.7,15,90.0485,1
11.7,16,117.0569,1
11.7,17,162.8382,1
11.7,18,225.6173,0
11.7,19,132.0604,1
11.7,20,173.6197,1
11.7,21,128.8092,1
11.7,22,189.0407,1
11.7,23,209.6952,0
11.7,24,264.8354,0
11.7,25,179.7577,1
11.7,26,198.5415,1
11.7,27,210.7236,0
11.7,28,209.7484,0
11.7,29,104.3193,1
11.7,30,187.4958,1
11.7,31,122.64,1
11.7,32,95.0605,1
11.7,33,215.8305,0
11.7,34,205.9706,0
11.7,35,250.7114,0
11.7,36,55.2695,1
11.7,37,137.279,1
11.7,38,183.8202,1
11.7,39,225.3112,0
11.7,40,189.3221,1
11.7,41,105.3317,1
11.7,42,109.0914,1
11.7,43,129.8513,1
11.7,44,168.8248,1
11.7,45,192.959,1
11.7,46,186.388,1
11.7,47,209.969,0
11.7,48,228.8983,0
11.7,49,197.7451,1
11.8,0,153.2441,1
11.8,1,192.3001,1
11.8,2,167.0667,1
11.8,3,86.8998,1
11.8,4,72.5878,1
11.8,5,67.2392,1
11.8,6,193.5486,1
11.8,7,149.1963,1
11.8,8,248.0145,0
11.8,9,165.7344,1
11.8,10,134.9658,1
11.8,11,197.0498,1
11.8,12,173.5817,1
11.8,13,106.1036,1
11.8,14,154.0522,1
11.8,15,90.5544,1
11.8,16,117.7582,1
11.8,17,162.9353,1
11.8,18,224.2969,0
11.8,19,132.1011,1
11.8,20,174.0556,1
11.8,21,129.5167,1
11.8,22,186.9469,1
11.8,23,208.0564,0
11.8,24,264.5638,0
11.8,25,179.8844,1
11.8,26,197.7074,1
11.8,27,211.3744,0
11.8,28,208.9342,0
11.8,29,105.1114,1
11.8,30,188.9706,1
11.8,31,122.4396,1
11.8,32,94.7597,1
11.8,33,216.5497,0
11.8,34,205.6019,0
11.8,35,252.3412,0
11.8,36,55.5487,1
11.8,37,137.5835,1
11.8,38,183.3427,1
11.8,39,226.2525,0
11.8,40,189.6661,1
11.8,41,105.9748,1
11.8,42,108.817,1
11.8,43,128.2501,1
11.8,44,169.417,1
11.8,45,192.0309,1
11.8,46,186.6022,1
11.8,47,210.5385,0
11.8,48,227.0514,0
11.8,49,198.4271,1
11.9,0,153.28,1
11.9,1,192.562,1
11.9,2,168.4942,1
11.9,3,86.8578,1
11.9,4,73.0219,1
11.9,5,68.5943,1
11.9,6,194.0713,1
11.9,7,149.1161,1
11.9,8,247.581,0
11.9,9,164.6994,1
11.9,10,137.1149,1
11.9,11,195.2094,1
11.9,12,174.1297,1
11.9,13,107.2906,1
11.9,14,154.445,1
11.9,15,90.1057,1
11.9,16,118.8942,1
11.9,17,162.9567,1
11.9,18,224.2719,0
11.9,19,132.4168,1
11.9,20,174.3264,1
11.9,21,130.5896,1
11.9,22,189.1658,1
11.9,23,208.9611,0
11.9,24,263.3315,0
11.9,25,179.44,1
11.9,26,197.4782,1
11.9,27,212.0197,0
11.9,28,209.311,0
11.9,29,107.8984,1
11.9,30,189.3109,1
11.9,31,122.4158,1
11.9,32,94.4869,1
11.9,33,214.8317,0
11.9,34,204.9417,0
11.9,35,252.2056,0
11.9,36,56.0417,1
11.9,37,137.2039,1
11.9,38,182.858,1
11.9,39,225.401,0
11.9,40,190.5454,1
11.9,41,104.6988,1
11.9,42,111.1925,1
11.9,43,128.4573,1
11.9,44,169.0584,1
11.9,45,193.5806,1
11.9,46,186.5575,1
11.9,47,210.8587,0
11.9,48,228.4707,0
11.9,49,197.7978,1
12.0,0,152.5114,1
12.0,1,195.3552,1
12.0,2,170.146,1
12.0,3,87.7194,1
12.0,4,74.1649,1
12.0,5,68.8841,1
12.0,6,194.1512,1
12.0,7,149.4092,1
12.0,8,248.0637,0
12.0,9,164.8339,1
12.0,10,137.5793,1
12.0,11,196.3592,1
12.0,12,173.911,1
12.0,13,107.4186,1
12.0,14,154.4283,1
12.0,15,90.0884,1
12.0,16,118.9941,1
12.0,17,163.5611,1
12.0,18,225.6215,0
12.0,19,132.2404,1
12.0,20,174.571,1
12.0,21,131.2246,1
12.0,22,188.4063,1
12.0,23,208.977,0
12.0,24,263.5582,0
12.0,25,179.1915,1
12.0,26,197.8999,1
12.0,27,211.3963,0
12.0,28,208.7113,0
12.0,29,109.151,1
12.0,30,187.3594,1
12.0,31,122.917,1
12.0,32,96.4835,1
12.0,33,214.2018,0
12.0,34,203.7338,0
12.0,35,253.5097,0
12.0,36,55.8071,1
12.0,37,137.7116,1
12.0,38,183.9161,1
12.0,39,226.8045,0
12.0,40,191.2856,1
12.0,41,104.3987,1
12.0,42,109.0451,1
12.0,43,128.2304,1
12.0,44,169.0158,1
12.0,45,193.7465,1
12.0,46,185.626,1
12.0,47,208.8744,0
12.0,48,228.1937,0
12.0,49,195.1283,1
12.1,0,153.5891,1
12.1,1,195.2677,1
12.1,2,172.126,1
12.1,3,88.2739,1
12.1,4,73.5029,1
12.1,5,70.2111,1
12.1,6,195.1224,1
12.1,7,148.4481,1
12.1,8,249.1332,0
12.1,9,165.5896,1
12.1,10,139.0506,1
12.1,11,197.9371,1
12.1,12,173.9778,1
12.1,13,107.8246,1
12.1,14,154.958,1
12.1,15,87.9735,1
12.1,16,118.0893,1
12.1,17,163.1311,1
12.1,18,226.9265,0
12.1,19,131.465,1
12.1,20,174.3524,1
12.1,21,130.9653,1
12.1,22,188.6022,1
12.1,23,208.7781,0
12.1,24,262.3446,0
12.1,25,178.6038,1
12.1,26,199.6141,1
12.1,27,212.0247,0
12.1,28,208.7586,0
12.1,29,109.5818,1
12.1,30,185.986,1
12.1,31,122.7183,1
12.1,32,95.5934,1
12.1,33,213.1525,0
12.1,34,204.4892,0
12.1,35,254.9256,0
12.1,36,55.6084,1
12.1,37,137.1832,1
12.1,38,185.3936,1
12.1,39,226.9162,0
12.1,40,191.2838,1
12.1,41,105.6301,1
12.1,42,111.9844,1
12.1,43,127.7334,1
12.1,44,171.374,1
12.1,45,192.8391,1
12.1,46,187.0768,1
12.1,47,211.2825,0
12.1,48,228.5168,0
12.1,49,194.6351,1
12.2,0,154.0619,1
12.2,1,192.4398,1
12.2,2,169.4327,1
12.2,3,87.6243,1
12.2,4,73.5669,1
12.2,5,67.5258,1
12.2,6,195.3956,1
12.2,7,148.8615,1
12.2,8,249.3871,0
12.2,9,166.4078,1
12.2,10,137.9259,1
12.2,11,195.6794,1
12.2,12,173.6015,1
12.2,13,107.9623,1
12.2,14,155.5639,1
12.2,15,88.7689,1
12.2,16,119.5693,1
12.2,17,163.1757,1
12.2,18,226.6696,0
12.2,19,130.4798,1
12.2,20,174.7783,1
12.2,21,131.462,1
12.2,22,189.1808,1
12.2,23,207.4426,0
12.2,24,263.8425,0
12.2,25,178.0227,1
12.2,26,201.1857,0
12.2,27,212.0678,0
12.2,28,209.521,0
12.2,29,106.4077,1
12.2,30,184.4394,1
12.2,31,123.0182,1
12.2,32,94.9658,1
12.2,33,214.1788,0
12.2,34,204.5137,0
12.2,35,254.1042,0
12.2,36,55.8849,1
12.2,37,137.7936,1
12.2,38,184.0549,1
12.2,39,227.9649,0
12.2,40,191.2065,1
12.2,41,106.2817,1
12.2,42,109.9131,1
12.2,43,129.2681,1
12.2,44,173.1493,1
12.2,45,194.6079,1
12.2,46,187.0593,1
12.2,47,209.6305,0
12.2,48,226.2375,0
12.2,49,193.1033,1
12.3,0,154.5301,1
12.3,1,190.8862,1
12.3,2,169.9461,1
12.3,3,86.9388,1
12.3,4,72.6994,1
12.3,5,69.0825,1
12.3,6,196.4725,1
12.3,7,148.9533,1
12.3,8,249.3844,0
12.3,9,165.6385,1
12.3,10,137.9342,1
12.3,11,193.4475,1
12.3,12,173.0709,1
12.3,13,109.873,1
12.3,14,154.8753,1
12.3,15,88.7966,1
12.3,16,119.7476,1
12.3,17,163.9767,1
12.3,18,226.0424,0
12.3,19,130.2767,1
12.3,20,175.3673,1
12.3,21,131.5976,1
12.3,22,190.5468,1
12.3,23,210.2235,0
12.3,24,263.2807,0
12.3,25,178.409,1
12.3,26,201.6183,0
12.3,27,210.7122,0
12.3,28,208.8665,0
12.3,29,109.3488,1
12.3,30,184.2061,1
12.3,31,123.2012,1
12.3,32,94.758,1
12.3,33,214.8322,0
12.3,34,203.9235,0
12.3,35,256.4591,0
12.3,36,55.0956,1
12.3,37,138.1267,1
12.3,38,185.3829,1
12.3,39,228.771,0
12.3,40,192.2253,1
12.3,41,107.3514,1
12.3,42,110.0406,1
12.3,43,128.7047,1
12.3,44,174.7722,1
12.3,45,194.7797,1
12.3,46,185.7852,1
12.3,47,209.6414,0
12.3,48,224.8936,0
12.3,49,192.1144,1
12.4,0,154.7761,1
12.4,1,191.4007,1
12.4,2,172.6353,1
12.4,3,87.2701,1
12.4,4,72.4982,1
12.4,5,69.9628,1
12.4,6,195.3176,1
12.4,7,148.0966,1
12.4,8,249.0367,0
12.4,9,165.4088,1
12.4,10,139.4344,1
12.4,11,191.2465,1
12.4,12,173.6157,1
12.4,13,110.3215,1
12.4,14,153.651,1
12.4,15,89.0493,1
12.4,16,120.1366,1
12.4,17,164.4003,1
12.4,18,226.6801,0
12.4,19,129.8273,1
12.4,20,175.1035,1
12.4,21,129.9677,1
12.4,22,189.8091,1
12.4,23,210.1539,0
12.4,24,261.6217,0
12.4,25,178.2728,1
12.4,26,201.6203,0
12.4,27,210.701,0
12.4,28,208.8955,0
12.4,29,111.8593,1
12.4,30,184.2703,1
12.4,31,122.7841,1
12.4,32,92.3538,1
12.4,33,214.7801,0
12.4,34,204.2178,0
12.4,35,255.1883,0
12.4,36,55.0209,1
12.4,37,137.9036,1
12.4,38,186.2671,1
12.4,39,228.1661,0
12.4,40,191.8845,1
12.4,41,106.4068,1
12.4,42,109.0067,1
12.4,43,128.6017,1
12.4,44,174.4561,1
12.4,45,192.3374,1
12.4,46,185.8257,1
12.4,47,209.8475,0
12.4,48,225.9929,0
12.4,49,190.134,1
12.5,0,153.385,1
12.5,1,191.6136,1
12.5,2,171.9422,1
12.5,3,86.7035,1
12.5,4,72.6366,1
12.5,5,68.3022,1
12.5,6,195.0934,1
12.5,7,148.0361,1
12.5,8,248.6623,0
12.5,9,165.7969,1
12.5,10,142.4723,1
12.5,11,192.4309,1
12.5,12,173.4133,1
12.5,13,109.3674,1
12.5,14,152.4884,1
12.5,15,89.0617,1
12.5,16,119.0848,1
12.5,17,164.2634,1
12.5,18,226.6355,0
12.5,19,130.3235,1
12.5,20,174.8068,1
12.5,21,129.7553,1
12.5,22,189.942,1
12.5,23,211.9582,0
12.5,24,263.1482,0
12.5,25,178.3098,1
12.5,26,201.641,0
12.5,27,209.6911,0
12.5,28,209.8303,0
12.5,29,108.9953,1
12.5,30,184.0562,1
12.5,31,123.3494,1
12.5,32,90.4649,1
12.5,33,213.7065,0
12.5,34,204.2735,0
12.5,35,254.0996,0
12.5,36,54.6089,1
12.5,37,137.6857,1
12.5,38,187.6348,1
12.5,39,227.1115,0
12.5,40,192.8811,1
12.5,41,106.4887,1
12.5,42,106.8073,1
12.5,43,128.0858,1
12.5,44,172.1275,1
12.5,45,194.3804,1
12.5,46,186.2609,1
12.5,47,210.0977,0
12.5,48,224.4338,0
12.5,49,191.993,1
12.6,0,153.0495,1
12.6,1,192.0817,1
12.6,2,173.9646,1
12.6,3,85.7495,1
12.6,4,72.064,1
12.6,5,67.4466,1
12.6,6,195.9595,1
12.6,7,148.976,1
12.6,8,248.7163,0
12.6,9,164.7406,1
12.6,10,143.7053,1
12.6,11,190.8045,1
12.6,12,173.1202,1
12.6,13,109.5546,1
12.6,14,151.2477,1
12.6,15,86.9682,1
12.6,16,120.6161,1
12.6,17,164.1194,1
12.6,18,226.5015,0
12.6,19,131.3986,1
12.6,20,175.0561,1
12.6,21,128.6762,1
12.6,22,188.3873,1
12.6,23,210.7481,0
12.6,24,263.1508,0
12.6,25,178.1244,1
12.6,26,203.3307,0
12.6,27,208.5098,0
12.6,28,209.3599,0
12.6,29,111.0923,1
12.6,30,185.7336,1
12.6,31,123.4541,1
12.6,32,91.3009,1
12.6,33,215.1933,0
12.6,34,203.1402,0
12.6,35,252.8065,0
12.6,36,54.389,1
12.6,37,137.7124,1
12.6,38,188.324,1
12.6,39,226.4428,0
12.6,40,193.9294,1
12.6,41,106.8073,1
12.6,42,109.4017,1
12.6,43,128.0645,1
12.6,44,174.0104,1
12.6,45,195.4783,1
12.6,46,185.9279,1
12.6,47,212.3685,0
12.6,48,223.8729,0
12.6,49,194.1308,1
12.7,0,153.8361,1
12.7,1,192.9003,1
12.7,2,175.413,1
12.7,3,86.7251,1
12.7,4,72.613,1
12.7,5,68.8027,1
12.7,6,196.024,1
12.7,7,149.0441,1
12.7,8,249.7711,0
12.7,9,166.5101,1
12.7,10,144.7514,1
12.7,11,190.9175,1
12.7,12,172.8793,1
12.7,13,109.0365,1
12.7,14,150.2406,1
12.7,15,87.4481,1
12.7,16,121.4325,1
12.7,17,164.5965,1
12.7,18,226.6523,0
12.7,19,130.5488,1
12.7,20,174.6488,1
12.7,21,129.398,1
12.7,22,190.2949,1
12.7,23,208.7303,0
12.7,24,263.1645,0
12.7,25,177.7585,1
12.7,26,203.2654,0
12.7,27,208.7612,0
12.7,28,208.6518,0
12.7,29,111.3844,1
12.7,30,184.2121,1
12.7,31,123.676,1
12.7,32,89.0806,1
12.7,33,212.9173,0
12.7,34,201.9489,0
12.7,35,254.5302,0
12.7,36,53.9248,1
12.7,37,138.0454,1
12.7,38,187.2768,1
12.7,39,225.7135,0
12.7,40,193.0578,1
12.7,41,107.4157,1
12.7,42,106.7209,1
12.7,43,128.936,1
12.7,44,171.7208,1
12.7,45,197.7828,1
12.7,46,186.2256,1
12.7,47,213.8088,0
12.7,48,222.5623,0
12.7,49,192.7176,1
12.8,0,152.2433,1
12.8,1,191.5294,1
12.8,2,174.4505,1
12.8,3,87.1065,1
12.8,4,72.4592,1
12.8,5,70.4036,1
12.8,6,196.1781,1
12.8,7,148.5835,1
12.8,8,250.1641,0
12.8,9,166.2521,1
12.8,10,145.2633,1
12.8,11,189.3597,1
12.8,12,172.61,1
12.8,13,108.5198,1
12.8,14,149.3869,1
12.8,15,86.5363,1
12.8,16,122.2146,1
12.8,17,163.9018,1
12.8,18,228.4819,0
12.8,19,131.275,1
12.8,20,174.6115,1
12.8,21,130.5789,1
12.8,22,189.3949,1
12.8,23,207.3487,0
12.8,24,263.0033,0
12.8,25,177.6512,1
12.8,26,205.217,0
12.8,27,210.2298,0
12.8,28,209.1265,0
12.8,29,110.6874,1
12.8,30,187.5884,1
12.8,31,123.7191,1
12.8,32,88.4829,1
12.8,33,214.1215,0
12.8,34,200.8394,0
12.8,35,254.0614,0
12.8,36,53.7456,1
12.8,37,137.9214,1
12.8,38,186.9649,1
12.8,39,226.5017,0
12.8,40,193.7893,1
12.8,41,107.5139,1
12.8,42,106.1617,1
12.8,43,129.7531,1
12.8,44,172.9633,1
12.8,45,195.7806,1
12.8,46,185.8595,1
12.8,47,212.5603,0
12.8,48,222.697,0
12.8,49,190.0175,1
12.9,0,151.6561,1
12.9,1,191.3585,1
12.9,2,175.5499,1
12.9,3,87.0022,1
12.9,4,72.7781,1
12.9,5,69.7765,1
12.9,6,196.4241,1
12.9,7,148.7351,1
12.9,8,250.2448,0
12.9,9,165.7336,1
12.9,10,148.2547,1
12.9,11,188.6179,1
12.9,12,172.825,1
12.9,13,107.6202,1
12.9,14,149.8473,1
12.9,15,84.6109,1
12.9,16,121.1912,1
12.9,17,164.9572,1
12.9,18,230.3412,0
12.9,19,132.0676,1
12.9,20,175.5854,1
12.9,21,132.3025,1
12.9,22,190.0632,1
12.9,23,205.9486,0
12.9,24,264.4901,0
12.9,25,177.5673,1
12.9,26,207.1543,0
12.9,27,210.3973,0
12.9,28,208.1794,0
12.9,29,113.6561,1
12.9,30,188.2549,1
12.9,31,123.6751,1
12.9,32,88.547,1
12.9,33,215.8266,0
12.9,34,201.0283,0
12.9,35,252.1225,0
12.9,36,53.2451,1
12.9,37,137.9327,1
12.9,38,185.8962,1
12.9,39,226.2965,0
12.9,40,192.982,1
12.9,41,106.4751,1
12.9,42,103.0863,1
12.9,43,128.763,1
12.9,44,172.7679,1
12.9,45,195.7409,1
12.9,46,185.0169,1
12.9,47,211.8121,0
12.9,48,221.9261,0
12.9,49,188.0012,1
13.0,0,152.4726,1
13.0,1,190.7274,1
13.0,2,175.4218,1
13.0,3,86.4883,1
13.0,4,73.626,1
13.0,5,67.6179,1
13.0,6,195.8059,1
13.0,7,148.4182,1
13.0,8,248.603,0
13.0,9,165.8952,1
13.0,10,149.5131,1
13.0,11,188.5767,1
13.0,12,172.6164,1
13.0,13,107.6025,1
13.0,14,148.7159,1
13.0,15,85.0847,1
13.0,16,121.2789,1
13.0,17,165.0101,1
13.0,18,230.9533,0
13.0,19,131.0245,1
13.0,20,175.5275,1
13.0,21,130.2635,1
13.0,22,190.5266,1
13.0,23,204.0424,0
13.0,24,264.7134,0
13.0,25,177.6774,1
13.0,26,206.8734,0
13.0,27,209.2572,0
13.0,28,207.7501,0
13.0,29,114.4162,1
13.0,30,186.3305,1
13.0,31,124.2129,1
13.0,32,89.0622,1
13.0,33,215.9462,0
13.0,34,201.9495,0
13.0,35,251.9641,0
13.0,36,52.9212,1
13.0,37,137.905,1
13.0,38,187.7325,1
13.0,39,226.0916,0
13.0,40,192.2385,1
13.0,41,105.9842,1
13.0,42,100.8864,1
13.0,43,128.147,1
13.0,44,172.083,1
13.0,45,196.0702,1
13.0,46,185.2015,1
13.0,47,212.3652,0
13.0,48,224.1847,0
13.0,49,189.7063,1
13.1,0,151.9146,1
13.1,1,193.3877,1
13.1,2,173.8506,1
13.1,3,87.1778,1
13.1,4,72.7683,1
13.1,5,69.7293,1
13.1,6,194.9497,1
13.1,7,149.0282,1
13.1,8,247.013,0
13.1,9,164.9467,1
13.1,10,150.0186,1
13.1,11,186.3063,1
13.1,12,173.086,1
13.1,13,105.9694,1
13.1,14,147.6975,1
13.1,15,85.7622,1
13.1,16,120.7424,1
13.1,17,165.4475,1
13.1,18,230.562,0
13.1,19,131.7691,1
13.1,20,175.8887,1
13.1,21,130.6655,1
13.1,22,190.6995,1
13.1,23,205.1859,0
13.1,24,265.5601,0
13.1,25,177.665,1
13.1,26,205.737,0
13.1,27,209.6925,0
13.1,28,207.0609,0
13.1,29,114.13,1
13.1,30,185.8566,1
13.1,31,124.4247,1
13.1,32,88.3354,1
13.1,33,217.0984,0
13.1,34,201.7909,0
13.1,35,252.6001,0
13.1,36,53.2511,1
13.1,37,137.8086,1
13.1,38,188.5383,1
13.1,39,225.8823,0
13.1,40,192.4798,1
13.1,41,105.0525,1
13.1,42,102.1848,1
13.1,43,128.1854,1
13.1,44,173.5077,1
13.1,45,193.9576,1
13.1,46,184.6907,1
13.1,47,210.078,0
13.1,48,224.0219,0
13.1,49,188.7,1
13.2,0,151.8747,1
13.2,1,193.7356,1
13.2,2,174.515,1
13.2,3,87.1263,1
13.2,4,72.309,1
13.2,5,70.1048,1
13.2,6,192.888,1
13.2,7,149.1017,1
13.2,8,246.665,0
13.2,9,164.3441,1
13.2,10,149.7963,1
13.2,11,185.9499,1
13.2,12,173.3158,1
13.2,13,106.8189,1
13.2,14,146.6,1
13.2,15,84.4889,1
13.2,16,121.034,1
13.2,17,164.9273,1
13.2,18,231.4276,0
13.2,19,132.3665,1
13.2,20,176.9215,1
13.2,21,130.8231,1
13.2,22,190.6318,1
13.2,23,203.2537,0
13.2,24,264.5091,0
13.2,25,177.2337,1
13.2,26,207.1688,0
13.2,27,209.7439,0
13.2,28,207.566,0
13.2,29,115.884,1
13.2,30,188.4631,1
13.2,31,123.909,1
13.2,32,85.9181,1
13.2,33,216.3349,0
13.2,34,203.0725,0
13.2,35,252.7752,0
13.2,36,53.4906,1
13.2,37,137.6953,1
13.2,38,188.239,1
13.2,39,225.6609,0
13.2,40,192.318,1
13.2,41,104.5182,1
13.2,42,100.6487,1
13.2,43,127.8738,1
13.2,44,171.7178,1
13.2,45,195.9817,1
13.2,46,183.8572,1
13.2,47,209.7645,0
13.2,48,223.9919,0
13.2,49,186.2004,1
13.3,0,152.6331,1
13.3,1,191.3144,1
13.3,2,174.0256,1
13.3,3,86.7347,1
13.3,4,71.1646,1
13.3,5,71.1547,1
13.3,6,192.7134,1
13.3,7,148.7643,1
13.3,8,246.8963,0
13.3,9,164.4934,1
13.3,10,149.3752,1
13.3,11,187.0031,1
13.3,12,173.359,1
13.3,13,109.3906,1
13.3,14,146.7928,1
13.3,15,82.7935,1
13.3,16,119.4826,1
13.3,17,164.7633,1
13.3,18,229.7856,0
13.3,19,133.1839,1
13.3,20,177.3527,1
13.3,21,131.1779,1
13.3,22,192.3903,1
13.3,23,202.0544,0
13.3,24,262.9871,0
13.3,25,177.1563,1
13.3,26,208.8066,0
13.3,27,208.4989,0
13.3,28,207.8308,0
13.3,29,115.4962,1
13.3,30,187.0344,1
13.3,31,123.7558,1
13.3,32,85.9051,1
13.3,33,214.3593,0
13.3,34,203.4192,0
13.3,35,251.6373,0
13.3,36,52.6653,1
13.3,37,137.3227,1
13.3,38,186.778,1
13.3,39,223.77,0
13.3,40,192.3137,1
13.3,41,106.017,1
13.3,42,101.6695,1
13.3,43,126.8145,1
13.3,44,170.5983,1
13.3,45,197.8823,1
13.3,46,184.6408,1
13.3,47,210.6171,0
13.3,48,222.3711,0
13.3,49,186.0664,1
13.4,0,151.6012,1
13.4,1,191.7545,1
13.4,2,173.0068,1
13.4,3,87.0665,1
13.4,4,69.9726,1
13.4,5,72.2019,1
13.4,6,192.4253,1
13.4,7,149.05,1
13.4,8,246.3935,0
13.4,9,163.0992,1
13.4,10,146.2139,1
13.4,11,189.2779,1
13.4,12,173.2463,1
13.4,13,108.634,1
13.4,14,147.8578,1
13.4,15,80.4401,1
13.4,16,120.7832,1
13.4,17,164.3519,1
13.4,18,231.4819,0
13.4,19,132.004,1
13.4,20,177.5147,1
13.4,21,129.9763,1
13.4,22,194.8371,1
13.4,23,203.9246,0
13.4,24,262.9793,0
13.4,25,176.6689,1
13.4,26,209.7691,0
13.4,27,209.4564,0
13.4,28,207.4731,0
13.4,29,115.9933,1
13.4,30,189.9884,1
13.4,31,123.8198,1
13.4,32,86.3382,1
13.4,33,214.5972,0
13.4,34,203.4849,0
13.4,35,252.6207,0
13.4,36,53.4121,1
13.4,37,137.3484,1
13.4,38,185.1872,1
13.4,39,225.8566,0
13.4,40,193.5113,1
13.4,41,106.9877,1
13.4,42,103.5199,1
13.4,43,127.981,1
13.4,44,172.7721,1
13.4,45,198.6688,1
13.4,46,184.7194,1
13.4,47,212.4188,0
13.4,48,221.4038,0
13.4,49,187.5192,1
13.5,0,152.0259,1
13.5,1,191.9961,1
13.5,2,171.5908,1
13.5,3,88.061,1
13.5,4,70.9711,1
13.5,5,70.0335,1
13.5,6,192.0417,1
13.5,7,148.4863,1
13.5,8,248.0693,0
13.5,9,162.184,1
13.5,10,143.2536,1
13.5,11,190.6684,1
13.5,12,173.7881,1
13.5,13,111.1819,1
13.5,14,148.2447,1
13.5,15,80.0893,1
13.5,16,122.2796,1
13.5,17,164.3251,1
13.5,18,230.9884,0
13.5,19,132.2063,1
13.5,20,176.5731,1
13.5,21,129.0789,1
13.5,22,193.8539,1
13.5,23,203.8578,0
13.5,24,261.3046,0
13.5,25,177.1776,1
13.5,26,209.5707,0
13.5,27,210.6918,0
13.5,28,207.4649,0
13.5,29,114.4149,1
13.5,30,187.1129,1
13.5,31,123.4083,1
13.5,32,86.9185,1
13.5,33,214.9796,0
13.5,34,204.0928,0
13.5,35,254.0329,0
13.5,36,53.1201,1
13.5,37,137.2876,1
13.5,38,188.1358,1
13.5,39,226.5633,0
13.5,40,193.1871,1
13.5,41,107.8424,1
13.5,42,103.6314,1
13.5,43,129.7792,1
13.5,44,173.5118,1
13.5,45,196.6246,1
13.5,46,185.6604,1
13.5,47,211.1047,0
13.5,48,220.7893,0
13.5,49,184.767,1
13.6,0,151.9867,1
13.6,1,193.2021,1
13.6,2,172.0288,1
13.6,3,88.5779,1
13.6,4,70.712,1
13.6,5,69.193,1
13.6,6,192.3014,1
13.6,7,148.6792,1
13.6,8,248.7313,0
13.6,9,162.832,1
13.6,10,143.5034,1
13.6,11,189.6566,1
13.6,12,173.7838,1
13.6,13,109.133,1
13.6,14,147.907,1
13.6,15,79.6792,1
13.6,16,120.6535,1
13.6,17,165.2604,1
13.6,18,230.9069,0
13.6,19,131.8508,1
13.6,20,176.8586,1
13.6,21,130.7162,1
13.6,22,193.9655,1
13.6,23,201.6543,0
13.6,24,262.2066,0
13.6,25,177.4372,1
13.6,26,209.8025,0
13.6,27,210.6089,0
13.6,28,207.6595,0
13.6,29,115.6602,1
13.6,30,188.5742,1
13.6,31,123.8668,1
13.6,32,88.4435,1
13.6,33,216.1592,0
13.6,34,204.0746,0
13.6,35,254.3509,0
13.6,36,53.3472,1
13.6,37,137.2325,1
13.6,38,189.4098,1
13.6,39,225.5516,0
13.6,40,193.5721,1
13.6,41,107.5243,1
13.6,42,104.6973,1
13.6,43,128.567,1
13.6,44,170.5462,1
13.6,45,198.213,1
13.6,46,186.1683,1
13.6,47,208.6665,0
13.6,48,219.7535,0
13.6,49,184.1171,1
13.7,0,153.6113,1
13.7,1,194.0606,1
13.7,2,172.1426,1
13.7,3,88.4197,1
13.7,4,69.3786,1
13.7,5,68.728,1
13.7,6,192.3041,1
13.7,7,148.286,1
13.7,8,248.2924,0
13.7,9,163.3765,1
13.7,10,144.1028,1
13.7,11,189.8087,1
13.7,12,174.0165,1
13.7,13,109.3072,1
13.7,14,148.7906,1
13.7,15,81.5827,1
13.7,16,120.8782,1
13.7,17,165.206,1
13.7,18,229.432,0
13.7,19,132.0896,1
13.7,20,177.5331,1
13.7,21,129.661,1
13.7,22,196.7431,1
13.7,23,202.023,0
13.7,24,263.7757,0
13.7,25,177.5917,1
13.7,26,211.0041,0
13.7,27,212.1195,0
13.7,28,208.6435,0
13.7,29,118.5184,1
13.7,30,187.7615,1
13.7,31,123.9596,1
13.7,32,86.3781,1
13.7,33,217.7436,0
13.7,34,205.1779,0
13.7,35,256.3108,0
13.7,36,53.6356,1
13.7,37,137.2043,1
13.7,38,188.2621,1
13.7,39,224.8486,0
13.7,40,194.8029,1
13.7,41,108.5032,1
13.7,42,104.8303,1
13.7,43,128.327,1
13.7,44,170.604,1
13.7,45,195.9196,1
13.7,46,185.4748,1
13.7,47,207.516,0
13.7,48,219.9235,0
13.7,49,183.0193,1
13.8,0,152.433,1
13.8,1,193.1612,1
13.8,2,172.2152,1
13.8,3,88.2659,1
13.8,4,69.4274,1
13.8,5,68.6498,1
13.8,6,193.2913,1
13.8,7,147.9033,1
13.8,8,248.4472,0
13.8,9,163.5416,1
13.8,10,142.9523,1
13.8,11,190.216,1
13.8,12,174.0765,1
13.8,13,107.0164,1
13.8,14,148.8038,1
13.8,15,79.152,1
13.8,16,120.3943,1
13.8,17,164.5264,1
13.8,18,230.9106,0
13.8,19,131.8567,1
13.8,20,178.0038,1
13.8,21,129.2237,1
13.8,22,195.4285,1
13.8,23,204.752,0
13.8,24,264.9499,0
13.8,25,177.1835,1
13.8,26,210.5292,0
13.8,27,212.9949,0
13.8,28,208.8316,0
13.8,29,117.4006,1
13.8,30,189.1132,1
13.8,31,123.7163,1
13.8,32,87.1426,1
13.8,33,219.8404,0
13.8,34,205.223,0
13.8,35,256.8832,0
13.8,36,54.4632,1
13.8,37,136.8153,1
13.8,38,187.8938,1
13.8,39,225.5437,0
13.8,40,195.0123,1
13.8,41,107.6524,1
13.8,42,106.6369,1
13.8,43,128.4997,1
13.8,44,171.5515,1
13.8,45,196.9314,1
13.8,46,185.4997,1
13.8,47,206.4159,0
13.8,48,220.2358,0
13.8,49,185.4686,1
13.9,0,153.6643,1
13.9,1,191.4842,1
13.9,2,173.4125,1
13.9,3,88.3117,1
13.9,4,69.2604,1
13.9,5,68.891,1
13.9,6,193.2024,1
13.9,7,147.5792,1
13.9,8,246.9753,0
13.9,9,163.3151,1
13.9,10,145.2202,1
13.9,11,191.7218,1
13.9,12,173.8463,1
13.9,13,106.791,1
13.9,14,148.1734,1
13.9,15,79.6327,1
13.9,16,120.191,1
13.9,17,165.0239,1
13.9,18,231.8341,0
13.9,19,130.7888,1
13.9,20,178.1998,1
13.9,21,128.955,1
13.9,22,195.9969,1
13.9,23,204.6396,0
13.9,24,265.5324,0
13.9,25,176.7284,1
13.9,26,209.244,0
13.9,27,212.2502,0
13.9,28,209.6983,0
13.9,29,116.0291,1
13.9,30,189.4099,1
13.9,31,123.5304,1
13.9,32,88.3876,1
13.9,33,218.0686,0
13.9,34,204.3685,0
13.9,35,257.2563,0
13.9,36,53.741,1
13.9,37,137.0818,1
13.9,38,190.2154,1
13.9,39,224.4794,0
13.9,40,194.5618,1
13.9,41,106.1346,1
13.9,42,105.6534,1
13.9,43,128.0906,1
13.9,44,171.6465,1
13.9,45,197.9784,1
13.9,46,186.1968,1
13.9,47,207.8412,0
13.9,48,219.7294,0
13.9,49,184.8898,1
14.0,0,153.8779,1
14.0,1,193.23,1
14.0,2,175.6393,1
14.0,3,88.3384,1
14.0,4,69.0405,1
14.0,5,70.579,1
14.0,6,192.5625,1
14.0,7,147.5869,1
14.0,8,247.0501,0
14.0,9,164.8326,1
14.0,10,144.6251,1
14.0,11,190.4499,1
14.0,12,173.8177,1
14.0,13,107.0971,1
14.0,14,148.0314,1
14.0,15,77.3374,1
14.0,16,120.9483,1
14.0,17,165.2721,1
14.0,18,231.6937,0
14.0,19,131.2861,1
14.0,20,179.3013,1
14.0,21,130.568,1
14.0,22,196.306,1
14.0,23,204.5858,0
14.0,24,266.1004,0
14.0,25,177.3984,1
14.0,26,208.7323,0
14.0,27,210.626,0
14.0,28,209.7317,0
14.0,29,112.8878,1
14.0,30,186.1537,1
14.0,31,124.0828,1
14.0,32,86.3782,1
14.0,33,217.6029,0
14.0,34,204.0296,0
14.0,35,255.1039,0
14.0,36,54.331,1
14.0,37,137.2991,1
14.0,38,190.9705,1
14.0,39,224.6918,0
14.0,40,195.6191,1
14.0,41,104.9035,1
14.0,42,108.4579,1
14.0,43,128.2982,1
14.0,44,171.9421,1
14.0,45,197.534,1
14.0,46,185.1256,1
14.0,47,207.6579,0
14.0,48,218.7476,0
14.0,49,186.4506,1
14.1,0,152.7318,1
14.1,1,193.3813,1
14.1,2,176.1801,1
14.1,3,88.6355,1
14.1,4,68.5719,1
14.1,5,69.8034,1
14.1,6,191.9551,1
14.1,7,148.2906,1
14.1,8,247.1148,0
14.1,9,165.6408,1
14.1,10,143.1067,1
14.1,11,189.2816,1
14.1,12,173.3603,1
14.1,13,109.0687,1
14.1,14,147.2727,1
14.1,15,79.4353,1
14.1,16,120.5897,1
14.1,17,165.4847,1
14.1,18,230.61,0
14.1,19,131.2734,1
14.1,20,178.7292,1
14.1,21,130.8899,1
14.1,22,195.8818,1
14.1,23,204.5585,0
14.1,24,264.8236,0
14.1,25,177.5779,1
14.1,26,206.815,0
14.1,27,209.9615,0
14.1,28,209.5938,0
14.1,29,115.9454,1
14.1,30,184.6978,1
14.1,31,124.4347,1
14.1,32,87.2555,1
14.1,33,217.5519,0
14.1,34,202.7661,0
14.1,35,256.4777,0
14.1,36,54.2741,1
14.1,37,137.598,1
14.1,38,192.209,1
14.1,39,225.5909,0
14.1,40,195.0358,1
14.1,41,106.5482,1
14.1,42,107.6603,1
14.1,43,127.8304,1
14.1,44,174.3092,1
14.1,45,196.1302,1
14.1,46,185.0478,1
14.1,47,208.9074,0
14.1,48,221.1577,0
14.1,49,187.3364,1
14.2,0,151.5183,1
14.2,1,192.7743,1
14.2,2,176.5045,1
14.2,3,88.2267,1
14.2,4,70.0722,1
14.2,5,72.4021,1
14.2,6,192.0331,1
14.2,7,147.9413,1
14.2,8,247.7561,0
14.2,9,163.9693,1
14.2,10,142.2818,1
14.2,11,189.2808,1
14.2,12,173.3019,1
14.2,13,110.2269,1
14.2,14,147.9194,1
14.2,15,82.0611,1
14.2,16,122.0304,1
14.2,17,164.9301,1
14.2,18,229.3184,0
14.2,19,131.5245,1
14.2,20,178.7401,1
14.2,21,130.6228,1
14.2,22,194.1217,1
14.2,23,205.3555,0
14.2,24,263.8604,0
14.2,25,178.0793,1
14.2,26,206.0151,0
14.2,27,209.9709,0
14.2,28,209.1604,0
14.2,29,113.2723,1
14.2,30,182.296,1
14.2,31,123.8922,1
14.2,32,89.8559,1
14.2,33,216.4443,0
14.2,34,202.4373,0
14.2,35,258.4094,0
14.2,36,54.3268,1
14.2,37,137.2914,1
14.2,38,189.68,1
14.2,39,224.3324,0
14.2,40,195.1245,1
14.2,41,106.8633,1
14.2,42,109.7231,1
14.2,43,127.8003,1
14.2,44,173.0229,1
14.2,45,198.2112,1
14.2,46,185.7621,1
14.2,47,207.0563,0
14.2,48,218.6768,0
14.2,49,186.9656,1
14.3,0,152.0909,1
14.3,1,192.1096,1
14.3,2,178.037,1
14.3,3,87.4295,1
14.3,4,70.0741,1
14.3,5,71.862,1
14.3,6,192.0422,1
14.3,7,148.4985,1
14.3,8,248.8541,0
14.3,9,162.3159,1
14.3,10,140.4195,1
14.3,11,187.9839,1
14.3,12,173.1002,1
14.3,13,107.9744,1
14.3,14,148.0172,1
14.3,15,79.0597,1
14.3,16,121.9469,1
14.3,17,165.3506,1
14.3,18,229.7498,0
14.3,19,130.6239,1
14.3,20,179.9141,1
14.3,21,131.999,1
14.3,22,194.0674,1
14.3,23,207.2627,0
14.3,24,263.5721,0
14.3,25,178.0062,1
14.3,26,207.2226,0
14.3,27,210.9371,0
14.3,28,209.4902,0
14.3,29,114.2239,1
14.3,30,180.6617,1
14.3,31,123.5162,1
14.3,32,90.3164,1
14.3,33,216.8149,0
14.3,34,201.3924,0
14.3,35,259.0395,0
14.3,36,54.7396,1
14.3,37,137.8919,1
14.3,38,190.3796,1
14.3,39,224.3667,0
14.3,40,195.4484,1
14.3,41,106.9704,1
14.3,42,111.621,1
14.3,43,128.4681,1
14.3,44,171.1541,1
14.3,45,198.2013,1
14.3,46,185.4111,1
14.3,47,206.649,0
14.3,48,217.8072,0
14.3,49,189.392,1
14.4,0,151.2983,1
14.4,1,193.8238,1
14.4,2,179.9278,1
14.4,3,87.0096,1
14.4,4,69.7051,1
14.4,5,71.1181,1
14.4,6,191.6338,1
14.4,7,148.4056,1
14.4,8,248.8979,0
14.4,9,163.3384,1
14.4,10,137.4963,1
14.4,11,190.2899,1
14.4,12,173.0956,1
14.4,13,106.6073,1
14.4,14,148.8203,1
14.4,15,76.9262,1
14.4,16,122.1859,1
14.4,17,165.8451,1
14.4,18,228.614,0
14.4,19,130.4562,1
14.4,20,179.6362,1
14.4,21,130.7716,1
14.4,22,196.8574,1
14.4,23,209.8026,0
14.4,24,262.6597,0
14.4,25,178.1996,1
14.4,26,208.3121,0
14.4,27,209.7304,0
14.4,28,209.5522,0
14.4,29,113.8418,1
14.4,30,183.7117,1
14.4,31,123.2609,1
14.4,32,87.613,1
14.4,33,217.5484,0
14.4,34,201.6019,0
14.4,35,257.4941,0
14.4,36,54.5494,1
14.4,37,138.0115,1
14.4,38,191.7045,1
14.4,39,224.0826,0
14.4,40,196.3018,1
14.4,41,107.8843,1
14.4,42,111.963,1
14.4,43,129.3681,1
14.4,44,169.0933,1
14.4,45,199.9157,1
14.4,46,185.2889,1
14.4,47,207.6659,0
14.4,48,216.751,0
14.4,49,190.8771,1
14.5,0,149.4248,1
14.5,1,195.3939,1
14.5,2,177.5955,1
14.5,3,86.2055,1
14.5,4,70.4035,1
14.5,5,73.3925,1
14.5,6,193.2005,1
14.5,7,148.0143,1
14.5,8,249.9421,0
14.5,9,160.9715,1
14.5,10,137.8121,1
14.5,11,188.7858,1
14.5,12,173.2639,1
14.5,13,106.5947,1
14.5,14,148.3798,1
14.5,15,78.4105,1
14.5,16,122.694,1
14.5,17,165.7504,1
14.5,18,230.3261,0
14.5,19,130.4315,1
14.5,20,178.4811,1
14.5,21,131.008,1
14.5,22,196.0558,1
14.5,23,208.8621,0
14.5,24,263.7529,0
14.5,25,178.403,1
14.5,26,208.3815,0
14.5,27,208.2393,0
14.5,28,209.4798,0
14.5,29,114.5311,1
14.5,30,183.9702,1
14.5,31,123.7265,1
14.5,32,87.4725,1
14.5,33,217.1713,0
14.5,34,201.3371,0
14.5,35,257.6358,0
14.5,36,55.2653,1
14.5,37,137.8508,1
14.5,38,193.6347,1
14.5,39,222.4457,0
14.5,40,196.3197,1
14.5,41,107.764,1
14.5,42,112.3019,1
14.5,43,130.303,1
14.5,44,166.0928,1
14.5,45,198.8417,1
14.5,46,185.1423,1
14.5,47,208.0736,0
14.5,48,216.7574,0
14.5,49,188.772,1
14.6,0,148.8272,1
14.6,1,197.1303,1
14.6,2,175.6551,1
14.6,3,86.7008,1
14.6,4,70.2536,1
14.6,5,75.5979,1
14.6,6,194.2071,1
14.6,7,147.1843,1
14.6,8,250.2062,0
14.6,9,162.2693,1
14.6,10,135.5009,1
14.6,11,188.577,1
14.6,12,173.412,1
14.6,13,106.084,1
14.6,14,147.5907,1
14.6,15,77.3423,1
14.6,16,123.0533,1
14.6,17,165.3077,1
14.6,18,230.2814,0
14.6,19,130.7188,1
14.6,20,179.1735,1
14.6,21,131.546,1
14.6,22,194.5337,1
14.6,23,207.7071,0
14.6,24,263.397,0
14.6,25,178.77,1
14.6,26,209.4022,0
14.6,27,209.5819,0
14.6,28,209.626,0
14.6,29,114.5187,1
14.6,30,184.0937,1
14.6,31,123.4831,1
14.6,32,88.0206,1
14.6,33,214.8976,0
14.6,34,201.2027,0
14.6,35,256.7269,0
14.6,36,55.3478,1
14.6,37,137.3104,1
14.6,38,193.7355,1
14.6,39,221.1796,0
14.6,40,196.7054,1
14.6,41,107.4367,1
14.6,42,113.3098,1
14.6,43,128.877,1
14.6,44,166.426,1
14.6,45,199.1483,1
14.6,46,183.9624,1
14.6,47,209.0649,0
14.6,48,217.1725,0
14.6,49,188.5286,1
14.7,0,148.9713,1
14.7,1,195.9281,1
14.7,2,173.1747,1
14.7,3,86.5638,1
14.7,4,70.7889,1
14.7,5,75.2438,1
14.7,6,193.8112,1
14.7,7,147.106,1
14.7,8,250.5213,0
14.7,9,163.0646,1
14.7,10,133.2152,1
14.7,11,188.6669,1
14.7,12,173.7344,1
14.7,13,107.6497,1
14.7,14,147.6905,1
14.7,15,75.2994,1
14.7,16,123.5307,1
14.7,17,165.1961,1
14.7,18,230.1913,0
14.7,19,130.7397,1
14.7,20,179.1424,1
14.7,21,131.0845,1
14.7,22,196.103,1
14.7,23,210.2282,0
14.7,24,263.8956,0
14.7,25,179.214,1
14.7,26,208.1218,0
14.7,27,209.8699,0
14.7,28,210.6571,0
14.7,29,114.8921,1
14.7,30,185.161,1
14.7,31,124.0811,1
14.7,32,85.4455,1
14.7,33,213.4326,0
14.7,34,200.9362,0
14.7,35,255.9512,0
14.7,36,55.4402,1
14.7,37,136.8498,1
14.7,38,194.5406,1
14.7,39,222.8688,0
14.7,40,197.149,1
14.7,41,108.461,1
14.7,42,111.3215,1
14.7,43,129.9332,1
14.7,44,169.5367,1
14.7,45,199.444,1
14.7,46,182.7143,1
14.7,47,209.3117,0
14.7,48,218.1463,0
14.7,49,188.4526,1
14.8,0,149.3766,1
14.8,1,196.2665,1
14.8,2,174.3543,1
14.8,3,85.9125,1
14.8,4,71.4006,1
14.8,5,77.5079,1
14.8,6,194.7481,1
14.8,7,146.2548,1
14.8,8,251.3992,0
14.8,9,162.604,1
14.8,10,131.529,1
14.8,11,188.0592,1
14.8,12,173.5236,1
14.8,13,108.5077,1
14.8,14,146.8833,1
14.8,15,77.4259,1
14.8,16,122.4589,1
14.8,17,164.6295,1
14.8,18,230.659,0
14.8,19,131.348,1
14.8,20,178.726,1
14.8,21,132.9156,1
14.8,22,193.9212,1
14.8,23,210.6468,0
14.8,24,264.22,0
14.8,25,179.3603,1
14.8,26,208.3981,0
14.8,27,209.4901,0
14.8,28,209.6119,0
14.8,29,114.6621,1
14.8,30,187.9235,1
14.8,31,123.7407,1
14.8,32,86.793,1
14.8,33,215.1672,0
14.8,34,201.1788,0
14.8,35,258.0782,0
14.8,36,55.6424,1
14.8,37,136.5342,1
14.8,38,194.7001,1
14.8,39,222.9327,0
14.8,40,197.3856,1
14.8,41,108.0013,1
14.8,42,108.422,1
14.8,43,130.804,1
14.8,44,170.2516,1
14.8,45,197.6328,1
14.8,46,182.4813,1
14.8,47,208.6991,0
14.8,48,218.1356,0
14.8,49,189.222,1
14.9,0,147.9867,1
14.9,1,196.7975,1
14.9,2,175.1433,1
14.9,3,85.9854,1
14.9,4,70.7356,1
14.9,5,77.2912,1
14.9,6,196.3868,1
14.9,7,146.4029,1
14.9,8,250.9559,0
14.9,9,162.8257,1
14.9,10,134.3128,1
14.9,11,187.8727,1
14.9,12,174.0453,1
14.9,13,110.6837,1
14.9,14,146.447,1
14.9,15,78.1378,1
14.9,16,123.4461,1
14.9,17,164.6491,1
14.9,18,230.4394,0
14.9,19,131.5112,1
14.9,20,177.9121,1
14.9,21,134.2851,1
14.9,22,194.6867,1
14.9,23,212.5552,0
14.9,24,265.5716,0
14.9,25,179.2431,1
14.9,26,208.033,0
14.9,27,210.627,0
14.9,28,209.2806,0
14.9,29,115.1912,1
14.9,30,189.5192,1
14.9,31,123.5597,1
14.9,32,86.8197,1
14.9,33,216.0917,0
14.9,34,200.2819,0
14.9,35,257.8254,0
14.9,36,55.4532,1
14.9,37,136.9105,1
14.9,38,195.7479,1
14.9,39,221.2183,0
14.9,40,198.3617,1
14.9,41,108.0579,1
14.9,42,106.2278,1
14.9,43,129.5721,1
14.9,44,169.8789,1
14.9,45,196.9871,1
14.9,46,182.7697,1
14.9,47,208.5685,0
14.9,48,218.9495,0
14.9,49,189.3193,1
